{"type":"FeatureCollection","name":"nielsen_dma","features":[{"type":"Feature","properties":{"id":662,"name":"Abilene-Sweetwater, TX","latitude":32.404348,"tvperc":89.2,"dma":662,"cableperc":38.2,"adsperc":51.8,"longitude":-99.8293625},"geometry":{"type":"Polygon","coordinates":[[[-98.6699421,31.7013919],[-98.9242156,32.0789995],[-98.473458,32.3000987],[-98.473458,32.5137451],[-98.577479,32.5162293],[-98.577479,32.9534592],[-99.4732152,32.9559435],[-99.4732152,33.3981419],[-100.5192039,33.3981419],[-100.5192039,32.9633963],[-101.1722244,32.9633963],[-101.1837823,32.0864523],[-100.2360356,32.0814837],[-100.2360356,31.5821474],[-99.7043729,31.5771788],[-99.6292466,31.4678714],[-99.3171837,31.4107334],[-99.2362785,31.4827769],[-99.0108997,31.4728399],[-98.6699421,31.7013919]]]},"id":662},{"type":"Feature","properties":{"id":525,"name":"Albany, GA","latitude":31.5279975,"tvperc":92.7,"dma":525,"cableperc":50.9,"adsperc":42.6,"longitude":-83.7121235},"geometry":{"type":"Polygon","coordinates":[[[-84.6386685,31.4330917],[-84.6444474,31.2591935],[-84.5346475,31.2567092],[-84.5404265,31.0778424],[-83.1997117,31.025673],[-83.165038,31.1474017],[-83.0494592,31.1846657],[-82.6738279,31.1846657],[-82.6969437,31.2790676],[-82.6275963,31.274099],[-82.5987016,31.5573047],[-82.6275963,31.6715807],[-82.8356383,31.6715807],[-82.8356383,31.8156679],[-83.0032276,31.7759197],[-83.1823749,31.8529318],[-83.6100167,31.8529318],[-83.6100167,32.0293143],[-83.9625322,32.0317985],[-83.9220796,31.912554],[-84.3381635,31.8728058],[-84.4421844,31.9672078],[-84.5982159,31.9200068],[-84.5462054,31.6218955],[-84.8293736,31.6020214],[-84.788921,31.435576],[-84.6386685,31.4330917]]]},"id":525},{"type":"Feature","properties":{"id":532,"name":"Albany-Schenectady-Troy, NY","latitude":43.049266,"tvperc":92.1,"dma":532,"cableperc":75.3,"adsperc":17.2,"longitude":-73.8438695},"geometry":{"type":"Polygon","coordinates":[[[-73.0229931,42.7414461],[-72.93053,42.7389618],[-72.9940984,43.1190537],[-72.8669616,43.1116009],[-72.8207301,43.3004047],[-73.2541508,43.3153103],[-73.2483719,43.5537993],[-73.3061613,43.6283271],[-73.433298,43.5860947],[-73.3812876,43.8071939],[-74.0574239,43.7450874],[-74.045866,43.7972569],[-74.2134553,43.8096782],[-74.3348131,43.9264384],[-74.2539079,43.9686708],[-74.2828027,44.1202107],[-74.854918,44.0705255],[-74.7740128,43.4867243],[-74.8664759,43.3401529],[-74.7104444,43.2854992],[-74.7624549,42.8631749],[-74.6468761,42.8283952],[-74.6295392,42.6271701],[-74.7104444,42.5178626],[-74.4272762,42.3489329],[-74.5370762,42.2023615],[-74.0747607,42.0955383],[-73.9996345,42.1775189],[-73.9302871,42.0781485],[-73.5257611,41.9787781],[-73.5199822,42.0508216],[-73.0518878,42.0408846],[-72.9998773,42.311669],[-73.0692246,42.3812283],[-73.0114352,42.378744],[-72.9536458,42.6395914],[-73.0229931,42.7414461]]]},"id":532},{"type":"Feature","properties":{"id":790,"name":"Albuquerque-Santa Fe, NM","latitude":34.4952755,"tvperc":83.3,"dma":790,"cableperc":38.9,"adsperc":44.8,"longitude":-106.526644},"geometry":{"type":"Polygon","coordinates":[[[-104.0270223,31.9995031],[-103.7207383,31.9995031],[-103.7207383,32.5236821],[-103.8132014,32.5286507],[-103.541591,32.5236821],[-103.443349,32.4193432],[-103.2584228,32.4715127],[-103.1832966,32.5907572],[-103.0619388,32.5634303],[-103.0503809,33.5695559],[-103.5126963,33.5695559],[-103.5069174,33.656505],[-103.7207383,33.656505],[-103.7149593,33.8204662],[-103.8420961,33.8204662],[-103.8420961,34.0813135],[-103.946117,34.0837978],[-103.946117,34.6054925],[-104.1310432,34.6054925],[-104.1252643,35.1420928],[-103.8594329,35.2638216],[-103.6398331,35.2414633],[-103.6398331,35.3905189],[-103.3797806,35.3979717],[-103.3624438,36.0861119],[-103.7958645,36.0861119],[-103.7958645,36.173061],[-104.0096854,36.1755453],[-104.0096854,36.9953513],[-105.1539161,36.9953513],[-105.1308004,37.4102228],[-105.1828109,37.6164164],[-105.2983897,37.6586488],[-105.7491473,37.3506005],[-105.772263,37.0450365],[-105.7202525,36.9953513],[-107.4828302,37.0003198],[-107.4828302,37.6387748],[-107.7486615,37.641259],[-108.916008,37.631322],[-109.0431448,37.4847506],[-109.0431448,37.0003198],[-110.0024493,36.9978355],[-110.0024493,35.6637876],[-109.829081,35.6613033],[-109.8521968,34.6626305],[-109.3898814,34.6502092],[-109.0489237,34.8713084],[-109.0489237,31.331237],[-108.210977,31.3337213],[-108.210977,31.7833725],[-107.297904,31.7833725],[-107.297904,32.779561],[-106.887599,32.779561],[-106.3385994,33.0528296],[-106.3790521,32.0019874],[-104.0270223,31.9995031]]]},"id":790},{"type":"Feature","properties":{"id":644,"name":"Alexandria, LA","latitude":31.322628,"tvperc":92.4,"dma":644,"cableperc":54.4,"adsperc":38.8,"longitude":-92.61795},"geometry":{"type":"Polygon","coordinates":[[[-93.3879882,31.3635324],[-93.4399987,31.2765833],[-93.5382407,31.2765833],[-93.5613565,30.8691646],[-92.5211467,30.8940072],[-92.3882311,31.0033146],[-92.2784311,30.9660507],[-92.2379785,30.8492905],[-91.8161157,30.8492905],[-91.6774211,31.1871499],[-91.9085788,31.2964574],[-91.989484,31.2244138],[-92.0010419,31.3237842],[-92.0819471,31.3237842],[-92.1628523,31.4728399],[-92.3824521,31.6194113],[-92.3651153,31.7957938],[-92.6193888,31.798278],[-92.6193888,31.7088446],[-92.9719043,31.7088446],[-92.7176308,31.5225251],[-92.9487885,31.3461426],[-93.3879882,31.3635324]]]},"id":644},{"type":"Feature","properties":{"id":583,"name":"Alpena, MI","latitude":44.856283,"tvperc":90.3,"dma":583,"cableperc":58.0,"adsperc":32.6,"longitude":-83.5733565},"geometry":{"type":"Polygon","coordinates":[[[-83.881627,45.2008641],[-83.8874059,44.5077554],[-83.3210695,44.5127239],[-83.269059,44.713949],[-83.3152906,44.8828787],[-83.4655431,45.0046075],[-83.3846379,45.0766511],[-83.2575011,45.0244816],[-83.3788589,45.2033484],[-83.881627,45.2008641]]]},"id":583},{"type":"Feature","properties":{"id":634,"name":"Amarillo, TX","latitude":35.4797235,"tvperc":91.0,"dma":634,"cableperc":44.6,"adsperc":47.0,"longitude":-102.063253},"geometry":{"type":"Polygon","coordinates":[[[-100.5192039,34.314834],[-100.5192039,33.8353717],[-100.0511095,33.8353717],[-100.0453305,34.2303692],[-99.999099,34.2254007],[-100.0048779,37.002804],[-101.5536346,36.9953513],[-101.5594136,37.3878644],[-102.0390659,37.3903487],[-102.0448448,36.992867],[-104.0096854,36.9953513],[-104.0096854,36.1755453],[-103.7958645,36.173061],[-103.7958645,36.0861119],[-103.3624438,36.0861119],[-103.3797806,35.3979717],[-103.6398331,35.3905189],[-103.6398331,35.2414633],[-103.8594329,35.2638216],[-104.1252643,35.1420928],[-104.1310432,34.6054925],[-103.946117,34.6054925],[-103.946117,34.0837978],[-103.8420961,34.0813135],[-103.8420961,33.8204662],[-103.7149593,33.8204662],[-103.7207383,33.656505],[-103.5069174,33.656505],[-103.5126963,33.5695559],[-103.0503809,33.5695559],[-103.0446019,34.3123498],[-100.5192039,34.314834]]]},"id":634},{"type":"Feature","properties":{"id":524,"name":"Atlanta, GA","latitude":33.9253975,"tvperc":93.9,"dma":524,"cableperc":55.7,"adsperc":38.7,"longitude":-84.3335135},"geometry":{"type":"Polygon","coordinates":[[[-85.6557625,33.1074834],[-85.5921941,33.1074834],[-85.2338996,33.1074834],[-85.1818891,32.8714786],[-84.4999739,32.8838999],[-84.2052478,32.6901276],[-84.1243426,32.9311009],[-84.0434374,32.9484907],[-84.0434374,33.2018853],[-83.8411744,33.1969168],[-83.8180586,33.132326],[-83.274838,33.1869797],[-82.9858908,33.4900595],[-82.9858908,33.7856865],[-82.7778489,33.9720061],[-82.9858908,34.0515024],[-83.1130276,34.2750859],[-83.3557432,34.2229164],[-83.3904168,34.4464999],[-83.4597641,34.4812795],[-83.3037327,34.8166547],[-83.1014697,34.9980057],[-83.5175536,34.9955215],[-83.6446903,35.1520299],[-83.7544902,35.1619669],[-84.1763531,34.953289],[-84.0954479,34.7272213],[-84.187911,34.6030083],[-84.3728371,34.8439816],[-84.6213317,34.8564029],[-84.6560053,34.5831342],[-84.9160578,34.6353037],[-85.5286257,34.5881027],[-85.401489,33.9645533],[-85.6384256,33.8751199],[-85.5864152,33.8453088],[-85.6384256,33.6490522],[-85.8869202,33.4776382],[-85.7828992,33.4701854],[-85.6442046,33.495028],[-85.6557625,33.1074834]]]},"id":524},{"type":"Feature","properties":{"id":520,"name":"Augusta, GA","latitude":33.2388275,"tvperc":89.8,"dma":520,"cableperc":56.3,"adsperc":34.1,"longitude":-81.9064505},"geometry":{"type":"Polygon","coordinates":[[[-82.9858908,33.7856865],[-82.9512172,33.6614735],[-83.0147855,33.4701854],[-82.8240804,33.4254687],[-82.7373963,33.1745584],[-82.5524701,33.0205343],[-82.5235754,32.8217934],[-82.4368912,32.7621712],[-82.4657859,32.6478952],[-82.6449332,32.5137451],[-82.3906597,32.4491543],[-82.355986,32.2926459],[-82.2346282,32.3174885],[-82.1479441,32.5211979],[-81.8416601,32.6478952],[-81.7665338,32.9087425],[-81.5411551,33.0453769],[-81.3966815,32.7447813],[-81.2233132,32.950975],[-80.934366,33.1025149],[-80.8939134,33.0627667],[-80.7956714,33.1770427],[-81.3735657,33.4900595],[-81.1886395,33.6540207],[-81.5353761,33.8328875],[-81.5700498,33.8875412],[-81.4718077,34.076345],[-81.7318602,34.1856525],[-81.8763338,34.1682627],[-82.0092494,33.962069],[-82.2461861,34.019207],[-82.3039755,33.9720061],[-82.3270913,34.0639237],[-82.4831228,34.0813135],[-82.5929227,34.0142385],[-82.564028,33.9546163],[-82.8471962,33.9397107],[-82.9858908,33.7856865]]]},"id":520},{"type":"Feature","properties":{"id":635,"name":"Austin, TX","latitude":30.331427,"tvperc":87.9,"dma":635,"cableperc":61.6,"adsperc":27.3,"longitude":-98.0272995},"geometry":{"type":"Polygon","coordinates":[[[-97.1443011,29.6270342],[-96.8726908,29.6320028],[-96.5721858,29.9624094],[-96.647312,30.1462447],[-96.7917856,30.1611503],[-96.6415331,30.2977846],[-96.7455541,30.320143],[-96.9651539,30.5561477],[-97.155859,30.4567773],[-97.2714379,30.7350145],[-97.8262164,30.911397],[-97.9129006,31.03561],[-98.4387844,31.0306415],[-98.4445633,30.921334],[-99.4847731,30.9412081],[-99.4847731,30.4990097],[-98.5890369,30.4990097],[-98.5890369,30.1387919],[-98.4156686,29.9375668],[-98.3000897,30.0369372],[-98.0284794,29.8481334],[-97.9995847,29.7512473],[-97.866669,29.8555862],[-97.6181745,29.634487],[-97.3176694,29.7835427],[-97.1443011,29.6270342]]]},"id":635},{"type":"Feature","properties":{"id":800,"name":"Bakersfield, CA","latitude":35.291006,"tvperc":85.7,"dma":800,"cableperc":50.5,"adsperc":35.8,"longitude":-119.05459},"geometry":{"type":"Polygon","coordinates":[[[-118.1160853,35.7457682],[-118.0640748,35.7904849],[-120.1965047,35.7880006],[-120.1965047,35.6141023],[-120.0867048,35.6141023],[-120.0000207,35.4402041],[-119.8786629,35.4402041],[-119.8093156,35.2638216],[-119.5550421,35.1793567],[-119.560821,35.0874391],[-119.4741369,35.0775021],[-119.4741369,34.9011196],[-118.8846847,34.7893278],[-118.9366952,34.9358992],[-118.7691058,34.886214],[-118.850011,34.9632261],[-118.7228743,35.0253326],[-118.7459901,35.067565],[-118.5263902,34.9781316],[-118.0582958,35.2464318],[-118.0236222,35.5147319],[-117.9138223,35.601681],[-118.1160853,35.7457682]]]},"id":800},{"type":"Feature","properties":{"id":512,"name":"Baltimore, MD","latitude":38.972515,"tvperc":95.1,"dma":512,"cableperc":74.1,"adsperc":21.6,"longitude":-76.506469},"geometry":{"type":"MultiPolygon","coordinates":[[[[-75.7911068,39.7205852],[-77.2185057,39.7205852],[-77.3109688,39.6386046],[-77.1087058,39.4920332],[-77.189611,39.3404933],[-76.7041798,38.9902125],[-76.7157377,38.7765661],[-76.6174956,38.7194281],[-76.5308115,38.7119754],[-76.5597062,38.8014087],[-76.4903589,38.8386726],[-76.5481483,38.8262513],[-76.4903589,38.9032634],[-76.5076957,38.8958106],[-76.5308115,38.9330745],[-76.5481483,38.9206532],[-76.5597062,38.9529486],[-76.5886009,38.9355588],[-76.6059377,38.9777912],[-76.4499063,38.9405273],[-76.6174956,39.0821302],[-76.5712641,39.0771617],[-76.5654851,39.0622561],[-76.5481483,39.0672246],[-76.4556852,38.975307],[-76.3921169,39.0100866],[-76.5308115,39.0672246],[-76.5423694,39.1094571],[-76.4325695,39.0572876],[-76.4210116,39.0821302],[-76.4325695,39.1342997],[-76.5597062,39.1442367],[-76.5481483,39.2162803],[-76.6001588,39.1541737],[-76.6059377,39.1815006],[-76.5597062,39.2361543],[-76.6290535,39.2734183],[-76.5308115,39.2659655],[-76.5192536,39.223733],[-76.4845799,39.2510599],[-76.478801,39.2759025],[-76.4672431,39.2634812],[-76.5019168,39.2088275],[-76.4441273,39.1964062],[-76.3978958,39.2386386],[-76.5076957,39.3057136],[-76.478801,39.3231035],[-76.4036747,39.2485756],[-76.4441273,39.328072],[-76.3285485,39.3355248],[-76.3401064,39.3727887],[-76.4152326,39.38521],[-76.3632221,39.4125368],[-76.3574432,39.4100526],[-76.3516643,39.4075683],[-76.3401064,39.3901785],[-76.3169906,39.3901785],[-76.2823169,39.2982609],[-76.2476433,39.4647063],[-76.2187486,39.4746434],[-76.2534222,39.3752729],[-76.2303064,39.3504303],[-76.2245275,39.4125368],[-76.178296,39.3777572],[-76.0627171,39.4498008],[-76.1320644,39.4920332],[-76.0973908,39.5342656],[-75.9471382,39.5938879],[-76.0049277,39.4498008],[-75.8315594,39.566561],[-75.9240225,39.4845804],[-75.8604541,39.4547693],[-76.0396013,39.3976313],[-75.8835699,39.3578831],[-76.1898538,39.3156507],[-76.1494012,39.2759025],[-76.276538,39.1516895],[-76.2303064,39.0548033],[-76.1898538,39.1765321],[-76.1551802,39.1293311],[-76.1205065,39.1740478],[-76.172517,39.0945515],[-76.0396013,39.1715636],[-76.0627171,39.2088275],[-75.9991487,39.1516895],[-76.2476433,38.9703385],[-76.2014117,38.8933264],[-76.178296,38.9305903],[-76.1840749,38.9007792],[-76.1956328,38.8933264],[-76.2071907,38.8535782],[-76.1956328,38.8833893],[-76.172517,38.8933264],[-76.1609591,38.9777912],[-76.1494012,38.9430116],[-76.1667381,38.9082319],[-76.1031697,38.9405273],[-76.0627171,38.8858736],[-76.1898538,38.8585467],[-76.178296,38.7740819],[-76.1262855,38.793956],[-76.172517,38.7417865],[-76.2534222,38.8635152],[-76.3054327,38.8262513],[-76.3401064,38.7343337],[-76.276538,38.7765661],[-76.2880959,38.81383],[-76.2649801,38.7989245],[-76.2996538,38.7194281],[-76.270759,38.7094911],[-76.2418643,38.8063773],[-76.1956328,38.6697429],[-76.1031697,38.7715976],[-76.074275,38.7318494],[-76.178296,38.6771957],[-76.0916118,38.689617],[-76.1494012,38.6374475],[-76.0280434,38.5803095],[-75.9529172,38.6722272],[-75.9991487,38.756692],[-75.9355804,38.6771957],[-75.970254,38.5877623],[-76.0222645,38.5529827],[-76.2880959,38.6299947],[-76.2823169,38.5355928],[-76.2360854,38.6001836],[-76.2360854,38.5405614],[-76.1840749,38.5902466],[-76.1494012,38.5728568],[-76.2071907,38.5355928],[-76.1205065,38.5281401],[-76.3343274,38.4834234],[-76.276538,38.3641789],[-76.2187486,38.39399],[-76.0511592,38.222576],[-76.0627171,38.3045566],[-75.976033,38.3666631],[-76.0164856,38.3070409],[-75.9471382,38.2399658],[-75.8257804,38.4784549],[-75.7044226,38.5604355],[-75.7911068,39.7205852]]],[[[-76.3343274,39.3032294],[-76.3285485,39.3131664],[-76.3632221,39.328072],[-76.3574432,39.3106822],[-76.3343274,39.3032294]]],[[[-76.2129696,39.0100866],[-76.2014117,39.0125709],[-76.2187486,39.0548033],[-76.2418643,39.0249922],[-76.2129696,39.0100866]]],[[[-76.3690011,38.8386726],[-76.3169906,38.975307],[-76.2938748,38.9678542],[-76.2996538,38.9007792],[-76.2823169,38.9628857],[-76.2476433,38.9206532],[-76.3054327,39.0398978],[-76.3632221,38.9380431],[-76.3690011,38.8386726]]],[[[-76.5076957,38.9032634],[-76.4961378,38.9032634],[-76.4961378,38.9107162],[-76.5076957,38.9032634]]],[[[-76.1840749,38.8659995],[-76.1551802,38.8933264],[-76.1031697,38.8833893],[-76.1667381,38.9032634],[-76.1840749,38.8659995]]],[[[-76.3401064,38.6697429],[-76.3227695,38.6871327],[-76.3401064,38.7243967],[-76.3458853,38.6921013],[-76.3401064,38.6697429]]],[[[-76.1551802,38.2399658],[-76.2360854,38.3443048],[-76.2303064,38.3244307],[-76.2245275,38.3095251],[-76.172517,38.2474186],[-76.1551802,38.2399658]]],[[[-76.1956328,38.3144937],[-76.172517,38.326915],[-76.178296,38.3343677],[-76.2014117,38.326915],[-76.1956328,38.3144937]]]]},"id":512},{"type":"Feature","properties":{"id":537,"name":"Bangor, ME","latitude":45.3356845,"tvperc":84.6,"dma":537,"cableperc":40.5,"adsperc":44.5,"longitude":-68.751059},"geometry":{"type":"MultiPolygon","coordinates":[[[[-69.2666801,44.3636683],[-69.1222066,44.2543608],[-69.0181856,44.2568451],[-68.9488383,44.3413099],[-68.9950698,44.4257748],[-68.8101436,44.4680072],[-68.8043647,44.5599249],[-68.769691,44.5003026],[-68.8274805,44.3114988],[-68.7407963,44.3338571],[-68.5327544,44.2295182],[-68.567428,44.3984479],[-68.4576281,44.3860266],[-68.5038597,44.4953341],[-68.4229545,44.4978183],[-68.4287334,44.3959637],[-68.3536071,44.4580702],[-68.2727019,44.4580702],[-68.3189335,44.5375665],[-68.2264704,44.465523],[-68.2149125,44.5176924],[-68.2958177,44.5549563],[-68.2438072,44.5872517],[-68.1975757,44.5698619],[-68.2553651,44.5524721],[-68.1802389,44.5127239],[-68.1917967,44.4729757],[-68.0993337,44.47546],[-68.06466,44.3338571],[-67.960639,44.3984479],[-68.0357653,44.4829128],[-67.9895337,44.5052711],[-67.966418,44.5077554],[-67.9375233,44.4108692],[-67.9028496,44.4928498],[-67.8970707,44.3934794],[-67.8103865,44.6195471],[-67.7930497,44.6145786],[-67.7872707,44.6046416],[-67.7814918,44.6046416],[-67.7872707,44.589736],[-67.7757128,44.589736],[-67.7988286,44.522661],[-67.7352602,44.6145786],[-67.7121445,44.4978183],[-67.660134,44.5723462],[-67.5676709,44.532598],[-67.5734498,44.6592953],[-67.5387762,44.6543268],[-67.5329972,44.6220314],[-67.4636499,44.6220314],[-67.457871,44.5971888],[-67.4289763,44.6667481],[-67.4058605,44.5947045],[-67.3943026,44.7189175],[-67.2093764,44.6394212],[-66.949324,44.818288],[-67.0591239,44.9077214],[-67.0244503,44.8505834],[-67.0706818,44.8158037],[-67.1053555,44.8928158],[-67.1689238,44.7934454],[-67.151587,44.8630047],[-67.2267133,44.932564],[-67.1342502,44.8803945],[-67.1747028,44.9474695],[-67.0706818,44.9151741],[-67.0649029,44.9623751],[-66.9839977,44.9102056],[-67.1631449,45.1586317],[-67.2845027,45.1909271],[-67.3422921,45.1263363],[-67.4867657,45.2803604],[-67.4174184,45.3772466],[-67.5041025,45.4890383],[-67.4174184,45.5014596],[-67.4231973,45.5784717],[-67.7352602,45.6877792],[-68.4345123,45.5784717],[-68.4345123,46.3808879],[-68.8217015,46.3957935],[-68.8217015,46.572176],[-70.0237217,46.5746602],[-70.0583953,46.4156676],[-70.191311,46.3485925],[-70.2895531,46.1895998],[-70.2375426,46.1448831],[-70.3184478,46.0181859],[-70.2606583,45.8914886],[-70.4166898,45.7946024],[-70.399353,45.7200746],[-70.5553844,45.6679051],[-70.4166898,45.1437261],[-70.1624163,45.1288205],[-70.1508584,44.8953],[-70.0352796,44.8654889],[-69.994827,44.6766851],[-69.8214587,44.5822832],[-69.6076378,44.5773147],[-69.6307535,44.7015277],[-69.4689431,44.7189175],[-69.3707011,44.5450193],[-69.5093957,44.3437942],[-69.3475853,44.3090145],[-69.2666801,44.3636683]]],[[[-67.6139024,44.5027869],[-67.6023446,44.5077554],[-67.6139024,44.522661],[-67.6196814,44.5176924],[-67.6139024,44.5027869]]],[[[-67.5850077,44.4481331],[-67.5792288,44.5152082],[-67.6081235,44.5003026],[-67.5965656,44.4928498],[-67.6081235,44.485397],[-67.5850077,44.4481331]]],[[[-68.3362703,44.2220654],[-68.2900388,44.246908],[-68.3304914,44.3760896],[-68.2958177,44.2866562],[-68.1744599,44.3288886],[-68.2553651,44.4357118],[-68.365165,44.4232905],[-68.4229545,44.3388257],[-68.3362703,44.2220654]]],[[[-68.9315014,44.2320025],[-68.8621541,44.3661525],[-68.879491,44.3934794],[-68.9430593,44.2816877],[-68.9141646,44.2816877],[-68.9315014,44.2320025]]],[[[-68.677228,44.1475376],[-68.6136596,44.1823172],[-68.677228,44.2146126],[-68.5963228,44.2096441],[-68.5847649,44.1848015],[-68.567428,44.1972228],[-68.5905438,44.2146126],[-68.6483332,44.2146126],[-68.6078806,44.2419395],[-68.7350174,44.3090145],[-68.677228,44.2742349],[-68.7350174,44.2220654],[-68.677228,44.1475376]]],[[[-68.9430593,44.2642978],[-68.9372804,44.2667821],[-68.9488383,44.2767192],[-68.9488383,44.2742349],[-68.9430593,44.2642978]]],[[[-68.9546172,44.2444238],[-68.9372804,44.2568451],[-68.9546172,44.2717506],[-68.9661751,44.2518765],[-68.9546172,44.2444238]]],[[[-68.2380283,44.2518765],[-68.2264704,44.2568451],[-68.2149125,44.2543608],[-68.2322493,44.2667821],[-68.2380283,44.2518765]]],[[[-68.266923,44.2344867],[-68.2495862,44.2344867],[-68.2380283,44.246908],[-68.2727019,44.2593293],[-68.266923,44.2344867]]],[[[-68.3247124,44.1947386],[-68.3131545,44.1972228],[-68.3362703,44.2071599],[-68.3362703,44.1972228],[-68.3247124,44.1947386]]],[[[-68.7234595,44.1972228],[-68.7234595,44.2046756],[-68.7292384,44.2021913],[-68.7234595,44.1972228]]],[[[-68.4229545,44.1276635],[-68.4113966,44.1872858],[-68.4980807,44.1599589],[-68.4460702,44.132632],[-68.4402913,44.1574746],[-68.4229545,44.1276635]]],[[[-68.365165,44.0978524],[-68.3593861,44.1077894],[-68.3304914,44.1102737],[-68.3536071,44.1276635],[-68.365165,44.0978524]]]]},"id":537},{"type":"Feature","properties":{"id":716,"name":"Baton Rouge, LA","latitude":30.4278165,"tvperc":94.2,"dma":716,"cableperc":69.4,"adsperc":25.5,"longitude":-91.140946},"geometry":{"type":"Polygon","coordinates":[[[-91.7236526,31.0430628],[-91.8161157,30.8492905],[-91.7352105,30.7027191],[-91.7583263,30.4965255],[-91.6427474,30.4418717],[-91.5907369,30.2580364],[-91.4751581,30.2282253],[-91.4636002,30.101528],[-91.2208846,30.0419058],[-91.2324425,29.9176927],[-91.0937478,29.8009325],[-91.0995268,29.6990778],[-91.3884739,29.7835427],[-91.4693791,29.9549566],[-91.6254106,29.9450196],[-91.8796841,29.7114991],[-91.6196316,29.7363417],[-91.6600842,29.6320028],[-91.5560633,29.6320028],[-91.5502843,29.520211],[-91.4115897,29.5525064],[-91.278674,29.4829471],[-91.2844529,29.5475379],[-91.0821899,29.6270342],[-90.8857059,29.8779446],[-90.9608321,29.977315],[-90.9146006,30.1139493],[-90.4002747,30.2853633],[-90.567864,30.4865884],[-90.5505272,31.3486269],[-91.1110847,31.3188157],[-91.2324425,31.3734695],[-91.4693791,31.3188157],[-91.6254106,31.1324962],[-91.5618422,31.0380943],[-91.6600842,30.9710192],[-91.6485264,31.03561],[-91.7236526,31.0430628]]]},"id":716},{"type":"Feature","properties":{"id":692,"name":"Beaumont-Port Arthur, TX","latitude":30.3724315,"tvperc":92.1,"dma":692,"cableperc":50.4,"adsperc":42.2,"longitude":-94.1330155},"geometry":{"type":"Polygon","coordinates":[[[-94.3530717,29.5599592],[-93.8387458,29.691625],[-93.9254299,29.8108695],[-93.7000511,30.0568113],[-93.7405037,30.5387579],[-93.5555775,30.8244479],[-93.5324618,31.1846657],[-94.6593557,31.0107674],[-94.5379979,30.4915569],[-94.7344819,30.4890727],[-94.5957873,30.1114651],[-94.4455348,30.1139493],[-94.4397558,29.8878816],[-94.3588506,29.8878816],[-94.3530717,29.5599592]]]},"id":692},{"type":"Feature","properties":{"id":821,"name":"Bend, OR","latitude":44.001647,"tvperc":82.6,"dma":821,"cableperc":60.5,"adsperc":22.8,"longitude":-120.9495205},"geometry":{"type":"Polygon","coordinates":[[[-121.9764192,43.8568791],[-122.0053139,43.6159058],[-119.8959997,43.6109373],[-119.8959997,43.6978864],[-120.2600731,43.6978864],[-120.2600731,43.7848355],[-120.375652,43.7848355],[-120.3814309,43.8717847],[-120.7455043,43.8717847],[-120.7455043,43.9587338],[-120.9882199,43.9612181],[-120.9882199,44.132632],[-121.1037988,44.1376006],[-121.1095777,44.3909951],[-121.2309355,44.3934794],[-121.8435035,44.3909951],[-121.7683772,44.1003366],[-121.8666193,43.9115328],[-121.9764192,43.8568791]]]},"id":821},{"type":"Feature","properties":{"id":756,"name":"Billings, MT","latitude":45.8919365,"tvperc":85.5,"dma":756,"cableperc":51.9,"adsperc":34.2,"longitude":-108.195493},"geometry":{"type":"Polygon","coordinates":[[[-111.1004485,45.0219973],[-111.0946695,44.7884768],[-111.0888906,44.485397],[-111.0542169,44.6667481],[-110.6670278,44.6667481],[-110.6670278,44.5822832],[-110.2971754,44.5450193],[-110.2971754,44.4282591],[-110.1411439,44.2767192],[-110.1180282,44.132632],[-110.0544598,44.132632],[-110.0544598,44.008419],[-109.8579757,43.9587338],[-109.8579757,43.8295522],[-109.7886284,43.8022254],[-109.5401339,43.9612181],[-109.3147551,43.8121624],[-109.0893763,43.8171309],[-109.0951553,43.9040801],[-108.9102291,43.9040801],[-108.916008,43.9910292],[-108.7946502,43.9910292],[-108.7946502,44.0804626],[-108.5519346,44.0804626],[-108.5519346,44.1674117],[-107.1476515,44.1649274],[-107.199662,44.4456489],[-107.5463985,44.6791694],[-107.7428826,44.7164333],[-107.9104719,45.0021233],[-105.0383373,44.999639],[-104.9400952,46.1374304],[-104.8880848,46.1374304],[-104.9054216,46.4827426],[-104.7320533,46.4827426],[-104.7320533,46.6119241],[-104.9863268,46.5398806],[-105.4486422,46.5696917],[-105.4890948,46.6591251],[-105.575779,46.6591251],[-105.6162316,46.8330233],[-106.084326,46.8603502],[-106.084326,47.1808198],[-106.1710101,47.1808198],[-106.1710101,47.3547181],[-106.2981468,47.3547181],[-106.2634732,47.86896],[-106.3559363,47.86896],[-106.3559363,47.9583934],[-106.4426204,47.983236],[-106.6102098,47.7770424],[-106.9164937,47.6727034],[-107.6561985,47.6528293],[-107.8642404,47.4565728],[-107.9798193,47.5857543],[-108.314998,47.58327],[-108.314998,47.3149699],[-108.719524,47.2702532],[-108.7368608,47.0988392],[-108.609724,47.0988392],[-108.6328398,46.7485585],[-109.8175231,46.6939047],[-110.0544598,46.7485585],[-110.4647647,46.6789992],[-110.7594908,46.9000984],[-111.0831116,47.0094058],[-111.0831116,47.0889022],[-111.1582379,47.0889022],[-111.1582379,47.0118901],[-111.5396481,46.9994688],[-111.5396481,46.9125197],[-111.6610059,46.9125197],[-111.6032165,46.8926456],[-111.6436691,46.8429604],[-111.5049745,46.8131493],[-111.2449221,46.4380259],[-111.0599959,46.4082148],[-111.1293432,46.2740647],[-111.0599959,46.1920841],[-110.7826066,46.1920841],[-110.7941645,45.590893],[-110.9213012,45.5263022],[-110.9155223,45.352404],[-111.0368801,45.352404],[-111.042659,45.0741668],[-111.1120064,45.1089465],[-111.1582379,45.0542927],[-111.1004485,45.0219973]]]},"id":756},{"type":"Feature","properties":{"id":746,"name":"Biloxi-Gulfport, MS","latitude":30.651123,"tvperc":92.3,"dma":746,"cableperc":68.1,"adsperc":25.2,"longitude":-88.868398},"geometry":{"type":"Polygon","coordinates":[[[-88.3949815,30.387218],[-88.4238762,30.9983461],[-88.8341811,30.9983461],[-88.8341811,30.911397],[-89.3427281,30.9089127],[-89.2907176,30.3027531],[-88.8515179,30.4344189],[-88.7243812,30.3425013],[-88.6088023,30.3772809],[-88.4816656,30.3176587],[-88.3949815,30.387218]]]},"id":746},{"type":"Feature","properties":{"id":502,"name":"Binghamton, NY","latitude":42.2963485,"tvperc":91.4,"dma":502,"cableperc":72.8,"adsperc":19.3,"longitude":-75.4931575},"geometry":{"type":"Polygon","coordinates":[[[-76.2476433,42.2967634],[-76.5365904,42.2818579],[-76.5597062,42.0011364],[-75.3576861,41.9986522],[-75.259444,41.8645021],[-75.1554231,41.8495965],[-74.450392,42.1700661],[-74.5370762,42.2023615],[-74.4272762,42.3489329],[-74.7277813,42.5178626],[-75.4154755,42.3141533],[-75.2941177,42.7439303],[-75.8893488,42.7240563],[-75.866233,42.4160079],[-76.2938748,42.4060709],[-76.2476433,42.2967634]]]},"id":502},{"type":"Feature","properties":{"id":630,"name":"Birmingham (Anniston and Tuscaloosa), AL","latitude":33.5031,"tvperc":93.4,"dma":630,"cableperc":48.7,"adsperc":45.3,"longitude":-86.869635},"geometry":{"type":"Polygon","coordinates":[[[-88.0655817,32.789498],[-88.0771396,32.618084],[-87.8575398,32.6205683],[-87.8517608,32.5311349],[-87.5223611,32.4814497],[-87.4183401,32.8739629],[-87.019593,32.836699],[-87.019593,32.6628007],[-86.713309,32.6628007],[-86.3723514,32.7522341],[-86.516825,32.9311009],[-86.4937092,33.1025149],[-85.6557625,33.1074834],[-85.6442046,33.495028],[-85.8869202,33.4776382],[-85.6384256,33.6490522],[-85.5864152,33.8453088],[-85.6384256,33.8751199],[-85.401489,33.9645533],[-85.5112889,34.5235119],[-85.8406886,34.2005581],[-86.1874252,34.1831682],[-86.3030041,34.0987034],[-86.4763724,34.3024127],[-88.1753816,34.3222868],[-88.2100553,34.0589552],[-87.9500028,34.0216913],[-87.9442239,33.5248392],[-88.2736236,33.5347762],[-88.342971,32.9907231],[-88.1696027,32.9956916],[-88.1811606,32.8342147],[-88.0655817,32.789498]]]},"id":630},{"type":"Feature","properties":{"id":559,"name":"Bluefield-Beckley-Oak Hill, WV","latitude":37.6001745,"tvperc":95.7,"dma":559,"cableperc":63.1,"adsperc":33.4,"longitude":-80.978172},"geometry":{"type":"Polygon","coordinates":[[[-80.8592398,37.1791865],[-80.9748186,37.2909783],[-80.8476819,37.3481163],[-80.8592398,37.4300969],[-80.7725556,37.3729589],[-80.2986823,37.5071089],[-80.327577,37.5642469],[-80.2235561,37.6288377],[-80.2986823,37.6909442],[-80.2582297,37.755535],[-79.9577247,38.0635833],[-80.2640087,38.0461935],[-80.4373769,38.2672927],[-80.7147662,38.0784889],[-81.2290921,38.2623242],[-81.3273342,38.1828278],[-81.3793447,37.9691814],[-81.5584919,37.9542759],[-81.5180393,37.7853461],[-81.7607549,37.755535],[-81.7029655,37.7008813],[-81.9976916,37.4772978],[-81.853218,37.288494],[-81.7434181,37.2636514],[-81.8994495,37.1394384],[-81.7780917,36.9580873],[-81.6856286,36.9332447],[-81.4949235,37.0152253],[-81.3793447,36.9531188],[-81.2233132,37.0475207],[-80.9112503,37.0723633],[-80.8592398,37.1791865]]]},"id":559},{"type":"Feature","properties":{"id":757,"name":"Boise, ID","latitude":43.632029,"tvperc":70.7,"dma":757,"cableperc":24.7,"adsperc":46.2,"longitude":-117.0232835},"geometry":{"type":"Polygon","coordinates":[[[-118.1969905,41.9961679],[-117.0180861,41.9986522],[-115.0359087,41.9961679],[-115.0879191,43.19855],[-114.3771092,43.19855],[-114.3771092,43.2581723],[-114.394446,43.3252473],[-114.5331406,43.3327001],[-114.5042459,43.4767872],[-114.6833931,43.5910632],[-114.7065089,43.8071939],[-114.9896771,43.8593634],[-114.9665613,43.9810921],[-115.0474665,44.0382301],[-114.9954561,44.0978524],[-115.2901821,44.3239201],[-115.2266138,44.4630387],[-115.307519,44.5797989],[-115.0879191,44.771087],[-114.9550035,44.7214018],[-114.7642983,44.8431306],[-114.694951,45.1958956],[-115.9720974,45.2207382],[-116.1454657,45.1064622],[-116.3072761,45.1089465],[-116.3419498,45.2679391],[-116.6886864,45.2679391],[-116.8504968,45.0219973],[-116.8562757,44.8803945],[-117.0643176,44.7263703],[-117.2261281,44.4829128],[-117.2203491,44.3015618],[-117.4861805,44.3015618],[-117.4861805,44.3885109],[-117.5902015,44.4456489],[-117.9716117,44.4431646],[-118.1912115,44.2568451],[-118.4974955,44.2767192],[-118.3067904,44.589736],[-118.5206113,44.7064962],[-118.2836746,44.7512129],[-118.3183483,44.8356778],[-118.2258852,44.8654889],[-118.243222,44.9574066],[-119.6706209,44.9946705],[-119.6590631,43.9587338],[-118.8153374,43.9612181],[-118.8153374,44.0481672],[-118.2258852,44.0407144],[-118.1969905,41.9961679]]]},"id":757},{"type":"Feature","properties":{"id":506,"name":"Boston, MA (Manchester, NH)","latitude":42.501023,"tvperc":98.8,"dma":506,"cableperc":87.2,"adsperc":12.8,"longitude":-71.460493},"geometry":{"type":"MultiPolygon","coordinates":[[[[-72.93053,42.7389618],[-72.2832884,42.721572],[-72.2312779,42.6619497],[-72.3121831,42.3439644],[-72.2139411,42.311669],[-72.2659516,42.1849717],[-72.1330359,42.1626134],[-72.1330359,42.0309475],[-71.3644364,41.9862309],[-71.0812682,42.0955383],[-70.9714683,41.8620178],[-71.0292578,41.7800372],[-70.9194578,41.7899743],[-70.8443316,41.6284973],[-70.7634264,41.6409186],[-70.7634264,41.7228992],[-70.7171948,41.6756983],[-70.7114159,41.7576789],[-70.6536265,41.7154464],[-70.6709633,41.6930881],[-70.6420686,41.7228992],[-70.6767422,41.7452576],[-70.6362896,41.7353205],[-70.6247317,41.7651317],[-70.601616,41.7626474],[-70.6305107,41.7378048],[-70.5900581,41.7502261],[-70.5611634,41.7725844],[-70.4918161,41.7800372],[-70.5380476,41.9266086],[-70.7114159,42.0036207],[-70.601616,42.0061049],[-70.7403106,42.1601291],[-70.7171948,42.2098143],[-70.8847842,42.3091847],[-70.9252368,42.3042162],[-70.8674474,42.254531],[-70.9656894,42.2222356],[-71.0986051,42.4060709],[-70.9541315,42.3439644],[-70.9772473,42.4507876],[-70.9079,42.4160079],[-70.9367947,42.4557561],[-70.8327737,42.5029571],[-70.9252368,42.5675478],[-70.6594054,42.5799691],[-70.5900581,42.6420757],[-70.8385526,42.7016979],[-70.8154369,42.7613202],[-70.7692053,42.7041822],[-70.8096579,42.8159739],[-70.8616684,42.8134896],[-70.8096579,42.8209424],[-70.8385526,42.9153443],[-70.7114159,43.0445259],[-70.8558895,43.121538],[-70.8385526,43.0445259],[-70.9136789,43.0519787],[-70.8096579,43.2233926],[-70.9772473,43.3575427],[-70.9599104,43.541378],[-71.110163,43.5065984],[-71.1274998,43.5736734],[-71.2604155,43.5711891],[-71.5320258,43.7649615],[-71.5204679,43.6978864],[-71.6476047,43.6854651],[-71.7285099,43.5637364],[-71.8209729,43.5438623],[-71.8556466,43.608453],[-72.0521307,43.4420076],[-72.0405728,43.1289907],[-72.1792674,43.131475],[-72.1561516,43.1811602],[-72.4335409,43.1364435],[-72.4335409,43.2333297],[-72.8496248,43.2631408],[-72.8669616,43.1116009],[-72.9940984,43.1190537],[-72.93053,42.7389618]]],[[[-70.7114159,43.0569472],[-70.7056369,43.0718527],[-70.7345317,43.0718527],[-70.7229738,43.0644],[-70.7287527,43.0569472],[-70.7114159,43.0569472]]],[[[-70.9772473,42.311669],[-70.9656894,42.3141533],[-70.9541315,42.3290588],[-70.9656894,42.3240903],[-70.9772473,42.311669]]],[[[-70.9888052,42.3191218],[-70.9830262,42.3265746],[-70.9888052,42.3290588],[-70.9888052,42.3265746],[-70.9888052,42.3191218]]],[[[-71.0119209,42.3091847],[-71.000363,42.3191218],[-71.006142,42.321606],[-71.0176999,42.311669],[-71.0119209,42.3091847]]],[[[-70.9367947,42.2843421],[-70.9367947,42.2942792],[-70.9252368,42.301732],[-70.9483526,42.2893107],[-70.9367947,42.2843421]]],[[[-70.5611634,41.7725844],[-70.6189528,41.6955724],[-70.6651843,41.6806668],[-70.6131739,41.6583085],[-70.6883001,41.5241584],[-70.5264897,41.5812964],[-70.4860371,41.5539695],[-70.4571424,41.6135918],[-70.4051319,41.6483714],[-70.2202057,41.6359501],[-69.9659322,41.6533399],[-69.9428165,41.7055094],[-69.994827,41.7179307],[-69.9485954,41.7651317],[-69.9312586,41.6682455],[-69.9254796,41.7228992],[-69.9370375,41.8148169],[-69.9832691,41.78749],[-69.9717112,41.834691],[-69.9428165,41.8247539],[-69.994827,41.9663568],[-70.1624163,42.0781485],[-70.2491004,42.0657272],[-70.093069,42.0309475],[-70.0699532,41.8843762],[-69.989048,41.9141873],[-70.0179427,41.78749],[-70.3011109,41.7055094],[-70.5611634,41.7725844]]],[[[-70.0179427,41.891829],[-70.0063848,41.8992817],[-70.0063848,41.901766],[-70.0237217,41.8992817],[-70.0179427,41.891829]]],[[[-70.0006059,41.5415482],[-69.9717112,41.6434029],[-69.989048,41.606139],[-69.994827,41.5688751],[-70.0179427,41.5514852],[-70.0006059,41.5415482]]],[[[-70.4166898,41.6086232],[-70.4051319,41.6086232],[-70.399353,41.6260131],[-70.4224687,41.6235288],[-70.4166898,41.6086232]]],[[[-70.4571424,41.5788121],[-70.4629213,41.5887492],[-70.4629213,41.5837806],[-70.4571424,41.5788121]]],[[[-70.5264897,41.5465167],[-70.5496055,41.5539695],[-70.5264897,41.5738436],[-70.5438265,41.5514852],[-70.5264897,41.5465167]]],[[[-70.7056369,41.5117371],[-70.699858,41.5216741],[-70.7114159,41.5191899],[-70.7056369,41.5117371]]],[[[-70.6883001,41.5042843],[-70.6767422,41.5117371],[-70.6767422,41.5167056],[-70.699858,41.5142213],[-70.6883001,41.5042843]]],[[[-70.7923211,41.4471463],[-70.699858,41.5092528],[-70.7171948,41.5142213],[-70.7865421,41.4769574],[-70.7923211,41.4471463]]],[[[-70.7749843,41.3005749],[-70.4513635,41.3477759],[-70.4513635,41.4223037],[-70.5091529,41.3477759],[-70.601616,41.4819259],[-70.8327737,41.3527444],[-70.7749843,41.3005749]]],[[[-70.8327737,41.4421778],[-70.8096579,41.444662],[-70.8096579,41.4496306],[-70.8327737,41.4570833],[-70.8327737,41.4421778]]],[[[-70.902121,41.4223037],[-70.8674474,41.4223037],[-70.8501105,41.4372093],[-70.8558895,41.4496306],[-70.902121,41.4223037]]],[[[-70.9483526,41.4098824],[-70.9194578,41.4223037],[-70.9079,41.4223037],[-70.9252368,41.4322407],[-70.9483526,41.4098824]]],[[[-70.0121638,41.2384684],[-69.9601533,41.2782166],[-70.0526164,41.3924926],[-70.0641743,41.3080277],[-70.2202057,41.2757323],[-70.1161848,41.2409527],[-70.0121638,41.2384684]]],[[[-70.2548794,41.2881536],[-70.2433215,41.3005749],[-70.2491004,41.3055434],[-70.2779952,41.3129962],[-70.2664373,41.2956064],[-70.2548794,41.2881536]]],[[[-70.803879,41.2484054],[-70.8154369,41.263311],[-70.8327737,41.2583425],[-70.8212158,41.2508897],[-70.803879,41.2484054]]]]},"id":506},{"type":"Feature","properties":{"id":736,"name":"Bowling Green, KY","latitude":37.0341725,"tvperc":90.8,"dma":736,"cableperc":71.0,"adsperc":20.6,"longitude":-85.99226},"geometry":{"type":"Polygon","coordinates":[[[-85.2165628,36.8537484],[-85.2743522,36.8984651],[-85.0431945,37.1866393],[-85.0547524,37.2561986],[-85.1761102,37.3133366],[-85.4303837,37.1468912],[-85.6326467,37.1245328],[-85.6962151,37.3009153],[-85.6557625,37.4226441],[-86.0487306,37.449971],[-86.0198359,37.3953172],[-86.0949621,37.3307264],[-86.4705934,37.3207894],[-86.6092881,37.3953172],[-86.81733,37.3282422],[-86.9386878,37.1369541],[-86.8808984,37.1121115],[-86.9386878,37.0698791],[-86.6728564,37.0003198],[-86.5803934,36.8313901],[-86.4070251,36.7767363],[-86.1354147,36.9332447],[-85.9793833,36.7220826],[-85.7713413,36.8363586],[-85.6153099,36.8338743],[-85.4708363,36.7345039],[-85.4361626,36.6177436],[-85.3032469,36.6251964],[-85.2165628,36.8537484]]]},"id":736},{"type":"Feature","properties":{"id":514,"name":"Buffalo, NY","latitude":42.42369,"tvperc":92.3,"dma":514,"cableperc":62.2,"adsperc":30.7,"longitude":-78.6800405},"geometry":{"type":"MultiPolygon","coordinates":[[[[-79.7612406,42.2694366],[-79.7612406,41.9986522],[-78.9175149,41.9986522],[-78.9579675,41.6235288],[-78.200926,41.6185603],[-78.0506735,41.4744732],[-77.5999159,41.4794417],[-77.6114738,41.9986522],[-77.7501685,41.9986522],[-77.7212737,42.4706617],[-78.0622314,42.5327682],[-77.9582104,42.6669183],[-77.9061999,43.0246518],[-77.9524315,43.0395574],[-77.9061999,43.1339593],[-77.998663,43.1339593],[-77.9928841,43.3649955],[-78.5187679,43.3724483],[-79.0619885,43.2631408],[-79.0677675,43.0867583],[-78.9464097,43.0718527],[-78.8886202,43.0445259],[-78.8828413,43.0296203],[-78.8828413,43.0246518],[-78.9464097,42.9774508],[-78.8539466,42.7836785],[-79.0504306,42.6917609],[-79.1486727,42.5526423],[-79.7612406,42.2694366]],[[-78.9232939,42.9526082],[-78.9290728,42.9550925],[-78.9290728,42.9575768],[-78.9175149,42.9550925],[-78.9232939,42.9526082]],[[-78.9001781,42.9128601],[-78.9059571,42.9302499],[-78.9059571,42.9327342],[-78.9001781,42.9302499],[-78.9001781,42.9128601]]],[[[-79.0619885,43.0793055],[-79.0735464,43.0842741],[-79.0735464,43.0793055],[-79.0619885,43.0793055]]],[[[-78.9464097,42.9575768],[-78.9464097,42.9948407],[-78.9001781,43.0420416],[-78.9984201,43.0644],[-79.015757,42.9898721],[-78.9464097,42.9575768]]],[[[-78.8828413,43.0246518],[-78.8828413,43.0296203],[-78.8886202,43.0345888],[-78.8886202,43.0321046],[-78.8828413,43.0246518]]],[[[-78.9579675,42.9575768],[-78.9579675,42.9625453],[-78.9637465,42.960061],[-78.9579675,42.9575768]]]]},"id":514},{"type":"Feature","properties":{"id":523,"name":"Burlington, VT-Plattsburgh, NY","latitude":44.071301,"tvperc":90.8,"dma":523,"cableperc":52.5,"adsperc":38.7,"longitude":-73.0368725},"geometry":{"type":"Polygon","coordinates":[[[-73.2541508,43.3153103],[-72.8207301,43.255688],[-72.4335409,43.2333297],[-72.4335409,43.1364435],[-72.1561516,43.1811602],[-72.1792674,43.131475],[-72.0405728,43.1289907],[-72.0521307,43.4420076],[-71.8556466,43.608453],[-71.8209729,43.5438623],[-71.7285099,43.5637364],[-71.6476047,43.6854651],[-71.5204679,43.6978864],[-71.5666995,43.894143],[-71.3644364,43.9165014],[-71.3470996,44.0705255],[-71.4453416,44.2493923],[-71.5782573,44.2543608],[-71.7631835,44.4059007],[-71.5782573,44.5027869],[-71.5378047,44.5872517],[-71.6302678,44.7512129],[-71.4973521,44.9052371],[-71.5378047,44.9946705],[-71.4626785,45.0145446],[-74.7277813,44.9946705],[-74.6410971,44.952438],[-74.5370762,44.1003366],[-74.2828027,44.1202107],[-74.2539079,43.9686708],[-74.3348131,43.9264384],[-74.2134553,43.8096782],[-74.045866,43.7972569],[-74.0574239,43.7450874],[-73.3812876,43.8071939],[-73.433298,43.5860947],[-73.3061613,43.6283271],[-73.2483719,43.5537993],[-73.2541508,43.3153103]]]},"id":523},{"type":"Feature","properties":{"id":754,"name":"Butte-Bozeman, MT","latitude":45.979098,"tvperc":81.9,"dma":754,"cableperc":42.5,"adsperc":39.6,"longitude":-112.3609785},"geometry":{"type":"Polygon","coordinates":[[[-111.3836167,44.7561815],[-111.0946695,44.485397],[-111.1004485,45.0219973],[-111.1582379,45.0542927],[-111.1120064,45.1089465],[-111.042659,45.0741668],[-111.0368801,45.352404],[-110.9155223,45.352404],[-110.9213012,45.5263022],[-110.7941645,45.590893],[-110.7826066,46.1920841],[-111.0599959,46.1920841],[-111.1293432,46.2740647],[-111.0599959,46.4082148],[-111.2449221,46.4380259],[-111.3431641,46.5448491],[-111.3316062,46.6342825],[-111.5858797,46.7808539],[-111.6321112,46.5696917],[-112.0308583,46.5696917],[-112.3198054,46.4206361],[-112.3198054,46.6566408],[-112.5336263,46.6988733],[-112.5336263,46.8355076],[-112.7936788,46.8305391],[-112.7994577,47.1783356],[-113.0595102,47.1783356],[-113.0595102,47.4888681],[-113.1288575,47.5882386],[-113.4640362,47.6006599],[-113.4640362,47.1783356],[-113.3022258,47.1783356],[-113.2906679,46.8056965],[-113.0363944,46.7361372],[-113.0363944,46.2218952],[-113.2848889,46.2218952],[-113.2848889,46.0380599],[-113.5911729,45.8492561],[-113.8974569,45.7697598],[-113.9379095,45.695232],[-113.8049938,45.6033143],[-113.8338885,45.5213337],[-113.7645412,45.5213337],[-113.683636,45.2530336],[-113.4524783,45.0592613],[-113.475594,44.8953],[-113.3426784,44.7835083],[-113.1288575,44.7735713],[-113.0017207,44.4506174],[-112.8456893,44.3586998],[-112.7821209,44.485397],[-112.3891528,44.4481331],[-112.2851318,44.5673776],[-111.4703008,44.5400508],[-111.5165324,44.6443897],[-111.3836167,44.7561815]]]},"id":754},{"type":"Feature","properties":{"id":767,"name":"Casper-Riverton, WY","latitude":43.412869,"tvperc":91.3,"dma":767,"cableperc":60.3,"adsperc":31.6,"longitude":-107.4728085},"geometry":{"type":"Polygon","coordinates":[[[-109.3725445,42.9451555],[-109.1587236,42.7414461],[-109.0720395,42.6942451],[-109.0431448,42.264468],[-107.5232828,42.2619838],[-107.5232828,42.4333978],[-105.5584421,42.4309135],[-105.6162316,42.3042162],[-105.373516,42.2893107],[-105.2810529,42.4309135],[-105.2868318,42.6048118],[-104.8938637,42.6097803],[-104.8996426,43.4991456],[-106.0149786,43.4941771],[-106.0091997,44.5648934],[-107.3672513,44.5599249],[-107.1707672,44.3934794],[-107.1476515,44.1649274],[-108.5519346,44.1674117],[-108.5519346,44.0804626],[-108.7946502,44.0804626],[-108.7946502,43.9910292],[-108.916008,43.9910292],[-108.9102291,43.9040801],[-109.0951553,43.9040801],[-109.0893763,43.8171309],[-109.3147551,43.8121624],[-109.5401339,43.9612181],[-109.7886284,43.8022254],[-109.8579757,43.8295522],[-109.8579757,43.9587338],[-110.0544598,44.008419],[-110.0544598,43.4643659],[-109.7539548,43.4643659],[-109.5516918,43.0122305],[-109.3725445,42.9451555]]]},"id":767},{"type":"Feature","properties":{"id":637,"name":"Cedar Rapids-Waterloo-Iowa City & Dubuque, IA","latitude":42.331217,"tvperc":86.5,"dma":637,"cableperc":55.4,"adsperc":31.6,"longitude":-91.7493605},"geometry":{"type":"Polygon","coordinates":[[[-90.6429903,42.5079256],[-90.7065586,42.6371071],[-91.0648531,42.7513831],[-91.180432,43.0668842],[-91.0590742,43.2581723],[-91.2093267,43.3525742],[-91.2151056,43.5016298],[-92.0819471,43.5016298],[-92.0819471,43.2134556],[-92.5558204,43.2134556],[-92.5558204,42.9078915],[-93.0239148,42.9078915],[-93.000799,42.2098143],[-92.7696413,42.2098143],[-92.7638624,41.8620178],[-92.295768,41.8620178],[-92.295768,41.5092528],[-92.4113468,41.5092528],[-92.4113468,41.1614563],[-91.486716,41.1614563],[-91.486716,41.424788],[-91.3711371,41.4223037],[-91.3653582,41.5986862],[-90.8972638,41.5962019],[-90.8972638,42.2942792],[-90.666106,42.2942792],[-90.666106,42.3812283],[-90.4754009,42.3812283],[-90.6429903,42.5079256]]]},"id":637},{"type":"Feature","properties":{"id":648,"name":"Champaign & Springfield-Decatur, IL","latitude":39.9606635,"tvperc":92.1,"dma":648,"cableperc":57.4,"adsperc":35.2,"longitude":-89.0627055},"geometry":{"type":"Polygon","coordinates":[[[-90.5967587,39.7901445],[-90.37138,39.7528806],[-90.3020326,39.5193601],[-89.5334332,39.5243286],[-89.5334332,39.3479461],[-89.1404651,39.3479461],[-89.1404651,39.2162803],[-88.8052864,39.2162803],[-88.8052864,38.9107162],[-88.3603078,38.9107162],[-88.3603078,39.1715636],[-88.0077923,39.1740478],[-87.938445,39.8795778],[-87.5339189,39.8820621],[-87.52814,41.0099164],[-88.2447289,40.9950109],[-88.233171,40.6174033],[-88.4585498,40.6174033],[-88.4585498,40.2820281],[-89.6027805,40.319292],[-89.6027805,40.1205511],[-89.9841908,40.1280039],[-89.9957487,39.8721251],[-90.5852008,39.8770936],[-90.5967587,39.7901445]]]},"id":648},{"type":"Feature","properties":{"id":519,"name":"Charleston, SC","latitude":33.181204,"tvperc":92.0,"dma":519,"cableperc":63.7,"adsperc":28.9,"longitude":-80.042272},"geometry":{"type":"MultiPolygon","coordinates":[[[[-80.6685347,32.6702535],[-80.4142612,32.4715127],[-79.8941563,32.6901276],[-79.9346089,32.8019193],[-79.7554617,32.8093721],[-79.8016932,32.8143406],[-79.7439038,32.8714786],[-79.5763144,32.9062583],[-79.616767,32.9534592],[-79.5647566,33.01805],[-79.4549566,33.0727037],[-79.4954092,33.0006602],[-79.414504,33.0155657],[-79.420283,33.0627667],[-79.4549566,33.0577982],[-79.1891253,33.1720742],[-79.2873673,33.3410039],[-79.1717884,33.2068538],[-79.1428937,33.3931734],[-79.0851043,33.4776382],[-79.0041991,33.5720401],[-79.1024411,33.5720401],[-79.3509357,33.8154977],[-79.4954092,33.7757495],[-79.8537037,33.8925097],[-79.9981773,33.7682967],[-80.1021983,33.4975123],[-80.2235561,33.4478271],[-80.2697876,33.2863501],[-80.4258191,33.256539],[-80.5009453,33.3335511],[-80.8939134,33.1248732],[-80.8939134,33.0627667],[-80.934366,33.1025149],[-81.0846186,33.0255028],[-80.8245661,32.6975804],[-80.6685347,32.6702535]]],[[[-79.720788,32.8267619],[-79.7034512,32.836699],[-79.7034512,32.8491203],[-79.726567,32.846636],[-79.720788,32.8267619]]],[[[-79.8074722,32.7745925],[-79.7150091,32.8143406],[-79.7381248,32.8267619],[-79.7496827,32.8093721],[-79.8074722,32.7745925]]],[[[-79.8479248,32.7547184],[-79.81903,32.7671397],[-79.8132511,32.7745925],[-79.8652616,32.7671397],[-79.8479248,32.7547184]]],[[[-79.9750615,32.6404424],[-79.9172721,32.665285],[-79.8883774,32.6826748],[-79.8883774,32.6876433],[-79.8999353,32.6975804],[-79.8941563,32.6876433],[-79.9057142,32.675222],[-79.9750615,32.6404424]]]]},"id":519},{"type":"Feature","properties":{"id":564,"name":"Charleston-Huntington, WV","latitude":38.376208,"tvperc":94.4,"dma":564,"cableperc":53.7,"adsperc":41.2,"longitude":-82.039491},"geometry":{"type":"Polygon","coordinates":[[[-83.1997117,38.1704065],[-83.269059,38.0685518],[-83.0263434,38.0089296],[-82.962775,37.9070749],[-83.1303644,37.8921693],[-83.269059,37.7679563],[-83.2575011,37.6785229],[-82.760512,37.4251283],[-82.7258384,37.2586829],[-82.564028,37.1965764],[-81.8705548,37.5369201],[-81.7029655,37.7008813],[-81.7607549,37.755535],[-81.5180393,37.7853461],[-81.5584919,37.9542759],[-81.3793447,37.9691814],[-81.3273342,38.1828278],[-81.2290921,38.2623242],[-80.7147662,38.0784889],[-80.4604927,38.2499029],[-80.6280821,38.3542418],[-80.6800926,38.5032975],[-80.4431559,38.7715976],[-80.6107452,38.9057477],[-80.9863765,38.7169439],[-81.0557238,38.793956],[-81.0037134,38.8461254],[-81.0326081,39.0125709],[-81.2522079,39.0349292],[-81.2984395,39.1864691],[-81.5816077,39.0249922],[-81.749197,39.0945515],[-81.7203023,39.2684497],[-81.853218,39.3181349],[-81.847439,39.4498008],[-82.055481,39.4597378],[-82.049702,39.5516554],[-82.159502,39.556624],[-82.1652809,39.4671906],[-82.2808598,39.4721591],[-82.2866387,39.38521],[-82.7489541,39.3678202],[-82.8067436,38.9479801],[-83.2112696,38.9604014],[-83.269059,39.0150551],[-83.2863958,38.6001836],[-83.5117746,38.7020383],[-83.6389114,38.6697429],[-83.5811219,38.4287696],[-83.4019747,38.3915057],[-83.3037327,38.2101547],[-83.1997117,38.1704065]]]},"id":564},{"type":"Feature","properties":{"id":517,"name":"Charlotte, NC","latitude":35.477172,"tvperc":92.6,"dma":517,"cableperc":58.5,"adsperc":34.8,"longitude":-80.76953},"geometry":{"type":"Polygon","coordinates":[[[-81.4891446,35.0303011],[-81.4255762,34.5707129],[-80.8765766,34.543386],[-80.8765766,34.4589212],[-80.7436609,34.5409018],[-80.737882,34.4812795],[-80.5587348,34.4887323],[-80.5529558,34.5607758],[-80.4084822,34.6154296],[-80.2871244,34.3670035],[-79.8305879,34.5309647],[-79.7785774,34.6154296],[-79.9346089,34.8042334],[-79.616767,34.8141704],[-79.5705355,34.9930372],[-79.4607356,35.0427224],[-79.6803354,35.1768725],[-80.0733035,35.1420928],[-80.0501878,35.3706448],[-80.1079772,35.4600782],[-80.333356,35.7209256],[-80.7089873,35.8525914],[-80.6916504,36.0513322],[-81.3273342,35.9941942],[-81.546934,36.1184073],[-81.3620078,36.3643491],[-81.246429,36.3891917],[-81.3504499,36.5755112],[-81.6798497,36.5879325],[-81.7087444,36.3345379],[-81.853218,36.3370222],[-82.0785968,36.1010174],[-82.0323652,35.9420248],[-81.9225653,35.9370562],[-81.9861337,35.8078747],[-81.8705548,35.7184413],[-81.8243233,35.5743542],[-81.6914076,35.5793227],[-81.7665338,35.1793567],[-81.3677868,35.1644512],[-81.4082394,35.0452067],[-81.4891446,35.0303011]]]},"id":517},{"type":"Feature","properties":{"id":584,"name":"Charlottesville, VA","latitude":38.1802125,"tvperc":86.2,"dma":584,"cableperc":51.3,"adsperc":35.5,"longitude":-78.4610955},"geometry":{"type":"Polygon","coordinates":[[[-78.3396206,38.6275105],[-78.8366097,38.0486778],[-78.6459046,37.7331767],[-78.4956521,37.7629878],[-78.206705,38.1331426],[-78.3685154,38.1853121],[-78.3396206,38.2200917],[-78.0853472,38.326915],[-78.3396206,38.6275105]]]},"id":584},{"type":"Feature","properties":{"id":575,"name":"Chattanooga, TN","latitude":35.204094,"tvperc":91.2,"dma":575,"cableperc":58.6,"adsperc":33.2,"longitude":-84.7884855},"geometry":{"type":"Polygon","coordinates":[[[-85.603752,34.9855844],[-85.5286257,34.5881027],[-84.9160578,34.6353037],[-84.6560053,34.5831342],[-84.6213317,34.8564029],[-84.3728371,34.8439816],[-84.187911,34.6030083],[-84.0954479,34.7272213],[-84.1763531,34.953289],[-84.0029848,34.9880687],[-83.6909219,35.2439475],[-83.9683111,35.2191049],[-84.0318795,35.2911485],[-84.3439424,35.2041993],[-84.4941949,35.2861799],[-84.4017318,35.3433179],[-84.5288686,35.6290079],[-84.7831421,35.8252645],[-85.0316366,35.7457682],[-85.2570154,35.7656422],[-85.4592784,35.5470273],[-85.8869202,35.5172162],[-85.8638044,34.9880687],[-85.603752,34.9855844]]]},"id":575},{"type":"Feature","properties":{"id":759,"name":"Cheyenne, WY-Scottsbluff, NE","latitude":41.8048825,"tvperc":92.2,"dma":759,"cableperc":61.6,"adsperc":30.8,"longitude":-104.3206125},"geometry":{"type":"Polygon","coordinates":[[[-103.3624438,42.0036207],[-104.050138,42.0011364],[-104.050138,42.6122645],[-104.656927,42.6097803],[-104.6511481,41.6533399],[-105.2810529,41.6558242],[-105.2752739,40.9974951],[-104.055917,41.0024636],[-104.050138,41.6980566],[-103.3682228,41.6980566],[-103.3624438,42.0036207]]]},"id":759},{"type":"Feature","properties":{"id":602,"name":"Chicago, IL","latitude":41.615065,"tvperc":89.2,"dma":602,"cableperc":62.0,"adsperc":28.2,"longitude":-87.8455645},"geometry":{"type":"Polygon","coordinates":[[[-86.9849194,40.9130303],[-86.9329089,40.9130303],[-86.9329089,41.2359841],[-86.6439617,41.4322407],[-86.5226039,41.4322407],[-86.5226039,41.7601631],[-87.4183401,41.6409186],[-87.5743715,41.7800372],[-87.6668346,42.0607587],[-87.8113082,42.2296884],[-87.7997503,42.49302],[-88.7070444,42.49302],[-88.7070444,42.1526763],[-88.9382021,42.1526763],[-88.9382021,41.6284973],[-89.1693598,41.6284973],[-89.1635809,41.1043183],[-89.048002,41.1043183],[-89.048002,40.9254516],[-88.9324232,40.9279358],[-88.9324232,41.1068026],[-88.2505079,41.1142554],[-88.2447289,40.9950109],[-87.52814,41.0099164],[-87.52814,40.7366478],[-87.1004982,40.7366478],[-87.1004982,40.8385024],[-86.9849194,40.8385024],[-86.9849194,40.9130303]]]},"id":602},{"type":"Feature","properties":{"id":868,"name":"Chico-Redding, CA","latitude":40.3359675,"tvperc":85.4,"dma":868,"cableperc":32.3,"adsperc":53.6,"longitude":-122.350166},"geometry":{"type":"Polygon","coordinates":[[[-123.4095971,41.1788462],[-123.4500497,40.9428414],[-123.6234179,40.9279358],[-123.5425127,40.7341635],[-123.5425127,40.0013066],[-122.9357237,39.9789483],[-122.8837132,39.5789823],[-122.7334607,39.5814666],[-122.7392397,39.3827257],[-122.0110928,39.4125368],[-121.889735,39.3827257],[-121.9070719,39.3032294],[-121.4043038,39.3404933],[-121.3060618,39.5193601],[-121.1615882,39.5193601],[-121.0749041,39.5963721],[-121.4274196,39.8994519],[-121.3696302,40.0857715],[-121.4447564,40.1901104],[-121.3407355,40.3093549],[-121.4736512,40.3515874],[-121.4967669,40.4459893],[-121.3291776,40.4459893],[-121.3291776,41.1838147],[-122.4965241,41.1838147],[-122.4791872,41.320449],[-122.5716503,41.36765],[-122.802808,41.2036888],[-122.9588395,41.1813304],[-122.8952711,41.0273063],[-122.9415027,40.9925266],[-123.4095971,41.1788462]]]},"id":868},{"type":"Feature","properties":{"id":515,"name":"Cincinnati, OH","latitude":39.0338655,"tvperc":85.7,"dma":515,"cableperc":58.7,"adsperc":27.4,"longitude":-84.357866},"geometry":{"type":"Polygon","coordinates":[[[-83.2863958,38.6001836],[-83.269059,39.0150551],[-83.3846379,39.0548033],[-83.37308,39.3777572],[-83.5926798,39.3777572],[-83.575343,39.5442027],[-84.8178157,39.566561],[-84.8120368,39.7255537],[-85.0316366,39.7280379],[-85.0374156,39.5268128],[-85.297468,39.5243286],[-85.297468,39.2684497],[-85.4419416,39.1964062],[-85.4477205,38.9132005],[-85.2050049,38.9132005],[-85.199226,38.6921013],[-85.0258577,38.7616606],[-84.9391735,38.6523531],[-85.0778682,38.5778253],[-84.7947,38.3393363],[-84.4132897,38.565404],[-84.2052478,38.5827938],[-84.1705741,38.4859076],[-83.9972058,38.4213169],[-83.9278585,38.4933604],[-83.6446903,38.5256558],[-83.6157956,38.6846485],[-83.2863958,38.6001836]]]},"id":515},{"type":"Feature","properties":{"id":598,"name":"Clarksburg-Weston, WV","latitude":38.93329,"tvperc":95.4,"dma":598,"cableperc":54.2,"adsperc":42.0,"longitude":-80.309074},"geometry":{"type":"Polygon","coordinates":[[[-81.0557238,38.793956],[-80.9863765,38.7169439],[-80.6685347,38.8933264],[-80.4720506,38.8337041],[-80.4489348,38.7492393],[-80.6800926,38.5032975],[-80.6627557,38.4113798],[-80.3622507,38.2250603],[-80.3506928,38.3443048],[-79.8652616,38.5504984],[-79.7843564,38.736818],[-79.5936513,38.6622901],[-79.518525,38.8908421],[-79.3278199,38.9827598],[-79.2873673,39.1889534],[-79.8363669,39.2411229],[-79.8941563,39.4348952],[-80.1484298,39.6063092],[-80.4258191,39.6410888],[-80.5182822,39.4348952],[-80.7147662,39.4299267],[-80.8881345,39.2932923],[-80.934366,39.3901785],[-81.2233132,39.3081979],[-81.2926605,39.223733],[-81.3273342,39.1492052],[-81.2522079,39.0349292],[-81.0094923,38.9703385],[-81.0557238,38.793956]]]},"id":598},{"type":"Feature","properties":{"id":510,"name":"Cleveland-Akron (Canton), OH","latitude":41.0958885,"tvperc":94.2,"dma":510,"cableperc":70.2,"adsperc":24.2,"longitude":-81.71123},"geometry":{"type":"MultiPolygon","coordinates":[[[[-80.9170292,40.7267107],[-81.0846186,40.7267107],[-81.0846186,40.9875581],[-80.9979344,40.9875581],[-81.0037134,41.5018],[-80.5182822,41.4993158],[-80.5182822,41.9762938],[-81.2811026,41.7651317],[-81.7434181,41.4893787],[-82.0092494,41.5167056],[-82.4889017,41.3800713],[-82.66227,41.434725],[-82.7027226,41.4645361],[-82.9049856,41.4297565],[-82.8471962,41.4297565],[-82.8298593,40.9974951],[-82.7258384,40.9950109],[-82.7258384,40.7118052],[-82.6275963,40.7093209],[-82.6218174,40.5503282],[-82.1768388,40.5726866],[-82.1826177,40.4559263],[-81.7087444,40.4459893],[-81.7145234,40.3714614],[-81.6162813,40.3689772],[-81.6220603,40.2224058],[-81.3388921,40.214953],[-81.2695447,40.433568],[-80.940145,40.4236309],[-80.9228082,40.5552967],[-80.8650187,40.5552967],[-80.9170292,40.7267107]]],[[[-82.6969437,41.5837806],[-82.6796068,41.5962019],[-82.6738279,41.6235288],[-82.7373963,41.6036547],[-82.6969437,41.5837806]]],[[[-82.6160385,41.4297565],[-82.6853858,41.491863],[-82.6969437,41.4893787],[-82.6738279,41.4620519],[-82.6160385,41.4297565]]]]},"id":510},{"type":"Feature","properties":{"id":752,"name":"Colorado Springs-Pueblo, CO","latitude":38.061384,"tvperc":86.5,"dma":752,"cableperc":43.6,"adsperc":43.5,"longitude":-104.0271685},"geometry":{"type":"Polygon","coordinates":[[[-102.0390659,37.3903487],[-102.0390659,37.6437433],[-102.7498758,37.6437433],[-102.7440969,38.2672927],[-102.0448448,38.269777],[-102.0448448,39.0473505],[-103.1601808,39.0374135],[-103.1717387,38.5256558],[-104.055917,38.5231715],[-104.050138,39.1293311],[-105.3330634,39.1293311],[-105.3272844,38.6970698],[-105.9687471,38.6945855],[-105.876284,38.6001836],[-106.0149786,38.4411909],[-105.8184946,38.2747455],[-105.0498952,38.2573557],[-105.0498952,37.9145277],[-105.171253,38.0188666],[-105.2810529,37.9021064],[-105.4775369,37.879748],[-105.4313054,37.8424841],[-105.4948738,37.584121],[-105.2983897,37.6586488],[-105.1828109,37.6164164],[-105.1539161,36.9953513],[-102.0448448,36.992867],[-102.0390659,37.3903487]]]},"id":752},{"type":"Feature","properties":{"id":546,"name":"Columbia, SC","latitude":33.896366,"tvperc":88.6,"dma":546,"cableperc":50.5,"adsperc":38.8,"longitude":-80.9102195},"geometry":{"type":"Polygon","coordinates":[[[-81.1886395,33.6540207],[-81.2868816,33.5645873],[-81.3735657,33.4900595],[-80.9459239,33.3087085],[-80.8014504,33.1770427],[-80.5009453,33.3335511],[-80.4373769,33.2590233],[-80.3102402,33.2639918],[-79.8768195,33.885057],[-79.9750615,33.9471635],[-79.8941563,33.9869116],[-80.1484298,34.1434201],[-80.1137561,34.2278849],[-80.1773245,34.3670035],[-80.2813455,34.3570665],[-80.4084822,34.6154296],[-80.5529558,34.5607758],[-80.5587348,34.4887323],[-80.737882,34.4812795],[-80.7436609,34.5409018],[-80.8765766,34.4589212],[-80.8765766,34.543386],[-81.4197973,34.5731971],[-81.4255762,34.4937008],[-81.5411551,34.4440156],[-81.645176,34.533449],[-81.9456811,34.2030423],[-81.8705548,34.1359673],[-81.7318602,34.1856525],[-81.4718077,34.076345],[-81.5700498,33.8726357],[-81.4140183,33.7310328],[-81.1886395,33.6540207]]]},"id":546},{"type":"Feature","properties":{"id":604,"name":"Columbia-Jefferson City, MO","latitude":38.8629485,"tvperc":85.6,"dma":604,"cableperc":33.4,"adsperc":52.5,"longitude":-92.26804},"geometry":{"type":"Polygon","coordinates":[[[-91.4404844,39.3181349],[-92.3131048,39.3479461],[-92.3015469,39.6063092],[-92.694515,39.6112777],[-92.6887361,39.6982268],[-93.2666304,39.7031953],[-93.2781883,39.4572535],[-92.8505465,39.2311858],[-93.0470306,38.9728227],[-93.0759253,38.2598399],[-93.006578,38.1853121],[-92.6425046,38.212639],[-92.5153678,38.0213509],[-91.6311895,38.051162],[-91.6427474,38.7045226],[-91.4173686,38.7094911],[-91.4173686,38.8461254],[-91.2671161,38.8436412],[-91.2613372,39.1392682],[-91.4115897,39.1417524],[-91.4404844,39.3181349]]]},"id":604},{"type":"Feature","properties":{"id":522,"name":"Columbus, GA","latitude":32.2969995,"tvperc":93.2,"dma":522,"cableperc":66.6,"adsperc":27.2,"longitude":-84.8353915},"geometry":{"type":"MultiPolygon","coordinates":[[[[-85.4303837,32.0144087],[-85.5864152,31.9970189],[-85.6499835,31.912554],[-85.7482256,31.616927],[-85.4188258,31.6194113],[-85.4188258,31.7063604],[-85.2165628,31.7013919],[-85.1529944,31.7734354],[-85.0316366,31.4852612],[-84.8178157,31.5001668],[-84.8178157,31.6194113],[-84.5462054,31.6218955],[-84.5982159,31.9200068],[-84.4421844,31.9672078],[-84.3381635,31.8728058],[-83.9220796,31.912554],[-84.0261005,32.1709171],[-84.2572583,32.2951302],[-84.2514793,32.3969848],[-84.1127847,32.5137451],[-84.0029848,32.5311349],[-84.0549953,32.6354739],[-84.4768581,32.8764471],[-85.1818891,32.8714786],[-85.2338996,33.1074834],[-85.5921941,33.1074834],[-85.5921941,32.7273915],[-85.6962151,32.6975804],[-85.6962151,32.5808201],[-85.4361626,32.4963553],[-85.4072679,32.1386217],[-85.4303837,32.0144087]]],[[[-84.0549953,32.5211979],[-84.0145427,32.4963553],[-84.0087637,32.5211979],[-84.0492163,32.5211979],[-84.0549953,32.5211979]]]]},"id":522},{"type":"Feature","properties":{"id":535,"name":"Columbus, OH","latitude":39.9719715,"tvperc":89.4,"dma":535,"cableperc":67.1,"adsperc":22.4,"longitude":-82.734151},"geometry":{"type":"Polygon","coordinates":[[[-83.881627,40.8186284],[-83.881627,40.5329384],[-83.5175536,40.5080958],[-83.5059957,40.0112437],[-83.5869009,39.7677861],[-83.6446903,39.7727546],[-83.6678061,39.5491712],[-83.575343,39.5442027],[-83.5926798,39.3777572],[-83.37308,39.3777572],[-83.3846379,39.0548033],[-83.2112696,38.9604014],[-82.8067436,38.9479801],[-82.7489541,39.3678202],[-82.2866387,39.38521],[-82.2808598,39.4721591],[-82.1652809,39.4671906],[-82.159502,39.556624],[-82.049702,39.5516554],[-82.055481,39.4597378],[-81.8243233,39.4498008],[-81.7087444,39.4796119],[-81.7145234,39.5839508],[-81.5873866,39.5864351],[-81.6393971,39.7528806],[-82.0785968,39.7702704],[-82.1710598,39.8199556],[-82.159502,39.909389],[-82.2346282,39.9143575],[-82.1883967,40.1677521],[-81.6682918,40.1503623],[-81.6162813,40.3689772],[-81.7145234,40.3714614],[-81.7087444,40.4459893],[-82.1826177,40.4559263],[-82.1768388,40.5726866],[-82.6218174,40.5503282],[-82.6275963,40.7093209],[-82.7258384,40.7118052],[-82.7258384,40.9950109],[-83.1130276,40.9925266],[-83.1130276,40.7018681],[-83.4424273,40.6869625],[-83.4944378,40.7018681],[-83.4944378,40.8186284],[-83.881627,40.8186284]]]},"id":535},{"type":"Feature","properties":{"id":673,"name":"Columbus-Tupelo-West Point, MS","latitude":33.9623585,"tvperc":90.0,"dma":673,"cableperc":31.6,"adsperc":59.3,"longitude":-88.939003},"geometry":{"type":"Polygon","coordinates":[[[-88.342971,32.9907231],[-88.2736236,33.5347762],[-87.9442239,33.5248392],[-87.9500028,34.0216913],[-88.2100553,34.0589552],[-88.1002554,34.8911825],[-88.1984974,34.9955215],[-88.3660867,34.9955215],[-88.3660867,34.7545482],[-88.7186023,34.7570324],[-88.7186023,34.5955555],[-89.2444861,34.5980398],[-89.2444861,34.1608099],[-89.9321803,34.1632941],[-89.9264013,33.8974783],[-89.5045385,33.8676671],[-89.5045385,33.6763791],[-89.7877067,33.6763791],[-89.7877067,33.4155317],[-89.6490121,33.4031104],[-89.6432331,33.2863501],[-89.3138334,33.2863501],[-89.3196123,32.9311009],[-88.3487499,32.9286166],[-88.342971,32.9907231]]]},"id":673},{"type":"Feature","properties":{"id":600,"name":"Corpus Christi, TX","latitude":27.6933695,"tvperc":90.8,"dma":600,"cableperc":59.4,"adsperc":32.0,"longitude":-97.8595055},"geometry":{"type":"MultiPolygon","coordinates":[[[[-98.9531103,26.7850401],[-97.9880268,26.7800716],[-97.9880268,26.6161104],[-97.4448062,26.5987205],[-97.4737009,26.7577132],[-97.5892798,26.8496309],[-97.5257114,26.8819262],[-97.5719429,26.9837809],[-97.560385,26.9986865],[-97.4794798,26.9986865],[-97.5083746,27.0881199],[-97.4216904,27.2620181],[-97.7799849,27.2794079],[-97.6528481,27.3042506],[-97.768427,27.4533062],[-97.6875218,27.403621],[-97.6123955,27.2843765],[-97.4737009,27.3961682],[-97.560385,27.4085895],[-97.4968167,27.4682118],[-97.467922,27.4557905],[-97.4794798,27.3489672],[-97.5430482,27.2843765],[-97.5372693,27.2818922],[-97.5083746,27.2744394],[-97.4101325,27.3241246],[-97.3003326,27.6272044],[-97.2425432,27.6917952],[-97.363901,27.7389962],[-97.3812378,27.8358823],[-97.5546061,27.870662],[-97.2714379,27.8830833],[-97.1905327,27.823461],[-97.0171644,28.1041825],[-97.1269643,28.0594658],[-97.1847537,27.9700324],[-97.155859,28.0495287],[-97.25988,28.0793399],[-97.0229433,28.2060372],[-97.0056065,28.1936159],[-97.0287223,28.1513834],[-96.9767118,28.1315093],[-96.9131434,28.2706279],[-96.9651539,28.1265408],[-96.959375,28.1215723],[-96.9304803,28.1240566],[-96.9073645,28.1513834],[-96.9131434,28.1364779],[-96.7917856,28.3203132],[-96.8611329,28.4147151],[-96.7628909,28.4246521],[-97.161638,28.5538337],[-97.3754589,28.3873882],[-97.4448062,28.4022938],[-97.6933007,28.5414123],[-97.7742059,28.6681096],[-98.0053637,28.690468],[-98.0978267,28.7873541],[-98.3347634,28.6134559],[-98.3347634,28.0569815],[-98.8028578,28.0569815],[-98.7970788,27.2669866],[-98.9531103,27.2694709],[-98.9531103,26.7850401]],[[-96.9420381,28.2557224],[-96.9420381,28.2582066],[-96.9304803,28.2681437],[-96.9420381,28.2557224]]],[[[-96.9824907,28.1240566],[-96.9767118,28.1265408],[-96.9998276,28.1315093],[-96.9940486,28.1290251],[-96.9824907,28.1240566]]],[[[-97.0460591,27.8383666],[-96.8611329,28.0594658],[-96.9651539,28.0197176],[-96.9824907,27.984938],[-96.9709329,27.9675481],[-97.0518381,27.8532722],[-97.0460591,27.8383666]]],[[[-97.0749538,27.8433351],[-97.0633959,27.8458194],[-97.0807328,27.8632092],[-97.0865117,27.8532722],[-97.0749538,27.8433351]]],[[[-97.161638,27.6768896],[-97.0460591,27.8333981],[-97.1038485,27.8309138],[-97.0691749,27.8284295],[-97.1385222,27.7365119],[-97.1674169,27.7315434],[-97.1847537,27.6967637],[-97.161638,27.6768896]]],[[[-97.2020906,27.6147831],[-97.1674169,27.6744054],[-97.1789748,27.689311],[-97.1963116,27.6843424],[-97.2020906,27.6147831]]],[[[-97.2887747,26.6012048],[-97.3754589,27.1005412],[-97.2020906,27.6147831],[-97.25988,27.6570156],[-97.2252063,27.5874563],[-97.358122,27.3713256],[-97.3927957,27.2048801],[-97.3927957,26.8620522],[-97.2887747,26.6012048]]],[[[-97.4448062,27.1154467],[-97.4448062,27.1527107],[-97.4448062,27.1278681],[-97.4505851,27.1253838],[-97.4448062,27.1154467]]],[[[-97.4737009,26.9688754],[-97.4505851,26.9887495],[-97.4563641,27.003655],[-97.4794798,27.0011708],[-97.4737009,26.9688754]]],[[[-97.3003326,26.6012048],[-97.3176694,26.6533743],[-97.3465642,26.6956067],[-97.3350063,26.6260474],[-97.3003326,26.6012048]]]]},"id":600},{"type":"Feature","properties":{"id":623,"name":"Dallas-Ft. Worth, TX","latitude":32.702473,"tvperc":83.9,"dma":623,"cableperc":48.5,"adsperc":36.2,"longitude":-97.098903},"geometry":{"type":"Polygon","coordinates":[[[-95.4452919,31.8429947],[-95.4279551,32.016893],[-95.4915234,32.2330236],[-95.4452919,32.3522681],[-95.5955444,32.4789654],[-95.6648917,32.960912],[-95.3065973,32.9633963],[-95.3123762,33.8800884],[-95.5435339,33.8800884],[-95.5955444,33.9421949],[-95.7689127,33.8453088],[-95.9365021,33.8875412],[-96.144544,33.837856],[-96.1792177,33.7583597],[-96.3814807,33.7260643],[-96.3872596,33.3981419],[-96.8437961,33.4055947],[-96.9420381,33.4155317],[-96.9420381,33.9496477],[-97.0865117,33.8552458],[-97.0460591,33.8179819],[-97.1269643,33.7161272],[-97.1905327,33.7608439],[-97.2078695,33.9148681],[-97.4274694,33.8204662],[-97.462143,33.904931],[-97.5892798,33.9024468],[-97.670185,33.9918802],[-97.8319954,33.8577301],[-97.9764689,33.8900255],[-97.9764689,33.4677012],[-98.4214475,33.4677012],[-98.4272265,32.9534592],[-98.577479,32.9534592],[-98.577479,32.5162293],[-98.473458,32.5137451],[-98.473458,32.3000987],[-98.9242156,32.0789995],[-98.6699421,31.7013919],[-98.4907949,31.7237502],[-98.271195,31.4157019],[-97.6875218,31.7113289],[-97.6066166,31.5871159],[-97.0345012,31.8628688],[-96.9304803,31.7088446],[-96.7166594,31.8156679],[-96.4970595,31.7957938],[-96.2370071,31.4132176],[-95.740018,31.6541909],[-95.740018,31.5051353],[-95.2719236,31.5920844],[-95.4452919,31.8429947]]]},"id":623},{"type":"Feature","properties":{"id":682,"name":"Davenport, IA-Rock Island-Moline, IL","latitude":41.5680725,"tvperc":87.7,"dma":682,"cableperc":54.1,"adsperc":34.0,"longitude":-90.4412815},"geometry":{"type":"Polygon","coordinates":[[[-91.486716,41.1614563],[-91.7178737,41.1639406],[-91.7178737,40.8136598],[-91.3942529,40.8086913],[-91.1110847,40.6968996],[-91.1862109,40.6372773],[-90.4465062,40.6273403],[-90.4465062,40.7142894],[-89.9841908,40.7118052],[-89.9841908,41.149035],[-89.8686119,41.149035],[-89.8686119,41.2334999],[-89.6374542,41.2334999],[-89.6374542,41.149035],[-89.4640859,41.149035],[-89.4640859,41.2334999],[-89.1635809,41.310512],[-89.1693598,41.5862649],[-89.6316753,41.5837806],[-89.6894647,42.1998773],[-89.9206224,42.197393],[-89.9264013,42.5054413],[-90.6429903,42.5079256],[-90.4754009,42.3812283],[-90.666106,42.3812283],[-90.666106,42.2942792],[-90.8972638,42.2942792],[-90.8972638,41.5962019],[-91.3653582,41.5986862],[-91.3711371,41.4223037],[-91.486716,41.424788],[-91.486716,41.1614563]]]},"id":682},{"type":"Feature","properties":{"id":542,"name":"Dayton, OH","latitude":40.1392235,"tvperc":85.4,"dma":542,"cableperc":60.8,"adsperc":24.7,"longitude":-84.3547855},"geometry":{"type":"Polygon","coordinates":[[[-84.8178157,39.566561],[-83.6678061,39.5491712],[-83.6446903,39.7727546],[-83.5869009,39.7677861],[-83.5059957,40.0112437],[-83.5175536,40.5080958],[-83.881627,40.5329384],[-83.881627,40.6447301],[-84.8004789,40.729195],[-84.8120368,40.0037909],[-85.199226,40.0037909],[-85.1876681,39.7156166],[-84.8120368,39.7255537],[-84.8178157,39.566561]]]},"id":542},{"type":"Feature","properties":{"id":751,"name":"Denver, CO","latitude":40.9981425,"tvperc":89.6,"dma":751,"cableperc":48.9,"adsperc":41.1,"longitude":-108.925452},"geometry":{"type":"MultiPolygon","coordinates":[[[[-106.0149786,43.4941771],[-105.0787899,43.4991456],[-105.0903478,44.999639],[-106.0265365,44.9946705],[-106.0149786,43.4941771]]],[[[-109.0489237,40.9999794],[-109.0489237,39.3678202],[-107.4308197,39.3653359],[-107.4654933,39.3156507],[-107.3788092,39.2684497],[-107.7197668,39.0647404],[-107.9798193,39.0597718],[-108.1416297,38.9057477],[-108.3785663,38.8287356],[-108.3785663,38.6672587],[-107.500167,38.6697429],[-107.500167,38.3020723],[-108.1300718,38.3318835],[-107.9393667,38.2200917],[-107.9451456,38.1530167],[-109.0431448,38.1530167],[-109.0431448,37.8822323],[-107.9913771,37.8573897],[-107.8584615,37.7754091],[-107.9740403,37.6387748],[-107.4828302,37.6387748],[-107.4828302,37.0003198],[-105.7202525,36.9953513],[-105.772263,37.0450365],[-105.7549262,37.345632],[-105.4833159,37.5766682],[-105.4313054,37.8424841],[-105.4775369,37.8921693],[-105.2810529,37.9021064],[-105.171253,38.0188666],[-105.0498952,37.9145277],[-105.0498952,38.2573557],[-105.8184946,38.2747455],[-106.0149786,38.4411909],[-105.876284,38.6001836],[-105.9687471,38.6945855],[-105.3272844,38.6970698],[-105.3330634,39.1293311],[-104.050138,39.1293311],[-104.055917,38.5231715],[-103.1717387,38.5256558],[-103.1601808,39.0374135],[-102.0448448,39.0473505],[-102.0506237,41.0049479],[-101.2473507,41.0049479],[-101.2704664,41.3949768],[-101.9870554,41.3949768],[-101.9870554,41.7427733],[-102.0679606,41.7427733],[-102.0679606,42.0085892],[-102.6747496,42.0061049],[-102.634297,41.4396935],[-104.050138,41.3924926],[-104.055917,41.0024636],[-105.2752739,40.9974951],[-105.2810529,41.6558242],[-104.6511481,41.6533399],[-104.656927,42.6097803],[-104.050138,42.6122645],[-104.055917,43.5041141],[-104.8996426,43.4991456],[-104.8938637,42.6097803],[-105.2868318,42.6048118],[-105.2810529,42.4309135],[-105.373516,42.2893107],[-105.6162316,42.3042162],[-105.5584421,42.4309135],[-107.5232828,42.4333978],[-107.5117249,41.6583085],[-107.9278088,41.6607927],[-107.9162509,41.0024636],[-109.0489237,40.9999794]]],[[[-103.3624438,42.0036207],[-102.6978654,42.0036207],[-102.7903285,42.9998092],[-103.5069174,42.9998092],[-103.443349,42.0905698],[-103.3624438,42.0036207]]],[[[-116.6020022,39.1616265],[-115.908529,39.1616265],[-115.908529,39.4647063],[-115.816066,39.5938879],[-115.8218449,40.1205511],[-116.0009921,40.1280039],[-116.1570236,40.6670885],[-116.1570236,40.9999794],[-116.5846654,40.9999794],[-116.6020022,39.1616265]]],[[[-102.7498758,37.6437433],[-102.0390659,37.6437433],[-102.0448448,38.269777],[-102.7440969,38.2672927],[-102.7498758,37.6437433]]]]},"id":751},{"type":"Feature","properties":{"id":679,"name":"Des Moines-Ames, IA","latitude":41.8822865,"tvperc":83.0,"dma":679,"cableperc":45.2,"adsperc":38.4,"longitude":-93.6950785},"geometry":{"type":"Polygon","coordinates":[[[-94.4686505,40.900609],[-94.930966,40.900609],[-94.9136291,40.5751708],[-93.7751774,40.5776551],[-93.7636195,40.2646382],[-93.3648724,40.2671225],[-93.3764303,40.5801393],[-92.6367256,40.5900764],[-92.6425046,41.1614563],[-92.4113468,41.1614563],[-92.4113468,41.5092528],[-92.295768,41.5092528],[-92.295768,41.8620178],[-92.7638624,41.8620178],[-92.7696413,42.2098143],[-93.000799,42.2098143],[-93.0239148,42.9078915],[-93.9716614,42.9078915],[-93.9716614,43.4991456],[-94.4455348,43.5016298],[-94.4455348,42.9078915],[-94.9136291,42.9103758],[-94.8558397,42.2098143],[-95.0927764,42.2098143],[-95.0927764,41.6011705],[-95.0407659,41.6011705],[-95.0407659,41.5042843],[-94.6998083,41.5042843],[-94.6998083,41.1589721],[-94.4686505,41.1564878],[-94.4686505,41.0720229],[-94.4686505,40.900609]]]},"id":679},{"type":"Feature","properties":{"id":505,"name":"Detroit, MI","latitude":42.7069935,"tvperc":89.9,"dma":505,"cableperc":69.8,"adsperc":20.6,"longitude":-83.2883905},"geometry":{"type":"MultiPolygon","coordinates":[[[[-83.4828799,41.7328363],[-83.4482062,41.7899743],[-83.4250905,41.7402891],[-83.3788589,41.8943132],[-83.1881538,42.0334318],[-83.1997117,42.0856013],[-83.1419223,42.2421097],[-83.0783539,42.3141533],[-82.8934277,42.3861968],[-82.8818698,42.49302],[-82.7258384,42.6818238],[-82.5177964,42.6271701],[-82.4195544,42.9749666],[-82.6044806,43.6904336],[-83.1188065,43.6755281],[-83.1014697,43.3277316],[-83.3557432,43.3227631],[-83.3499642,43.235814],[-83.4597641,43.2333297],[-83.4539852,42.8755962],[-83.6909219,42.8706276],[-83.6851429,42.7836785],[-84.1590162,42.7762257],[-84.1301215,42.07318],[-83.7718271,42.083117],[-83.7602692,41.7228992],[-83.4828799,41.7328363]]],[[[-82.6391542,42.5948747],[-82.6044806,42.597359],[-82.5871437,42.6172331],[-82.6738279,42.6097803],[-82.6391542,42.5948747]]],[[[-82.6044806,42.550158],[-82.5235754,42.6147488],[-82.5929227,42.6122645],[-82.6044806,42.5948747],[-82.6680489,42.5725164],[-82.6044806,42.550158]]],[[[-82.6738279,42.5750006],[-82.6564911,42.5799691],[-82.6391542,42.5923904],[-82.6564911,42.5948747],[-82.6738279,42.5750006]]],[[[-82.6796068,42.5352525],[-82.6680489,42.5377367],[-82.6449332,42.5600951],[-82.6507121,42.5600951],[-82.6796068,42.5352525]]],[[[-83.0032276,42.3340273],[-82.962775,42.3389959],[-82.9512172,42.3489329],[-82.9743329,42.3514172],[-83.0032276,42.3340273]]],[[[-83.165038,42.0880855],[-83.1361433,42.130318],[-83.1419223,42.2023615],[-83.1765959,42.1228652],[-83.165038,42.0880855]]],[[[-83.1534802,42.0905698],[-83.1477012,42.0955383],[-83.1534802,42.0955383],[-83.1534802,42.0905698]]],[[[-83.1534802,42.0905698],[-83.1592591,42.0905698],[-83.1592591,42.0856013],[-83.1534802,42.0856013],[-83.1534802,42.0905698]]],[[[-83.4828799,41.7328363],[-83.471322,41.7328363],[-83.4655431,41.7427733],[-83.471322,41.7378048],[-83.4828799,41.7328363]]],[[[-83.4539852,41.7328363],[-83.4539852,41.7402891],[-83.4597641,41.7402891],[-83.4655431,41.7328363],[-83.4539852,41.7328363]]]]},"id":505},{"type":"Feature","properties":{"id":606,"name":"Dothan, AL","latitude":31.2429535,"tvperc":91.2,"dma":606,"cableperc":54.3,"adsperc":37.5,"longitude":-85.412413},"geometry":{"type":"Polygon","coordinates":[[[-85.0027419,31.0008304],[-84.8640473,30.7126561],[-84.7715842,30.8368692],[-84.7311316,31.0703897],[-84.9218367,31.0728739],[-84.9160578,31.2567092],[-84.6444474,31.2567092],[-84.6386685,31.4330917],[-84.788921,31.435576],[-84.7947,31.5001668],[-85.0316366,31.4852612],[-85.1529944,31.7734354],[-85.2165628,31.7013919],[-85.4188258,31.7063604],[-85.4188258,31.6194113],[-86.1469726,31.616927],[-86.1874252,30.9933776],[-85.0027419,31.0008304]]]},"id":606},{"type":"Feature","properties":{"id":676,"name":"Duluth, MN-Superior, WI","latitude":47.169647,"tvperc":81.6,"dma":676,"cableperc":37.3,"adsperc":44.6,"longitude":-91.7104225},"geometry":{"type":"MultiPolygon","coordinates":[[[[-92.0299366,45.6405782],[-90.6776639,45.638094],[-90.6776639,45.9809219],[-89.9264013,45.9809219],[-89.9264013,46.2989073],[-88.9902126,46.0976822],[-88.9902126,46.333687],[-89.3658439,46.333687],[-89.3658439,46.5051009],[-89.7414752,46.5051009],[-89.7414752,46.5920501],[-89.862833,46.5920501],[-89.862833,46.7659483],[-90.4349483,46.5622389],[-90.7585691,46.706326],[-90.7007797,46.6690621],[-90.9434953,46.5870815],[-90.7527902,46.8876771],[-90.8568112,46.9622049],[-91.7929999,46.6939047],[-91.9952629,46.6789992],[-92.0992839,46.7485585],[-92.1686312,46.7162631],[-92.087726,46.7932752],[-91.4636002,47.1311346],[-90.775906,47.6056284],[-89.4929806,48.0055944],[-89.8975066,47.9882045],[-90.1460012,48.1124176],[-90.7527902,48.0900592],[-90.8857059,48.2465676],[-91.2671161,48.0776379],[-91.5676212,48.0428583],[-91.5618422,48.107449],[-91.9605893,48.2341463],[-92.0530524,48.3583594],[-92.2610943,48.3558751],[-92.2668733,48.2490519],[-92.3708942,48.2192408],[-92.4575784,48.4130131],[-92.7118519,48.4626983],[-92.6367256,48.5421946],[-92.9545675,48.631628],[-93.2550725,48.6415651],[-93.7867353,48.5148678],[-93.8387458,48.6291438],[-94.4281979,48.7011873],[-94.4166401,47.4441515],[-94.0930192,47.4789311],[-94.0294509,47.3522338],[-93.7751774,47.3025486],[-93.809851,46.2492221],[-93.4284408,46.2467378],[-93.4342197,46.1548202],[-93.0528095,46.1573044],[-93.0528095,46.4181518],[-92.289989,46.4181518],[-92.295768,46.1573044],[-92.0472734,46.1573044],[-92.0299366,45.6405782]],[[-92.0472734,46.7137788],[-92.0530524,46.7137788],[-92.0646103,46.7212316],[-92.0588313,46.7212316],[-92.0472734,46.7137788]]],[[[-90.9608321,46.9622049],[-90.9319374,46.9646892],[-90.9319374,47.0019531],[-90.9839479,46.9845632],[-90.9608321,46.9622049]]],[[[-90.8568112,46.9771105],[-90.8510322,46.9845632],[-90.8799269,46.992016],[-90.874148,46.9845632],[-90.8568112,46.9771105]]],[[[-90.7990217,46.9696577],[-90.7874639,46.9696577],[-90.7874639,46.9771105],[-90.8048007,46.9721419],[-90.7990217,46.9696577]]],[[[-90.7816849,46.753527],[-90.6776639,46.820602],[-90.567864,46.8479289],[-90.6198745,46.8727715],[-90.7816849,46.753527]]],[[[-92.0183787,46.706326],[-92.093505,46.7783696],[-92.0588313,46.7311687],[-92.0299366,46.7088103],[-92.0183787,46.706326]]]]},"id":676},{"type":"Feature","properties":{"id":765,"name":"El Paso, TX","latitude":31.840946,"tvperc":72.0,"dma":765,"cableperc":41.6,"adsperc":31.1,"longitude":-105.6619505},"geometry":{"type":"Polygon","coordinates":[[[-104.9805478,30.6281913],[-104.1021485,31.1051693],[-104.0270223,31.9995031],[-106.3790521,32.0019874],[-106.3385994,33.0528296],[-106.887599,32.779561],[-107.297904,32.779561],[-107.297904,31.7833725],[-106.4195047,31.7510771],[-106.2056838,31.4678714],[-105.9514103,31.3635324],[-105.4024107,30.8517747],[-105.2174845,30.807058],[-104.9805478,30.6281913]]]},"id":765},{"type":"Feature","properties":{"id":565,"name":"Elmira, NY","latitude":42.0595215,"tvperc":94.6,"dma":565,"cableperc":68.5,"adsperc":26.6,"longitude":-77.1441155},"geometry":{"type":"Polygon","coordinates":[[[-76.9295586,42.0011364],[-76.5597062,42.0011364],[-76.5365904,42.2818579],[-76.6926219,42.2843421],[-76.6926219,42.5476738],[-76.9122217,42.5427052],[-76.9006638,42.4632089],[-76.9642322,42.4582404],[-77.1433794,42.4955043],[-77.1433794,42.5774849],[-77.7212737,42.5352525],[-77.7501685,41.9986522],[-77.6114738,41.9986522],[-77.5999159,41.5415482],[-76.9584533,41.5514852],[-76.8717691,41.5962019],[-76.9295586,42.0011364]]]},"id":565},{"type":"Feature","properties":{"id":516,"name":"Erie, PA","latitude":41.8794375,"tvperc":86.9,"dma":516,"cableperc":54.8,"adsperc":32.8,"longitude":-79.717601},"geometry":{"type":"Polygon","coordinates":[[[-79.7612406,42.2694366],[-80.5182822,41.9762938],[-80.5182822,41.4893787],[-79.9981773,41.4893787],[-79.8305879,41.6210445],[-78.9579675,41.6235288],[-78.9175149,41.8396595],[-78.9175149,41.9986522],[-79.7612406,41.9986522],[-79.7612406,42.2694366]]]},"id":516},{"type":"Feature","properties":{"id":801,"name":"Eugene, OR","latitude":43.6937855,"tvperc":86.2,"dma":801,"cableperc":51.3,"adsperc":35.4,"longitude":-123.1256445},"geometry":{"type":"Polygon","coordinates":[[[-124.4787015,42.9550925],[-124.2186491,42.9327342],[-124.1435228,42.8482693],[-124.1319649,42.6669183],[-123.7794494,42.8010683],[-123.715881,42.7389618],[-123.2304498,42.7016979],[-122.7970291,42.77871],[-122.5600924,42.9401869],[-122.2827032,42.9973249],[-122.2827032,43.0668842],[-122.0746612,43.0668842],[-121.9764192,43.2606566],[-122.1497875,43.5215039],[-121.9648613,43.6283271],[-121.9764192,43.8568791],[-121.7741562,44.0903996],[-121.791493,44.246908],[-122.3809452,44.2096441],[-122.8663764,44.2891405],[-122.906829,44.1997071],[-123.1668814,44.1997071],[-123.2593445,44.5599249],[-123.0744184,44.6592953],[-123.1495446,44.7214018],[-123.6003022,44.7214018],[-123.5945232,44.4332276],[-123.72166,44.4332276],[-123.715881,44.361184],[-123.8141231,44.3437942],[-123.7736705,44.2841719],[-124.1146281,44.2767192],[-124.2013122,43.665591],[-124.3457858,43.360027],[-124.3342279,43.3550585],[-124.32267,43.360027],[-124.2764385,43.4196492],[-124.2359859,43.4320705],[-124.230207,43.4693344],[-124.1897544,43.4718187],[-124.1666386,43.3625112],[-124.2186491,43.3799011],[-124.2417648,43.4246178],[-124.3053332,43.2854992],[-124.3342279,43.3177946],[-124.32267,43.3500899],[-124.3862384,43.3302159],[-124.4787015,42.9550925]]]},"id":801},{"type":"Feature","properties":{"id":802,"name":"Eureka, CA","latitude":41.001389,"tvperc":83.9,"dma":802,"cableperc":58.6,"adsperc":26.4,"longitude":-123.908896},"geometry":{"type":"MultiPolygon","coordinates":[[[[-123.5425127,40.0013066],[-123.5425127,40.7341635],[-123.6234179,40.9279358],[-123.4500497,40.9428414],[-123.4095971,41.1788462],[-123.4789444,41.3726185],[-123.6638705,41.3825555],[-123.6118601,41.4620519],[-123.72166,41.5962019],[-123.6580916,41.7129622],[-123.7043231,41.8297224],[-123.519397,42.0011364],[-124.2128701,41.9986522],[-124.2533227,41.7701002],[-124.1493018,41.7179307],[-124.0626176,41.4421778],[-124.1666386,41.1291609],[-124.120407,40.9875581],[-124.2359859,40.7664589],[-124.2013122,40.7813645],[-124.1550807,40.8633451],[-124.0857334,40.8310497],[-124.2591017,40.6968996],[-124.2359859,40.7565218],[-124.328449,40.614919],[-124.4093542,40.4385365],[-124.3631226,40.2571855],[-124.0741755,40.023665],[-123.5425127,40.0013066]]],[[[-124.1781965,40.8086913],[-124.1550807,40.8161441],[-124.1550807,40.8186284],[-124.1666386,40.8186284],[-124.1781965,40.8086913]]],[[[-124.1666386,40.8086913],[-124.1608596,40.8086913],[-124.1550807,40.8111756],[-124.1608596,40.8136598],[-124.1666386,40.8086913]]]]},"id":802},{"type":"Feature","properties":{"id":649,"name":"Evansville, IN","latitude":37.8233245,"tvperc":89.9,"dma":649,"cableperc":49.3,"adsperc":40.9,"longitude":-87.5662395},"geometry":{"type":"Polygon","coordinates":[[[-87.8517608,37.3183051],[-87.7997503,37.278557],[-87.6783925,37.1493754],[-87.5223611,37.1046587],[-87.3316559,37.1568282],[-87.2507507,37.0400679],[-87.1178351,37.0450365],[-86.8924563,37.0897532],[-86.9386878,37.1369541],[-86.81733,37.3282422],[-86.6092881,37.3953172],[-86.6670775,37.5493414],[-86.5746144,37.5518256],[-86.6786354,37.7927989],[-86.4301408,38.0784889],[-86.4590355,38.2076704],[-86.6786354,38.2623242],[-86.6844143,38.5256558],[-87.424119,38.5405614],[-87.7419609,38.4138641],[-87.6494978,38.5678882],[-88.7012654,38.6051521],[-88.7012654,38.2573557],[-88.3718657,38.2548714],[-88.3718657,37.9095592],[-88.134929,37.917012],[-88.030908,37.8375156],[-88.0886975,37.82261],[-88.030908,37.8002517],[-88.1580448,37.6661016],[-88.140708,37.5866053],[-87.7997503,37.3828959],[-87.8517608,37.3183051]]]},"id":649},{"type":"Feature","properties":{"id":724,"name":"Fargo-Valley City, ND","latitude":47.659799,"tvperc":89.2,"dma":724,"cableperc":54.9,"adsperc":34.8,"longitude":-97.1383975},"geometry":{"type":"Polygon","coordinates":[[[-99.0051208,45.9411738],[-96.5606279,45.9362053],[-96.5779647,46.0206701],[-96.2659018,46.0206701],[-96.2659018,46.1076192],[-95.1447869,46.1076192],[-95.1910184,47.8714443],[-95.2777026,47.9211295],[-95.231471,48.0204999],[-95.5897655,48.0204999],[-95.6013234,48.5397104],[-95.2141342,48.5397104],[-95.2083552,48.3658121],[-94.4281979,48.3682964],[-94.4281979,48.7011873],[-94.6882504,48.7781994],[-94.8153871,49.3197682],[-95.1505658,49.384359],[-95.1563448,48.9992986],[-99.5252257,48.9992986],[-99.490552,48.3707807],[-99.8488465,48.3707807],[-99.8488465,48.0204999],[-99.8141728,47.8466017],[-99.2998469,47.8466017],[-99.2651732,47.3273912],[-99.4789941,47.3273912],[-99.4500994,46.6317982],[-99.0340155,46.629314],[-99.0051208,45.9411738]]]},"id":724},{"type":"Feature","properties":{"id":513,"name":"Flint-Saginaw-Bay City, MI","latitude":43.643882,"tvperc":90.2,"dma":513,"cableperc":59.6,"adsperc":31.0,"longitude":-83.847331},"geometry":{"type":"Polygon","coordinates":[[[-83.3210695,44.5127239],[-84.3670582,44.5077554],[-84.3670582,44.1599589],[-84.6097738,44.1599589],[-84.6039948,43.8146467],[-85.0894261,43.8146467],[-85.0836471,43.4668502],[-84.8467105,43.4668502],[-84.8351526,43.1190537],[-84.3670582,43.1190537],[-84.3612792,42.7762257],[-83.6851429,42.7836785],[-83.6909219,42.8706276],[-83.4539852,42.8755962],[-83.4597641,43.2333297],[-83.3499642,43.235814],[-83.3557432,43.3227631],[-83.1014697,43.3277316],[-83.1188065,43.6755281],[-82.6044806,43.7103077],[-82.7431752,43.9910292],[-82.962775,44.0680413],[-83.4077536,43.9165014],[-83.4077536,43.9115328],[-83.3961958,43.9065643],[-83.3326274,43.9040801],[-83.3268484,43.884206],[-83.6851429,43.5811262],[-83.8469533,43.6407484],[-83.9567532,43.7599929],[-83.9047427,43.9189856],[-83.8411744,43.9959977],[-83.575343,44.0481672],[-83.5348904,44.2518765],[-83.3326274,44.3363414],[-83.3210695,44.5127239]]]},"id":513},{"type":"Feature","properties":{"id":866,"name":"Fresno-Visalia, CA","latitude":36.846642,"tvperc":80.4,"dma":866,"cableperc":34.7,"adsperc":46.4,"longitude":-119.613123},"geometry":{"type":"Polygon","coordinates":[[[-120.6703781,36.1382813],[-120.3236415,35.9097294],[-120.2138416,35.7904849],[-118.0062854,35.7880006],[-117.9831696,35.8674969],[-118.0987484,36.3469592],[-118.3645798,36.6922715],[-118.4397061,37.059942],[-118.6650849,37.1543439],[-118.7980005,37.4872349],[-119.0176004,37.584121],[-119.1216214,37.7331767],[-119.260316,37.7257239],[-119.5377052,37.9045906],[-119.8093156,37.755535],[-120.0809259,37.8275786],[-120.3409783,37.7257239],[-120.3120836,37.6536803],[-120.3929888,37.6834915],[-120.3872099,37.6338062],[-120.982441,37.4002857],[-120.9651042,37.345632],[-121.2482724,37.0897532],[-121.2193777,36.9108864],[-120.5952518,36.4885621],[-120.6703781,36.1382813]]]},"id":866},{"type":"Feature","properties":{"id":571,"name":"Ft. Myers-Naples, FL","latitude":26.5720265,"tvperc":94.9,"dma":571,"cableperc":62.5,"adsperc":33.5,"longitude":-81.6230635},"geometry":{"type":"MultiPolygon","coordinates":[[[[-82.257744,26.9440328],[-82.355986,26.946517],[-82.2981966,26.8943476],[-82.3155334,26.8695049],[-82.3386492,26.8943476],[-82.2808598,26.8173355],[-82.159502,26.822304],[-82.159502,26.7800716],[-82.1479441,26.7900086],[-82.159502,26.8570836],[-82.2057335,26.9614226],[-82.0612599,26.9514855],[-82.0323652,26.526677],[-81.7780917,26.708028],[-81.9283442,26.5440668],[-82.0092494,26.5217085],[-82.0150284,26.4869288],[-81.853218,26.4446964],[-81.8012075,26.0894471],[-81.650955,25.9329387],[-81.344671,25.8037571],[-80.8707977,25.8062414],[-80.8707977,27.1477421],[-80.9459239,27.2098487],[-81.1713027,27.2098487],[-81.2695447,27.0334661],[-81.5642708,27.0334661],[-81.5642708,27.3415145],[-82.055481,27.3390302],[-82.055481,27.0309819],[-82.257744,27.0309819],[-82.257744,26.9440328]],[[-81.9919126,26.4918973],[-81.9976916,26.4918973],[-81.9919126,26.4943816],[-81.9919126,26.4918973]]],[[[-82.3733229,26.946517],[-82.361765,26.93658],[-82.361765,26.9241587],[-82.3444281,26.8968318],[-82.3733229,26.946517]]],[[[-82.355986,26.9266429],[-82.355986,26.9340957],[-82.361765,26.9291272],[-82.355986,26.9266429]]],[[[-82.2635229,26.717965],[-82.251965,26.7477762],[-82.257744,26.7428077],[-82.2693019,26.7924929],[-82.2635229,26.7949771],[-82.2808598,26.8098827],[-82.2693019,26.7875243],[-82.2635229,26.717965]]],[[[-82.257744,26.7577132],[-82.2461861,26.7626817],[-82.2461861,26.7726188],[-82.2635229,26.7626817],[-82.257744,26.7577132]]],[[[-82.257744,26.7577132],[-82.2635229,26.7577132],[-82.257744,26.755229],[-82.257744,26.7502604],[-82.257744,26.7577132]]],[[[-82.2230703,26.6111418],[-82.2288493,26.6335002],[-82.2404072,26.6459215],[-82.257744,26.6782169],[-82.251965,26.708028],[-82.2230703,26.6111418]]],[[[-82.1652809,26.6956067],[-82.1652809,26.7055437],[-82.1479441,26.7030595],[-82.1710598,26.7055437],[-82.1768388,26.7005752],[-82.1652809,26.6956067]]],[[[-82.0843757,26.4894131],[-82.0670389,26.6111418],[-82.159502,26.7030595],[-82.1826177,26.6807011],[-82.0843757,26.4894131]]],[[[-82.0728178,26.6285317],[-82.0728178,26.6260474],[-82.0728178,26.6235631],[-82.0728178,26.6285317],[-82.0670389,26.6310159],[-82.0785968,26.6384687],[-82.0785968,26.6359844],[-82.0785968,26.6335002],[-82.0728178,26.6285317]]],[[[-82.0728178,26.6285317],[-82.0670389,26.6260474],[-82.0670389,26.6285317],[-82.0728178,26.6285317]]],[[[-82.1999546,26.5564881],[-82.2057335,26.5862992],[-82.2230703,26.6061733],[-82.2230703,26.5887835],[-82.1999546,26.5564881]]],[[[-82.0785968,26.422338],[-82.0150284,26.4546334],[-82.1826177,26.479476],[-82.1999546,26.5515196],[-82.1883967,26.4918973],[-82.1826177,26.4769918],[-82.1768388,26.4720232],[-82.0785968,26.422338]]],[[[-82.0612599,26.4943816],[-82.055481,26.4968659],[-82.0670389,26.5018344],[-82.0612599,26.4993501],[-82.0612599,26.4943816]]],[[[-81.95146,26.4670547],[-81.95146,26.4571177],[-81.9399021,26.4571177],[-81.9399021,26.4645705],[-81.95146,26.4670547]]],[[[-81.8878916,26.4024639],[-81.9052285,26.4322751],[-81.9167864,26.4372436],[-81.9283442,26.4496649],[-81.9630179,26.4596019],[-81.9687968,26.4645705],[-81.9687968,26.4596019],[-81.9630179,26.4546334],[-81.9052285,26.4248223],[-81.8936706,26.4049482],[-81.8878916,26.4024639]]],[[[-81.8705548,26.3776213],[-81.8647759,26.3925269],[-81.8821127,26.4074325],[-81.8821127,26.3950112],[-81.8705548,26.3776213]]],[[[-81.853218,26.3602315],[-81.8647759,26.3776213],[-81.8647759,26.3751371],[-81.8647759,26.3652],[-81.853218,26.3602315]]],[[[-81.6740707,25.9006433],[-81.7434181,25.9677183],[-81.749197,25.9528128],[-81.7260812,25.9080961],[-81.6740707,25.9006433]]]]},"id":571},{"type":"Feature","properties":{"id":670,"name":"Ft. Smith-Fayetteville-Springdale-Rogers, AR","latitude":35.5031505,"tvperc":89.5,"dma":670,"cableperc":51.1,"adsperc":38.7,"longitude":-94.202877},"geometry":{"type":"Polygon","coordinates":[[[-93.6942722,35.7681265],[-93.5209039,35.763158],[-93.4457776,36.0811433],[-93.5844723,36.1556712],[-93.6595985,36.3022425],[-93.8676405,36.3072111],[-93.8676405,36.4984991],[-94.6189031,36.4984991],[-94.4744295,35.638945],[-95.12745,35.638945],[-95.0869974,35.4625625],[-94.8153871,35.3234439],[-94.8153871,35.2017151],[-94.925187,35.2017151],[-94.925187,34.943352],[-95.0581027,34.8539186],[-95.0581027,34.6800204],[-94.9367449,34.6800204],[-94.9367449,34.5061221],[-94.4628716,34.5086064],[-94.4570927,34.7297056],[-93.8791984,34.6651148],[-93.711609,34.7446111],[-93.7058301,35.13464],[-93.2781883,35.2116521],[-93.2781883,35.3184753],[-93.4226619,35.3284124],[-93.4342197,35.4277828],[-93.711609,35.3756133],[-93.6942722,35.7681265]]]},"id":670},{"type":"Feature","properties":{"id":509,"name":"Ft. Wayne, IN","latitude":41.0334615,"tvperc":79.0,"dma":509,"cableperc":45.1,"adsperc":34.3,"longitude":-85.1430895},"geometry":{"type":"Polygon","coordinates":[[[-84.3959529,40.6844783],[-84.3381635,40.8583765],[-84.4017318,40.9900423],[-84.3439424,40.9900423],[-84.3439424,41.2086573],[-84.8062579,41.253374],[-84.8062579,41.7601631],[-85.199226,41.7601631],[-85.193447,41.5266426],[-85.6557625,41.5241584],[-85.6846572,41.0471803],[-85.9447096,41.0422118],[-85.9389307,40.6521829],[-85.4477205,40.6546672],[-85.4477205,40.567718],[-85.199226,40.567718],[-85.2165628,40.3068707],[-84.8062579,40.3093549],[-84.8004789,40.729195],[-84.3959529,40.6844783]]]},"id":509},{"type":"Feature","properties":{"id":592,"name":"Gainesville, FL","latitude":29.4735495,"tvperc":89.8,"dma":592,"cableperc":56.6,"adsperc":33.9,"longitude":-82.7294775},"geometry":{"type":"MultiPolygon","coordinates":[[[[-82.7547331,29.0010006],[-82.5351333,29.0457173],[-82.5351333,29.214647],[-82.4022176,29.214647],[-82.4079965,29.4854314],[-82.055481,29.4407147],[-82.049702,29.7338574],[-82.1306072,29.8357121],[-82.5235754,29.9450196],[-82.6507121,29.8257751],[-82.7894067,29.9350826],[-82.8934277,29.8257751],[-83.3210695,29.8232908],[-83.4077536,29.6667824],[-83.3961958,29.5177268],[-83.2228275,29.4258091],[-83.165038,29.3239544],[-83.1534802,29.3165017],[-83.1419223,29.3239544],[-83.1188065,29.3165017],[-83.0552381,29.2394896],[-83.0552381,29.1748988],[-82.8067436,29.167446],[-82.7547331,29.0010006]]],[[[-83.1245854,29.2767535],[-83.1130276,29.2966276],[-83.1419223,29.3214702],[-83.1592591,29.2941433],[-83.1245854,29.2767535]]],[[[-83.0321224,29.1500562],[-83.0263434,29.1550247],[-83.0263434,29.157509],[-83.0321224,29.1550247],[-83.0321224,29.1500562]]],[[[-83.0379013,29.1351506],[-83.0436802,29.1475719],[-83.0552381,29.1376349],[-83.0494592,29.157509],[-83.0379013,29.1351506]]],[[[-83.0321224,29.1500562],[-83.0379013,29.1426034],[-83.0321224,29.1401192],[-83.0321224,29.1500562]]],[[[-83.0552381,29.1276979],[-83.0494592,29.1326664],[-83.0379013,29.1401192],[-83.0494592,29.1376349],[-83.0552381,29.1276979]]],[[[-83.066796,29.0954025],[-83.0610171,29.1028552],[-83.0783539,29.100371],[-83.072575,29.0978867],[-83.066796,29.0954025]]],[[[-83.0321224,29.0954025],[-83.0263434,29.0954025],[-83.0321224,29.0978867],[-83.0321224,29.0954025]]],[[[-83.0321224,29.0954025],[-83.0321224,29.0978867],[-83.0379013,29.0954025],[-83.0321224,29.0954025]]]]},"id":592},{"type":"Feature","properties":{"id":798,"name":"Glendive, MT","latitude":46.836368,"tvperc":93.8,"dma":798,"cableperc":68.6,"adsperc":26.0,"longitude":-105.065505},"geometry":{"type":"Polygon","coordinates":[[[-105.9629682,47.1808198],[-106.084326,47.1808198],[-106.084326,46.8603502],[-105.6162316,46.8330233],[-105.575779,46.6591251],[-105.4890948,46.6591251],[-105.4486422,46.5696917],[-104.9863268,46.5398806],[-104.7320533,46.6119241],[-104.7320533,46.4827426],[-104.9054216,46.4827426],[-104.8880848,46.1374304],[-104.5182324,46.1374304],[-104.5182324,46.0554498],[-104.3910957,46.0554498],[-104.3910957,45.9709849],[-104.1368222,45.9685006],[-104.1368222,45.8815515],[-104.0443591,45.8815515],[-104.0443591,46.6417353],[-104.6049166,46.6839677],[-104.6049166,46.8603502],[-104.4315483,46.8901613],[-104.3044115,47.0417012],[-104.3390852,47.2454106],[-104.4488851,47.3174542],[-104.4199904,47.3547181],[-104.5124535,47.3547181],[-104.5124535,47.5286163],[-104.5933587,47.5286163],[-104.5933587,47.6155654],[-104.9805478,47.6155654],[-104.9805478,47.7025146],[-105.2348213,47.7025146],[-105.2348213,47.7919479],[-105.3619581,47.7894637],[-105.4081896,47.1808198],[-105.8358314,47.1808198],[-105.8300525,47.0938707],[-105.8878419,47.0938707],[-105.9629682,47.0938707],[-105.9629682,47.1808198]]]},"id":798},{"type":"Feature","properties":{"id":773,"name":"Grand Junction-Montrose, CO","latitude":38.425681,"tvperc":84.9,"dma":773,"cableperc":52.8,"adsperc":32.5,"longitude":-108.2153545},"geometry":{"type":"MultiPolygon","coordinates":[[[[-109.0489237,39.3678202],[-109.0431448,38.1530167],[-107.9451456,38.1530167],[-107.9393667,38.2200917],[-108.1300718,38.3318835],[-107.500167,38.3020723],[-107.500167,38.6697429],[-108.3785663,38.6672587],[-108.3785663,38.8287356],[-108.1416297,38.9057477],[-107.9798193,39.0597718],[-107.7197668,39.0647404],[-107.3788092,39.2684497],[-107.4654933,39.3156507],[-107.4308197,39.3653359],[-109.0489237,39.3678202]]],[[[-109.0431448,37.8822323],[-109.0431448,37.4847506],[-108.916008,37.631322],[-107.9740403,37.6387748],[-107.8642404,37.755535],[-107.9913771,37.8573897],[-108.210977,37.8201258],[-108.2572085,37.8946536],[-109.0431448,37.8822323]]]]},"id":773},{"type":"Feature","properties":{"id":563,"name":"Grand Rapids-Kalamazoo-Battle Creek, MI","latitude":42.7892405,"tvperc":86.4,"dma":563,"cableperc":55.2,"adsperc":31.6,"longitude":-85.624075},"geometry":{"type":"Polygon","coordinates":[[[-85.7886782,41.7601631],[-84.8235947,41.7601631],[-84.8235947,42.07318],[-84.7080158,42.0706957],[-84.7195737,42.4209765],[-85.0720892,42.4209765],[-85.0778682,42.597359],[-85.0720892,42.7712572],[-84.8351526,42.7712572],[-84.8467105,43.4668502],[-85.5632994,43.4693344],[-85.5632994,43.8146467],[-86.4301408,43.8196152],[-86.5399408,43.6183901],[-86.2567725,43.0917268],[-86.210541,42.8631749],[-86.2452147,42.4880515],[-86.3665725,42.2421097],[-86.2220989,42.244594],[-86.2220989,42.0706957],[-85.7655624,42.0682115],[-85.7886782,41.7601631]]]},"id":563},{"type":"Feature","properties":{"id":755,"name":"Great Falls, MT","latitude":47.838823,"tvperc":88.0,"dma":755,"cableperc":47.3,"adsperc":41.2,"longitude":-109.9362935},"geometry":{"type":"Polygon","coordinates":[[[-111.7881427,46.9150039],[-111.6610059,46.9125197],[-111.5396481,46.9125197],[-111.5396481,46.9994688],[-111.1582379,47.0118901],[-111.1582379,47.0889022],[-111.0831116,47.0889022],[-111.0831116,47.0094058],[-110.7594908,46.9000984],[-110.4647647,46.6789992],[-110.0544598,46.7485585],[-109.8175231,46.6939047],[-108.6328398,46.7485585],[-108.609724,47.0988392],[-108.7368608,47.0988392],[-108.719524,47.2702532],[-108.314998,47.3149699],[-108.314998,47.58327],[-107.9798193,47.5857543],[-107.8642404,47.4565728],[-107.6561985,47.6528293],[-106.9164937,47.6727034],[-106.6102098,47.7770424],[-106.5004099,47.9583934],[-106.4195047,47.9583934],[-106.3963889,48.0652166],[-105.8416104,48.0105629],[-105.8069367,48.564553],[-106.0207576,48.5620687],[-106.0207576,48.8229161],[-106.1536733,48.8229161],[-106.1132207,48.9992986],[-114.0708252,48.9992986],[-114.0014779,48.8328531],[-113.7587623,48.8179476],[-113.7009728,48.7160929],[-113.7529833,48.6142382],[-113.4698151,48.5471632],[-113.481373,48.4527613],[-113.3542362,48.4229501],[-113.3889099,48.3409695],[-113.2386574,48.2465676],[-113.2328784,48.1695556],[-112.9843839,48.1198703],[-112.8803629,47.9782675],[-112.9843839,47.9534249],[-112.8572471,47.630471],[-112.5509632,47.6528293],[-112.2851318,47.506258],[-112.0481951,47.516195],[-112.0424162,47.1932411],[-111.7881427,47.1286504],[-111.7881427,46.9150039]]]},"id":755},{"type":"Feature","properties":{"id":658,"name":"Green Bay-Appleton, WI","latitude":44.7644785,"tvperc":80.0,"dma":658,"cableperc":49.7,"adsperc":30.6,"longitude":-88.2017},"geometry":{"type":"MultiPolygon","coordinates":[[[[-89.5970016,43.9810921],[-89.1693598,43.9835764],[-89.1693598,43.7649615],[-89.2444861,43.7674457],[-89.2444861,43.6432327],[-88.4007604,43.6308114],[-88.4007604,43.5438623],[-88.1638237,43.5438623],[-88.1638237,43.8916588],[-87.730403,43.8916588],[-87.6437189,44.1053052],[-87.5108032,44.1922543],[-87.5454768,44.3214358],[-87.4645716,44.5549563],[-87.123614,45.066714],[-87.0484877,45.0890724],[-87.0427088,45.228191],[-86.9733615,45.2430965],[-87.0600456,45.2977503],[-87.1698455,45.1536632],[-87.2391929,45.1685687],[-87.4067822,44.9126899],[-87.3836664,44.8331935],[-87.4356769,44.8928158],[-87.5801505,44.8530676],[-87.9268871,44.5350823],[-88.0482449,44.5599249],[-87.8402029,44.932564],[-87.632161,44.9772806],[-87.5974873,45.1511789],[-87.2680876,45.5387236],[-87.325877,45.5511449],[-87.3663296,45.9858905],[-87.6148241,45.9858905],[-87.6148241,45.8989413],[-87.6957293,45.8989413],[-87.6957293,45.7225588],[-87.9962344,45.7946024],[-88.0598028,45.7126218],[-88.4238762,45.7225588],[-88.4296551,45.3772466],[-88.6781497,45.3797309],[-88.643476,45.1163992],[-88.9844336,45.1188835],[-88.9844336,45.0294501],[-89.2213703,45.0294501],[-89.2271492,44.2444238],[-89.5970016,44.246908],[-89.5970016,43.9810921]]],[[[-86.8346668,45.4020892],[-86.8057721,45.4070577],[-86.8115511,45.4219633],[-86.8288879,45.4294161],[-86.8346668,45.4020892]]],[[[-86.8751194,45.3300457],[-86.8404458,45.3971207],[-86.9386878,45.4219633],[-86.9560246,45.342467],[-86.921351,45.3548883],[-86.8751194,45.3300457]]],[[[-86.8982352,45.295266],[-86.8982352,45.3126558],[-86.9329089,45.3399827],[-86.9329089,45.3325299],[-86.8982352,45.295266]]],[[[-86.9444668,45.3027188],[-86.9502457,45.3126558],[-86.9618036,45.3126558],[-86.9560246,45.3052031],[-86.9444668,45.3027188]]],[[[-87.325877,45.1561474],[-87.3374349,45.2108011],[-87.3778875,45.1983798],[-87.3778875,45.1785058],[-87.325877,45.1561474]]]]},"id":658},{"type":"Feature","properties":{"id":518,"name":"Greensboro-High Point-Winston Salem, NC","latitude":35.994693,"tvperc":91.9,"dma":518,"cableperc":58.9,"adsperc":33.5,"longitude":-80.4077355},"geometry":{"type":"Polygon","coordinates":[[[-81.6798497,36.5879325],[-81.3504499,36.5755112],[-81.246429,36.3891917],[-81.3620078,36.3643491],[-81.546934,36.1184073],[-81.3273342,35.9941942],[-80.6916504,36.0513322],[-80.7089873,35.8525914],[-80.333356,35.7209256],[-80.1079772,35.4600782],[-80.0501878,35.3706448],[-80.0733035,35.1420928],[-79.616767,35.1644512],[-79.7727985,35.5122477],[-79.5531987,35.5147319],[-79.5416408,35.8426543],[-79.2353568,35.8451386],[-79.2584726,36.2426203],[-79.1544516,36.2426203],[-79.1371148,36.5407316],[-80.0559667,36.5432158],[-80.0733035,36.8462956],[-80.3449139,36.8338743],[-80.4893874,36.650039],[-80.5934084,36.6624603],[-80.6107452,36.5581214],[-80.836124,36.5581214],[-81.044166,36.8065475],[-81.5411551,36.7022085],[-81.6798497,36.5879325]]]},"id":518},{"type":"Feature","properties":{"id":545,"name":"Greenville-New Bern-Washington, NC","latitude":35.342169,"tvperc":89.0,"dma":545,"cableperc":53.7,"adsperc":35.7,"longitude":-76.9754245},"geometry":{"type":"MultiPolygon","coordinates":[[[[-78.200926,34.7371583],[-78.1142419,34.7222528],[-77.6808211,34.7197685],[-77.5305686,34.4564369],[-77.3629793,34.543386],[-77.4496634,34.6129453],[-77.3687582,34.6402722],[-77.4323266,34.7520639],[-77.3514214,34.7346741],[-77.3629793,34.724737],[-77.3976529,34.7172843],[-77.3167477,34.6328194],[-77.4034319,34.5856185],[-77.3167477,34.5483545],[-77.2185057,34.6526935],[-77.1202637,34.6874731],[-77.1549373,34.771938],[-77.1144847,34.7545482],[-77.1087058,34.7520639],[-77.1144847,34.7421269],[-77.1029268,34.7172843],[-77.0740321,34.7123157],[-77.091369,34.6725676],[-76.9064428,34.7321898],[-76.6926219,34.7148],[-76.779306,34.7545482],[-76.7215166,34.7992649],[-76.6521693,34.7123157],[-76.6059377,34.7893278],[-76.5134747,34.7197685],[-76.4036747,34.886214],[-76.3112117,34.9060881],[-76.4094537,34.9358992],[-76.4036747,34.9632261],[-76.4383484,34.9036038],[-76.4672431,34.9632261],[-76.4383484,35.057628],[-76.5019168,34.953289],[-76.582822,34.9880687],[-76.5192536,34.8886982],[-76.6348325,34.9880687],[-76.6290535,34.896151],[-76.6868429,34.8986353],[-76.7041798,34.9557733],[-76.7619692,34.8613714],[-76.785085,34.8936668],[-76.7619692,34.9160251],[-76.9642322,34.9930372],[-77.08559,35.1644512],[-77.0740321,35.1619669],[-77.0740321,35.1520299],[-77.0335795,35.1371243],[-76.987348,35.0650808],[-76.8024218,34.9657103],[-76.5365904,35.1495456],[-76.7735271,35.13464],[-76.6695061,35.2041993],[-76.6579482,35.2041993],[-76.6521693,35.1992308],[-76.6348325,35.1743882],[-76.6117167,35.1793567],[-76.6117167,35.2215892],[-76.5250325,35.1843253],[-76.5192536,35.2066836],[-76.5943799,35.238979],[-76.5481483,35.2439475],[-76.4903589,35.2191049],[-76.4845799,35.3110226],[-76.9700112,35.4352356],[-77.0740321,35.5197004],[-76.5712641,35.3880346],[-76.6290535,35.5197004],[-76.4499063,35.5544801],[-76.4845799,35.5047949],[-76.5886009,35.5072791],[-76.5250325,35.3954874],[-76.3978958,35.4327513],[-76.4036747,35.3482865],[-76.3458853,35.3482865],[-76.3516643,35.4153615],[-76.1494012,35.3284124],[-75.8835699,35.5743542],[-75.9009067,35.6687561],[-76.1262855,35.6811774],[-76.0396013,35.6836616],[-76.0107066,35.9221507],[-76.068496,35.9097294],[-76.1262855,35.9469933],[-76.1205065,35.9519618],[-76.1089486,35.9519618],[-76.074275,35.9221507],[-76.0107066,35.9569303],[-76.1667381,35.9941942],[-76.7215166,35.9370562],[-76.7330745,36.2426203],[-77.2994109,36.2078406],[-77.2300636,36.1035017],[-77.4092108,35.9991627],[-77.3514214,35.820296],[-77.8252947,35.5718699],[-77.8310737,35.1768725],[-78.1662524,35.1892938],[-78.200926,34.7371583]]],[[[-76.7272955,36.2426203],[-76.7272955,36.230199],[-76.7215166,36.2426203],[-76.7272955,36.2426203]]],[[[-76.0049277,35.0650808],[-75.9644751,35.0998604],[-75.7622121,35.1967466],[-75.9818119,35.1222187],[-76.0049277,35.0650808]]],[[[-75.7506542,35.1892938],[-75.7506542,35.1942623],[-75.7564331,35.1942623],[-75.7506542,35.1892938]]],[[[-76.068496,35.067565],[-76.068496,35.057628],[-76.0511592,35.0650808],[-76.0569382,35.0700493],[-76.068496,35.067565]]],[[[-76.068496,35.067565],[-76.068496,35.0725335],[-76.074275,35.067565],[-76.074275,35.0650808],[-76.068496,35.067565]]],[[[-76.1262855,35.00049],[-76.0396013,35.0551437],[-76.0396013,35.0625965],[-76.0511592,35.0700493],[-76.0453803,35.0551437],[-76.0511592,35.0526594],[-76.1262855,35.0029742],[-76.1262855,35.00049]]],[[[-76.074275,35.0551437],[-76.0800539,35.0625965],[-76.0858329,35.0551437],[-76.0800539,35.0551437],[-76.074275,35.0551437]]],[[[-76.2996538,34.9234779],[-76.2996538,35.010427],[-76.3343274,35.0253326],[-76.3169906,35.0029742],[-76.3574432,35.0228483],[-76.3169906,34.9582575],[-76.380559,34.9309307],[-76.2996538,34.9234779]]],[[[-76.1378434,35.00049],[-76.1378434,35.0054585],[-76.1436223,35.0029742],[-76.1378434,35.00049]]],[[[-76.178296,34.9607418],[-76.178296,34.9731631],[-76.1262855,35.00049],[-76.2129696,34.9358992],[-76.178296,34.9607418]]],[[[-76.178296,34.9607418],[-76.178296,34.9632261],[-76.1840749,34.9657103],[-76.178296,34.9607418]]],[[[-76.1898538,34.9557733],[-76.1898538,34.9607418],[-76.1956328,34.9582575],[-76.1956328,34.9557733],[-76.1898538,34.9557733]]],[[[-76.3112117,34.8539186],[-76.276538,34.8812455],[-76.2129696,34.9334149],[-76.3169906,34.8588871],[-76.3112117,34.8539186]]],[[[-76.5365904,34.5806499],[-76.3227695,34.8539186],[-76.4383484,34.7595167],[-76.5365904,34.6104611],[-76.5539273,34.6253666],[-76.5365904,34.5806499]]],[[[-76.681064,34.7073472],[-76.681064,34.7197685],[-76.6695061,34.7272213],[-76.6868429,34.7197685],[-76.681064,34.7073472]]],[[[-76.5250325,34.6849889],[-76.5597062,34.7098315],[-76.5886009,34.7123157],[-76.582822,34.6998944],[-76.5250325,34.6849889]]],[[[-77.0971479,34.6427564],[-76.6752851,34.6974102],[-76.8255376,34.704863],[-77.0624742,34.6675991],[-77.0971479,34.6427564]],[[-76.8024218,34.6974102],[-76.8197586,34.6974102],[-76.8024218,34.7023787],[-76.8024218,34.6974102]]],[[[-76.6984008,34.6998944],[-76.6926219,34.7023787],[-76.6984008,34.7123157],[-76.7041798,34.7073472],[-76.6984008,34.6998944]]],[[[-76.5308115,34.6278509],[-76.5308115,34.6427564],[-76.5712641,34.6651148],[-76.6637272,34.6899574],[-76.6521693,34.6800204],[-76.5539273,34.647725],[-76.5308115,34.6278509]]],[[[-77.1722742,34.6228824],[-77.1260426,34.6353037],[-77.1144847,34.6402722],[-77.1433794,34.6427564],[-77.1722742,34.6228824]]],[[[-77.2011689,34.6154296],[-77.1953899,34.6154296],[-77.2069478,34.6278509],[-77.2069478,34.6228824],[-77.2011689,34.6154296]]],[[[-77.2300636,34.5955555],[-77.1780531,34.6203981],[-77.2069478,34.6129453],[-77.2127268,34.6228824],[-77.2300636,34.5955555]]],[[[-77.3340846,34.5309647],[-77.2300636,34.5930712],[-77.2416215,34.5955555],[-77.2820741,34.5657444],[-77.3398635,34.533449],[-77.3340846,34.5309647]]],[[[-77.5190107,34.4415313],[-77.3398635,34.5259962],[-77.3398635,34.5409018],[-77.3687582,34.5160592],[-77.4727792,34.4812795],[-77.5132318,34.4489841],[-77.5074529,34.4663739],[-77.5247897,34.4514684],[-77.5190107,34.4415313]]]]},"id":545},{"type":"Feature","properties":{"id":567,"name":"Greenville-Spartanburg, SC-Asheville, NC-Anderson,SC","latitude":35.0526635,"tvperc":92.8,"dma":567,"cableperc":46.0,"adsperc":47.2,"longitude":-82.697701},"geometry":{"type":"Polygon","coordinates":[[[-84.0203216,35.4128772],[-84.0261005,35.2911485],[-83.9567532,35.2166206],[-83.7082587,35.2563688],[-83.7371534,35.1569984],[-83.6446903,35.1520299],[-83.5175536,34.9955215],[-83.1014697,34.9980057],[-83.3037327,34.8166547],[-83.4597641,34.4812795],[-83.3904168,34.4464999],[-83.3557432,34.2229164],[-83.1130276,34.2750859],[-83.1014697,34.1682627],[-82.864533,33.9819431],[-82.564028,33.9546163],[-82.5929227,34.0142385],[-82.4831228,34.0813135],[-82.3270913,34.0639237],[-82.3039755,33.9720061],[-82.2461861,34.019207],[-82.0092494,33.962069],[-81.8705548,34.133483],[-81.9456811,34.2030423],[-81.8936706,34.2999285],[-81.645176,34.533449],[-81.5411551,34.4440156],[-81.4255762,34.4937008],[-81.4891446,35.0303011],[-81.4082394,35.0452067],[-81.3677868,35.1644512],[-81.7665338,35.1793567],[-81.6914076,35.5793227],[-81.8243233,35.5743542],[-81.8705548,35.7184413],[-81.9861337,35.8078747],[-81.9225653,35.9370562],[-82.0323652,35.9420248],[-82.1479441,36.1507026],[-82.355986,36.115923],[-82.558249,35.9544461],[-82.6680489,36.0538165],[-82.8067436,35.9271192],[-82.9223224,35.9296034],[-82.962775,35.7904849],[-83.1592591,35.7656422],[-83.5002167,35.5619329],[-83.881627,35.5197004],[-84.0203216,35.4128772]]]},"id":567},{"type":"Feature","properties":{"id":647,"name":"Greenwood-Greenville, MS","latitude":33.585109,"tvperc":92.8,"dma":647,"cableperc":58.9,"adsperc":35.1,"longitude":-90.4836365},"geometry":{"type":"Polygon","coordinates":[[[-89.7472541,33.2143066],[-89.6432331,33.2863501],[-89.6490121,33.4031104],[-89.7877067,33.4155317],[-89.7877067,33.6763791],[-89.5045385,33.6763791],[-89.5045385,33.8676671],[-89.9264013,33.8974783],[-89.9321803,34.1632941],[-90.1344433,34.1608099],[-90.1344433,34.0738608],[-90.4522852,34.0738608],[-90.4522852,33.9869116],[-90.6603271,33.9869116],[-90.6603271,34.1185775],[-90.9550532,34.1210617],[-90.874148,34.0887663],[-90.8914848,34.0291441],[-91.0879689,33.9695218],[-91.0128426,33.9297736],[-91.0706321,33.8602143],[-90.9897269,33.7757495],[-91.1457583,33.7682967],[-91.0359584,33.6738948],[-91.2208846,33.6937689],[-91.1284215,33.6043355],[-91.2440003,33.5173864],[-91.4520423,33.5645873],[-91.4578212,33.0056287],[-90.9146006,33.008113],[-90.9146006,33.0975463],[-90.6776639,33.1025149],[-90.7296744,33.2664761],[-90.4522852,33.3285826],[-90.365601,33.2391492],[-90.2846958,33.313677],[-90.3193695,33.3757835],[-89.7472541,33.2143066]]]},"id":647},{"type":"Feature","properties":{"id":636,"name":"Harlingen-Weslaco-Brownsville-McAllen, TX","latitude":26.311933,"tvperc":69.7,"dma":636,"cableperc":41.0,"adsperc":29.3,"longitude":-98.157698},"geometry":{"type":"MultiPolygon","coordinates":[[[[-99.1669312,26.5713937],[-99.086026,26.3974954],[-98.8086367,26.3701686],[-98.6699421,26.2360185],[-98.4445633,26.2235972],[-98.1498372,26.0496989],[-97.664406,26.0372776],[-97.4043536,25.8385368],[-97.363901,25.8509581],[-97.3465642,25.9304544],[-97.1443011,25.9577813],[-97.155859,26.059636],[-97.1731959,26.0571517],[-97.155859,26.0000137],[-97.25988,25.9950452],[-97.2656589,26.0621202],[-97.2425432,26.0720573],[-97.2309853,26.069573],[-97.2194274,26.0347934],[-97.2078695,26.0422462],[-97.2136485,26.0621202],[-97.2020906,26.0770258],[-97.3118905,26.1192582],[-97.3292273,26.3527787],[-97.4159115,26.3502945],[-97.3927957,26.4148853],[-97.4794798,26.4546334],[-97.4390272,26.5987205],[-97.9880268,26.6161104],[-97.9880268,26.7800716],[-98.9531103,26.7850401],[-99.1669312,26.5713937]]],[[[-97.2887747,26.6012048],[-97.2829958,26.5689094],[-97.3118905,26.5664251],[-97.2772168,26.5664251],[-97.2887747,26.6012048]]],[[[-97.1847537,26.2037231],[-97.155859,26.069573],[-97.1963116,26.3105463],[-97.2714379,26.5614566],[-97.3292273,26.5614566],[-97.2887747,26.5241927],[-97.2714379,26.5490353],[-97.1847537,26.2037231]]],[[[-97.2020906,26.0472147],[-97.1963116,26.0670888],[-97.1905327,26.0720573],[-97.2078695,26.0646045],[-97.2020906,26.0472147]]]]},"id":636},{"type":"Feature","properties":{"id":566,"name":"Harrisburg-Lancaster-Lebanon-York, PA","latitude":40.2836345,"tvperc":92.5,"dma":566,"cableperc":68.0,"adsperc":25.0,"longitude":-76.882001},"geometry":{"type":"Polygon","coordinates":[[[-77.8888631,40.3938198],[-77.7501685,40.3789142],[-77.7039369,40.2646382],[-77.6114738,40.2323429],[-77.4554424,39.9714955],[-77.4612213,39.7205852],[-76.1031697,39.7230694],[-75.9875908,39.8721251],[-75.9413593,40.1081298],[-75.872012,40.1379409],[-76.7041798,40.6571514],[-76.9180007,40.6024977],[-77.0393585,40.6795098],[-77.3572003,40.7018681],[-77.3629793,40.8484395],[-77.6808211,40.729195],[-77.8426315,40.5503282],[-77.8888631,40.3938198]]]},"id":566},{"type":"Feature","properties":{"id":569,"name":"Harrisonburg, VA","latitude":38.4231645,"tvperc":91.8,"dma":569,"cableperc":58.4,"adsperc":33.9,"longitude":-79.0679395},"geometry":{"type":"Polygon","coordinates":[[[-78.4840942,38.4213169],[-78.6921362,38.5107502],[-78.6401257,38.6051521],[-78.9926412,38.8510939],[-79.0562096,38.7616606],[-79.3509357,38.9579172],[-79.518525,38.8908421],[-79.5127461,38.7815346],[-79.6514407,38.5927308],[-79.3104831,38.4113798],[-79.5358618,38.155501],[-79.4433988,38.165438],[-79.4954092,38.0958787],[-79.1486727,37.8896851],[-78.9001781,37.9493073],[-78.7441467,38.2151232],[-78.4840942,38.4213169]]]},"id":569},{"type":"Feature","properties":{"id":533,"name":"Hartford & New Haven, CT","latitude":41.612664,"tvperc":98.3,"dma":533,"cableperc":84.1,"adsperc":15.1,"longitude":-72.659358},"geometry":{"type":"MultiPolygon","coordinates":[[[[-73.0692246,41.3005749],[-73.1212351,41.1763619],[-72.9074142,41.2980907],[-72.8958563,41.2409527],[-72.3121831,41.2782166],[-72.0405728,41.3477759],[-71.8267519,41.3428074],[-71.7978572,42.0234948],[-73.4853085,42.0508216],[-73.5199822,41.6657612],[-73.439077,41.491863],[-73.3003824,41.4719889],[-73.0692246,41.3005749]],[[-72.3295199,41.2807008],[-72.3352989,41.2856694],[-72.3410778,41.2980907],[-72.323741,41.2906379],[-72.3295199,41.2807008]]],[[[-71.9654465,41.320449],[-71.9596676,41.3229333],[-71.9654465,41.3254175],[-71.9654465,41.320449]]]]},"id":533},{"type":"Feature","properties":{"id":710,"name":"Hattiesburg-Laurel, MS","latitude":31.5670435,"tvperc":90.7,"dma":710,"cableperc":49.3,"adsperc":42.9,"longitude":-89.2449615},"geometry":{"type":"Polygon","coordinates":[[[-89.3253913,32.2230866],[-89.3138334,31.8032465],[-89.7530331,31.7734354],[-89.7530331,31.6094742],[-89.6027805,31.5399149],[-89.5854437,31.4330917],[-90.0419802,31.3958278],[-90.0304223,31.1747286],[-89.8339383,31.0753582],[-89.8339383,31.0008304],[-89.348507,31.0107674],[-89.3427281,30.9089127],[-88.8341811,30.911397],[-88.8399601,31.4330917],[-88.4469919,31.435576],[-88.4758867,31.8926799],[-88.9093074,31.8256049],[-88.9150863,32.2230866],[-89.3253913,32.2230866]]]},"id":710},{"type":"Feature","properties":{"id":766,"name":"Helena, MT","latitude":47.1878,"tvperc":82.6,"dma":766,"cableperc":54.8,"adsperc":28.3,"longitude":-112.3319335},"geometry":{"type":"Polygon","coordinates":[[[-111.6321112,46.5696917],[-111.6378902,46.7386214],[-111.4991955,46.763464],[-111.6378902,46.8330233],[-111.6205533,46.9025826],[-111.7881427,46.9150039],[-111.7881427,47.1286504],[-112.0424162,47.1932411],[-112.0481951,47.516195],[-112.2851318,47.506258],[-112.5509632,47.6528293],[-112.8167945,47.6081127],[-112.9150366,47.6950618],[-112.9843839,47.9534249],[-113.0884049,47.9186452],[-113.0595102,47.7894637],[-113.1635311,47.7199044],[-113.1172996,47.4913524],[-113.0595102,47.4888681],[-113.0595102,47.1783356],[-112.7994577,47.1783356],[-112.7936788,46.8305391],[-112.5336263,46.8355076],[-112.5336263,46.6988733],[-112.3198054,46.6566408],[-112.3198054,46.4206361],[-112.0308583,46.5696917],[-111.6321112,46.5696917]]]},"id":766},{"type":"Feature","properties":{"id":618,"name":"Houston, TX","latitude":29.606092,"tvperc":83.0,"dma":618,"cableperc":56.2,"adsperc":27.6,"longitude":-95.6464085},"geometry":{"type":"MultiPolygon","coordinates":[[[[-94.3530717,29.5599592],[-94.3588506,29.8878816],[-94.4397558,29.8878816],[-94.4455348,30.1139493],[-94.5957873,30.1114651],[-94.7344819,30.4890727],[-94.5379979,30.4915569],[-94.6593557,31.0107674],[-94.5611136,31.0629369],[-94.8442818,31.1474017],[-95.2025763,30.8244479],[-95.2488078,30.9064285],[-95.3990604,30.8592275],[-95.433734,31.0579684],[-95.6302181,30.8989757],[-96.1676598,30.8219636],[-96.1907756,30.5983801],[-96.0809756,30.4319347],[-96.144544,30.3375328],[-96.1792177,30.3946708],[-96.3121334,30.3847337],[-96.7339962,30.2431309],[-96.7917856,30.1611503],[-96.647312,30.1462447],[-96.5721858,29.9624094],[-96.8726908,29.6320028],[-96.5606279,29.3363757],[-96.9362592,29.0631071],[-96.8322382,29.0208746],[-96.5606279,28.6358143],[-96.4855016,28.6060031],[-96.4623859,28.6681096],[-96.4334912,28.6035189],[-96.4912806,28.5687392],[-96.4681648,28.5737077],[-96.3757017,28.6258772],[-96.4334912,28.7327004],[-96.3872596,28.7302162],[-96.3641438,28.6258772],[-96.1734387,28.7625115],[-96.1792177,28.7053735],[-96.2370071,28.643267],[-96.2312282,28.5811605],[-96.2254492,28.5786763],[-96.2081124,28.5836448],[-96.040523,28.6532041],[-96.0058494,28.6457513],[-95.9942915,28.6631411],[-95.9711757,28.6581726],[-95.9885125,28.643267],[-95.9769547,28.643267],[-95.9769547,28.6358143],[-95.9885125,28.63333],[-95.9769547,28.6159402],[-95.9827336,28.5960661],[-95.6995654,28.7252476],[-95.9596178,28.6258772],[-95.9249442,28.7028893],[-95.3817235,28.8643662],[-95.1216711,29.0705599],[-95.2199131,29.0159061],[-95.1505658,29.1798673],[-95.2083552,29.2121627],[-95.0985553,29.1748988],[-95.0060922,29.2792378],[-94.9425239,29.3140174],[-94.8962923,29.3040804],[-94.8847344,29.3885452],[-94.8096082,29.3637026],[-94.9194081,29.4481675],[-94.9483028,29.4183563],[-94.9540818,29.4705258],[-94.9078502,29.4978527],[-95.0234291,29.5525064],[-94.9656396,29.7015621],[-94.8905134,29.6618139],[-94.722924,29.7885112],[-94.6940293,29.6543611],[-94.7807135,29.5301481],[-94.3530717,29.5599592]]],[[[-94.6824714,29.453136],[-94.5091031,29.520211],[-94.5668926,29.5326323],[-94.5900083,29.4928842],[-94.6766925,29.4754943],[-94.7055872,29.4357462],[-94.6824714,29.453136]]],[[[-94.6824714,29.453136],[-94.7575977,29.3612184],[-94.6535767,29.4407147],[-94.5033242,29.510274],[-94.6824714,29.453136]]],[[[-94.7980503,29.3115331],[-94.7749345,29.3363757],[-94.8096082,29.3512813],[-94.8211661,29.3214702],[-94.7980503,29.3115331]]],[[[-95.1101132,29.0879497],[-94.722924,29.3314072],[-94.7691556,29.3363757],[-94.7807135,29.3140174],[-94.8789555,29.2941433],[-94.8789555,29.2792378],[-94.8327239,29.2792378],[-94.9540818,29.2295525],[-95.1101132,29.0879497]]],[[[-94.9194081,29.2941433],[-94.9136291,29.2941433],[-94.9020713,29.2991118],[-94.930966,29.2991118],[-94.9194081,29.2941433]]],[[[-96.9304803,28.586129],[-96.8900277,28.5066327],[-96.6646489,28.3252817],[-96.4045964,28.4420419],[-96.6415331,28.5712235],[-96.6646489,28.7053735],[-96.9304803,28.586129]]],[[[-95.9769547,28.6159402],[-96.2196703,28.5116012],[-96.2196703,28.4917271],[-95.9885125,28.5886133],[-95.9769547,28.6159402]]],[[[-96.3236912,28.4246521],[-96.2312282,28.4842744],[-96.2254492,28.4942114],[-96.3352491,28.4370734],[-96.3236912,28.4246521]]],[[[-96.3814807,28.394841],[-96.3641438,28.3998095],[-96.3294702,28.4246521],[-96.3410281,28.4321049],[-96.3814807,28.394841]]],[[[-96.8206803,28.1687733],[-96.8495751,28.0644343],[-96.4045964,28.3724826],[-96.751333,28.1712575],[-96.8206803,28.1687733]]],[[[-96.7975646,28.2780807],[-96.8091225,28.2209427],[-96.7860067,28.2507539],[-96.7975646,28.2780807]]]]},"id":618},{"type":"Feature","properties":{"id":691,"name":"Huntsville-Decatur (Florence), AL","latitude":34.7953925,"tvperc":93.1,"dma":691,"cableperc":56.8,"adsperc":36.6,"longitude":-86.8583345},"geometry":{"type":"Polygon","coordinates":[[[-88.1002554,34.8911825],[-88.1753816,34.3222868],[-86.4763724,34.3024127],[-86.3030041,34.0987034],[-86.1874252,34.1831682],[-85.8406886,34.2005581],[-85.5112889,34.5235119],[-85.603752,34.9855844],[-86.3203409,34.9905529],[-86.3896882,35.2364947],[-86.5803934,35.3706448],[-86.8288879,35.2638216],[-86.8346668,34.9905529],[-87.6032663,35.0029742],[-87.5743715,35.4054245],[-87.736182,35.4923736],[-87.9731186,35.4600782],[-88.0251291,35.3930032],[-87.9846765,35.0054585],[-88.2042763,35.0079428],[-88.1002554,34.8911825]]]},"id":691},{"type":"Feature","properties":{"id":758,"name":"Idaho Falls-Pocatello, ID","latitude":43.641669,"tvperc":79.8,"dma":758,"cableperc":32.7,"adsperc":47.7,"longitude":-112.6765315},"geometry":{"type":"Polygon","coordinates":[[[-110.0544598,43.3774168],[-110.0544598,44.008419],[-110.0544598,44.132632],[-110.1180282,44.132632],[-110.1411439,44.2767192],[-110.2971754,44.4282591],[-110.2913965,44.542535],[-110.6670278,44.5822832],[-110.6670278,44.6667481],[-111.0542169,44.6667481],[-111.048438,44.4729757],[-111.3836167,44.7561815],[-111.5165324,44.6443897],[-111.4703008,44.5400508],[-112.2851318,44.5673776],[-112.3891528,44.4481331],[-112.7821209,44.485397],[-112.8572471,44.361184],[-113.0074997,44.4555859],[-113.1288575,44.7735713],[-113.3426784,44.7835083],[-113.4524783,44.8654889],[-113.4524783,45.0592613],[-113.7414254,45.3300457],[-113.7645412,45.5213337],[-113.8338885,45.5213337],[-113.8049938,45.6033143],[-113.98992,45.705169],[-114.3308776,45.4592272],[-114.4695722,45.5660504],[-114.6660563,45.4716485],[-114.793193,45.5089124],[-114.793193,45.4368689],[-114.59093,45.2977503],[-114.7296247,45.1511789],[-114.7238457,44.8903315],[-114.9434456,44.7238861],[-115.1168139,44.7561815],[-115.307519,44.5797989],[-115.2266138,44.4630387],[-115.2901821,44.3338571],[-115.0243508,44.1574746],[-115.0474665,44.0382301],[-114.9723403,43.9388597],[-114.8163088,43.9935134],[-114.8163088,43.9289227],[-114.5620353,43.8444578],[-114.4869091,43.9040801],[-114.290425,43.8866902],[-114.1054988,43.7426031],[-114.0014779,43.7649615],[-113.8049938,43.5711891],[-113.7009728,43.5836104],[-113.5911729,43.4668502],[-113.6374045,43.3674798],[-113.3600152,43.3674798],[-113.3600152,43.2854992],[-113.0074997,43.2854992],[-113.0074997,43.1116009],[-113.2444363,43.1116009],[-113.2444363,42.8482693],[-113.2386574,42.7613202],[-113.180868,42.7613202],[-113.2386574,42.6246858],[-113.0017207,42.5874219],[-113.0017207,42.3265746],[-112.6549841,42.3290588],[-112.6549841,42.4160079],[-112.4989527,42.4160079],[-112.4989527,42.5029571],[-112.3833738,42.5029571],[-112.2966897,42.4458191],[-112.3255844,42.3240903],[-112.1926687,42.3514172],[-111.8979426,42.2570153],[-111.8979426,42.4160079],[-111.5801007,42.4284292],[-111.6032165,42.5899062],[-111.2795957,42.5526423],[-111.2449221,42.6023275],[-111.2333642,42.4781145],[-111.048438,42.5128941],[-111.048438,41.5788121],[-110.0486809,41.5763279],[-110.0544598,42.2719208],[-110.539891,42.2768893],[-110.6207962,42.7091507],[-110.5803436,43.2904677],[-110.3434069,43.2904677],[-110.3434069,43.3774168],[-110.0544598,43.3774168]]]},"id":758},{"type":"Feature","properties":{"id":527,"name":"Indianapolis, IN","latitude":39.84288,"tvperc":86.4,"dma":527,"cableperc":58.1,"adsperc":28.9,"longitude":-86.1652105},"geometry":{"type":"Polygon","coordinates":[[[-85.4419416,39.1964062],[-85.297468,39.2684497],[-85.297468,39.5243286],[-85.0374156,39.5268128],[-85.0316366,39.7156166],[-85.1876681,39.7156166],[-85.2223417,39.7876602],[-85.199226,40.0037909],[-84.8120368,40.0037909],[-84.8062579,40.3093549],[-85.2165628,40.3068707],[-85.199226,40.567718],[-85.4477205,40.567718],[-85.4477205,40.6546672],[-85.9389307,40.6521829],[-85.9447096,40.9999794],[-86.1700884,40.9974951],[-86.1700884,40.910546],[-86.9849194,40.9130303],[-86.9849194,40.8385024],[-87.1004982,40.8385024],[-87.1004982,40.7366478],[-87.52814,40.7366478],[-87.52814,40.4782847],[-87.0947193,40.4758004],[-87.0947193,40.5627495],[-86.6959722,40.5627495],[-86.6959722,40.214953],[-87.0947193,40.214953],[-87.0947193,40.3664929],[-87.4183401,40.1925947],[-87.4414559,39.9615584],[-87.0889403,39.9541057],[-87.0889403,39.8671565],[-87.0080351,39.8671565],[-87.0138141,39.4746434],[-86.9386878,39.4721591],[-86.9444668,39.3429775],[-87.0542667,39.3429775],[-87.0542667,39.1690793],[-86.6844143,39.166595],[-86.6844143,38.6871327],[-86.308783,38.6871327],[-86.3203409,39.0498348],[-85.8638044,39.0398978],[-85.800236,39.1293311],[-85.4419416,39.1964062]]]},"id":527},{"type":"Feature","properties":{"id":718,"name":"Jackson, MS","latitude":32.1874215,"tvperc":91.6,"dma":718,"cableperc":40.7,"adsperc":51.5,"longitude":-90.485657},"geometry":{"type":"Polygon","coordinates":[[[-89.8339383,31.0008304],[-89.8339383,31.0753582],[-90.0304223,31.1747286],[-90.0419802,31.3958278],[-89.5854437,31.4330917],[-89.6027805,31.5399149],[-89.7530331,31.6094742],[-89.7530331,31.7734354],[-89.3138334,31.8032465],[-89.3138334,33.2863501],[-89.7010226,33.2863501],[-89.7472541,33.2143066],[-90.3193695,33.3757835],[-90.2846958,33.313677],[-90.4118326,33.2341807],[-90.4522852,33.3285826],[-90.5563061,33.3285826],[-90.5563061,33.2714446],[-90.7296744,33.2664761],[-90.6834429,33.0975463],[-90.9146006,33.0975463],[-90.9146006,33.008113],[-91.1688741,33.0105972],[-91.2035477,32.960912],[-91.174653,32.9012897],[-91.1110847,32.9882389],[-91.0648531,32.9236481],[-91.1630951,32.8118564],[-91.1630951,32.7472656],[-91.0532952,32.722423],[-91.1457583,32.6031785],[-91.0012847,32.6230526],[-91.0821899,32.5559775],[-90.9897269,32.4889025],[-91.0937478,32.5485247],[-91.1110847,32.4789654],[-90.97239,32.4392173],[-90.9955058,32.3547524],[-90.874148,32.3721422],[-90.9955058,32.1932755],[-91.0417373,32.2429607],[-91.1630951,32.1957597],[-91.1630951,32.1336532],[-91.0070637,32.1435903],[-91.0821899,32.0467041],[-91.1573162,32.074031],[-91.076411,32.016893],[-91.1862109,31.9622392],[-91.2555582,31.8131836],[-91.3422424,31.845479],[-91.3653582,31.7610141],[-91.2671161,31.7510771],[-91.3711371,31.7461086],[-91.4000318,31.6194113],[-91.5098317,31.6343168],[-91.4058108,31.5896001],[-91.5213896,31.5225251],[-91.4636002,31.3809222],[-91.5676212,31.4231547],[-91.5098317,31.2840361],[-91.6543053,31.2492564],[-91.5907369,31.1921184],[-91.486716,31.2293823],[-91.4693791,31.3188157],[-91.2324425,31.3734695],[-91.1110847,31.3188157],[-90.5505272,31.3486269],[-90.5505272,31.0008304],[-89.8339383,31.0008304]]]},"id":718},{"type":"Feature","properties":{"id":639,"name":"Jackson, TN","latitude":35.5707925,"tvperc":91.6,"dma":639,"cableperc":59.7,"adsperc":32.6,"longitude":-88.530231},"geometry":{"type":"Polygon","coordinates":[[[-88.1984974,34.9955215],[-87.9846765,35.0054585],[-87.9788976,35.296117],[-88.0598028,35.4178458],[-88.2505079,35.4228143],[-88.1811606,35.7507367],[-88.2100553,36.1457341],[-88.6550339,36.1184073],[-88.7070444,35.7904849],[-88.9150863,35.7979376],[-89.0191073,35.6712403],[-89.0711178,35.6935987],[-89.0768967,35.4302671],[-88.8168443,35.4277828],[-88.5972445,35.591744],[-88.3660867,35.4923736],[-88.3776446,34.9955215],[-88.1984974,34.9955215]]]},"id":639},{"type":"Feature","properties":{"id":561,"name":"Jacksonville, FL","latitude":30.427575,"tvperc":92.1,"dma":561,"cableperc":58.4,"adsperc":34.3,"longitude":-82.006576},"geometry":{"type":"MultiPolygon","coordinates":[[[[-82.049702,29.7338574],[-82.055481,29.4705258],[-81.8416601,29.520211],[-81.6798497,29.3239544],[-81.5527129,29.3537656],[-81.4313551,29.3984823],[-81.5238182,29.6220657],[-81.2117553,29.6717509],[-81.246429,29.7164676],[-81.2522079,29.7313732],[-81.246429,29.7437945],[-81.3042184,29.8282594],[-81.3677868,30.034453],[-81.3620078,30.0667484],[-81.2868816,29.9127242],[-81.4544709,30.5213681],[-81.4255762,30.7002348],[-81.5007025,30.7225932],[-81.5353761,30.8269321],[-81.5180393,30.8468062],[-81.4833656,30.8443219],[-81.5180393,30.8865544],[-81.4949235,30.9089127],[-81.4718077,30.921334],[-81.4833656,30.9312711],[-81.4949235,30.9238183],[-81.5007025,30.9238183],[-81.5064814,30.9312711],[-81.5064814,30.9362396],[-81.5007025,30.9436924],[-81.5064814,30.9486609],[-81.5064814,30.9561137],[-81.5064814,30.9635665],[-81.5180393,30.9710192],[-81.4255762,31.0480313],[-81.4833656,31.1101378],[-81.4313551,31.1300119],[-81.442913,31.207024],[-81.4197973,31.2492564],[-81.3966815,31.254225],[-81.4255762,31.2865203],[-81.4313551,31.2890046],[-81.4255762,31.2890046],[-81.4255762,31.2989416],[-81.4313551,31.3039102],[-81.4255762,31.3014259],[-81.4255762,31.2890046],[-81.4313551,31.2890046],[-81.4197973,31.2840361],[-81.4082394,31.2790676],[-81.4082394,31.2666463],[-81.3851236,31.2815518],[-81.6220603,31.4529658],[-81.7260812,31.3262685],[-82.0323652,31.3660167],[-82.0612599,31.4653871],[-82.2288493,31.5299779],[-82.4022176,31.4157019],[-82.6275963,31.4703556],[-82.6275963,31.274099],[-82.7027226,31.2244138],[-82.4889017,30.9635665],[-82.4195544,30.5809903],[-82.7258384,30.5636005],[-82.6449332,30.4070921],[-82.6911647,30.3325643],[-82.7951857,30.3375328],[-82.8009646,29.9325983],[-82.6507121,29.8257751],[-82.5235754,29.9450196],[-82.1306072,29.8357121],[-82.049702,29.7338574]]],[[[-81.4197973,31.1896342],[-81.4197973,31.1846657],[-81.4082394,31.1747286],[-81.4197973,31.1548545],[-81.3909025,31.1324962],[-81.2695447,31.2914889],[-81.3909025,31.3063944],[-81.3793447,31.2840361],[-81.3851236,31.2467722],[-81.3966815,31.2045397],[-81.4197973,31.1896342]]],[[[-81.4197973,31.1896342],[-81.3966815,31.2045397],[-81.3966815,31.2591935],[-81.3966815,31.2467722],[-81.4197973,31.2467722],[-81.4313551,31.2268981],[-81.4197973,31.1896342]]],[[[-81.4255762,31.1548545],[-81.4082394,31.1722444],[-81.4197973,31.1821814],[-81.4313551,31.1623073],[-81.4255762,31.1548545]]],[[[-81.4313551,31.0132517],[-81.4197973,31.0207045],[-81.4024604,31.0728739],[-81.4082394,31.1200749],[-81.442913,31.092748],[-81.4197973,31.03561],[-81.4313551,31.0132517]]],[[[-81.4544709,30.7126561],[-81.4082394,30.978472],[-81.5122603,30.8815859],[-81.4718077,30.8418377],[-81.4833656,30.7350145],[-81.4544709,30.7126561]]],[[[-81.5007025,30.9238183],[-81.448692,30.9660507],[-81.5064814,30.9635665],[-81.4833656,30.9461766],[-81.5007025,30.9238183]]],[[[-81.5064814,30.8294164],[-81.5238182,30.8368692],[-81.5238182,30.8194793],[-81.5064814,30.8244479],[-81.5064814,30.8294164]]],[[[-81.5064814,30.8244479],[-81.5180393,30.8169951],[-81.5180393,30.807058],[-81.5007025,30.7946367],[-81.5064814,30.8294164],[-81.5064814,30.8244479]]],[[[-81.246429,29.7437945],[-81.246429,29.7264047],[-81.2290921,29.7065306],[-81.2926605,29.9052714],[-81.2984395,29.8307436],[-81.2811026,29.8183223],[-81.2522079,29.7611843],[-81.246429,29.7437945]]]]},"id":561},{"type":"Feature","properties":{"id":574,"name":"Johnstown-Altoona, PA","latitude":40.673069,"tvperc":95.9,"dma":574,"cableperc":59.7,"adsperc":36.6,"longitude":-78.328162},"geometry":{"type":"Polygon","coordinates":[[[-77.8599684,40.0609289],[-77.7039369,40.2646382],[-77.7501685,40.3789142],[-77.8888631,40.3938198],[-77.8195158,40.5801393],[-77.1433794,41.0446961],[-77.5074529,40.9627155],[-77.5710212,41.0670544],[-77.894642,41.1763619],[-77.900421,41.253374],[-78.0391156,41.1540035],[-78.0911261,41.2161101],[-77.9871051,41.4744732],[-78.200926,41.6185603],[-79.5127461,41.6235288],[-79.4780724,41.387524],[-79.2064621,41.4297565],[-79.21802,40.910546],[-78.807715,40.9055775],[-78.7961571,40.7167737],[-79.009978,40.3391661],[-79.3971672,39.8994519],[-79.3913883,39.7205852],[-78.3800732,39.7230694],[-78.1315787,40.1652678],[-77.8599684,40.0609289]]]},"id":574},{"type":"Feature","properties":{"id":734,"name":"Jonesboro, AR","latitude":36.0989355,"tvperc":91.3,"dma":734,"cableperc":60.5,"adsperc":31.8,"longitude":-91.1294975},"geometry":{"type":"Polygon","coordinates":[[[-92.1570733,36.2600101],[-92.1975259,36.1333128],[-92.0588313,36.0339424],[-92.1108418,35.9320877],[-91.8507894,35.8674969],[-91.7525473,35.9420248],[-91.4636002,35.9370562],[-91.0301795,35.8848868],[-91.0359584,35.7085043],[-90.2846958,35.7010515],[-90.2904748,35.9966785],[-90.3771589,35.9966785],[-90.0766539,36.2798842],[-90.065096,36.3842231],[-90.1517801,36.4984991],[-91.4520423,36.4984991],[-91.4520423,36.3345379],[-91.5676212,36.3370222],[-91.5676212,36.2500731],[-92.1570733,36.2600101]]]},"id":734},{"type":"Feature","properties":{"id":603,"name":"Joplin, MO-Pittsburg, KS","latitude":37.2695535,"tvperc":81.0,"dma":603,"cableperc":36.1,"adsperc":45.5,"longitude":-95.0098365},"geometry":{"type":"Polygon","coordinates":[[[-94.6189031,36.6674289],[-94.6189031,36.4984991],[-94.0756824,36.4984991],[-94.0583456,38.0362565],[-95.9596178,38.041225],[-95.9596178,37.3878644],[-95.5204182,37.3828959],[-95.5204182,37.0003198],[-95.0060922,37.0003198],[-95.0003133,36.6699131],[-94.6189031,36.6674289]]]},"id":603},{"type":"Feature","properties":{"id":616,"name":"Kansas City, MO","latitude":39.3042305,"tvperc":87.2,"dma":616,"cableperc":62.7,"adsperc":24.7,"longitude":-94.208994},"geometry":{"type":"Polygon","coordinates":[[[-95.3412709,39.6535101],[-95.5666497,39.6535101],[-95.5724287,39.4199896],[-95.1794605,39.4199896],[-95.1852395,39.0448663],[-95.5030813,39.0548033],[-95.5204182,38.0387407],[-94.0641245,38.0312879],[-94.0525666,38.2151232],[-93.5209039,38.2076704],[-93.5151249,38.5132345],[-93.0701463,38.5306243],[-93.0470306,38.9728227],[-92.8505465,39.2311858],[-93.2781883,39.4572535],[-93.2897462,39.6833213],[-92.8563254,39.7007111],[-92.8447676,40.0360863],[-93.3648724,40.033602],[-93.3648724,40.2671225],[-93.7636195,40.2646382],[-93.7751774,40.5776551],[-94.2317139,40.5726866],[-94.214377,40.3838828],[-94.5957873,40.386367],[-94.6073452,40.0385705],[-94.2028192,40.033602],[-94.2085981,39.7454278],[-94.6015662,39.747912],[-94.6015662,39.5317814],[-95.1043343,39.5342656],[-95.0523238,39.623699],[-95.3412709,39.6535101]]]},"id":616},{"type":"Feature","properties":{"id":557,"name":"Knoxville, TN","latitude":36.112655,"tvperc":92.3,"dma":557,"cableperc":57.9,"adsperc":34.9,"longitude":-84.0422025},"geometry":{"type":"Polygon","coordinates":[[[-85.2454575,36.1010174],[-85.2512365,35.7656422],[-85.0316366,35.7457682],[-84.7831421,35.8252645],[-84.5288686,35.6290079],[-84.4017318,35.3433179],[-84.4941949,35.2861799],[-84.3439424,35.2041993],[-84.0492163,35.2737586],[-84.0203216,35.4128772],[-83.881627,35.5197004],[-83.5002167,35.5619329],[-83.1592591,35.7656422],[-82.9916698,35.773095],[-82.8992067,35.944509],[-83.170817,36.1556712],[-83.0841328,36.2451045],[-83.1534802,36.3419907],[-83.1765959,36.3419907],[-83.2401643,36.2823685],[-83.2863958,36.3792546],[-83.0379013,36.5506686],[-82.8298593,36.592901],[-83.673585,36.6003538],[-83.1361433,36.7419567],[-83.072575,36.8537484],[-82.9049856,36.8761067],[-82.8529751,36.9556031],[-82.9396593,37.0152253],[-83.1477012,36.9531188],[-83.1245854,37.0052883],[-83.1823749,37.0201939],[-83.4597641,36.8835595],[-83.5869009,36.9556031],[-83.9567532,36.6450705],[-83.9336375,36.5879325],[-84.280374,36.6425862],[-84.3555003,36.8090317],[-84.2977109,36.945666],[-84.592437,36.8636854],[-84.7831421,36.6028381],[-84.7311316,36.525826],[-84.9449525,36.5804797],[-85.0894261,36.5009834],[-85.0836471,36.1954193],[-85.1529944,36.0985332],[-85.2454575,36.1010174]]]},"id":557},{"type":"Feature","properties":{"id":702,"name":"La Crosse-Eau Claire, WI","latitude":44.313217,"tvperc":86.5,"dma":702,"cableperc":54.0,"adsperc":32.9,"longitude":-91.197266},"geometry":{"type":"Polygon","coordinates":[[[-92.0819471,44.1077894],[-92.0819471,43.8469421],[-91.7294316,43.8469421],[-91.7294316,43.5016298],[-91.2151056,43.5016298],[-91.2093267,43.3525742],[-91.0590742,43.2532038],[-91.174653,43.131475],[-91.1573162,42.9873879],[-90.666106,43.1712232],[-90.671885,43.5537993],[-90.3135905,43.5537993],[-90.3135905,45.0344186],[-90.9261585,45.0319344],[-90.9261585,45.3797309],[-90.6776639,45.3772466],[-90.6776639,45.638094],[-91.5387264,45.638094],[-91.5445054,45.2058326],[-91.6658632,45.2083169],[-91.6485264,44.5971888],[-92.0299366,44.5872517],[-92.0819471,44.408385],[-91.9259156,44.3338571],[-91.8565683,44.1922543],[-92.0819471,44.1922543],[-92.0819471,44.1077894]]]},"id":702},{"type":"Feature","properties":{"id":582,"name":"Lafayette, IN","latitude":40.3451955,"tvperc":93.1,"dma":582,"cableperc":66.4,"adsperc":27.3,"longitude":-87.113428},"geometry":{"type":"Polygon","coordinates":[[[-87.52814,40.4782847],[-87.5339189,40.147878],[-87.4067822,40.1280039],[-87.4183401,40.1925947],[-87.0947193,40.3664929],[-87.0947193,40.214953],[-86.6959722,40.214953],[-86.6959722,40.5627495],[-87.0947193,40.5627495],[-87.0947193,40.4758004],[-87.52814,40.4782847]]]},"id":582},{"type":"Feature","properties":{"id":642,"name":"Lafayette, LA","latitude":30.2379905,"tvperc":92.5,"dma":642,"cableperc":58.3,"adsperc":34.7,"longitude":-92.1119525},"geometry":{"type":"MultiPolygon","coordinates":[[[[-92.6251677,30.4890727],[-93.1337147,30.4244819],[-93.0296937,30.3797652],[-92.9950201,30.1561818],[-92.8909991,30.1561818],[-92.8852202,30.0816539],[-92.9950201,30.0394215],[-92.6136098,30.0369372],[-92.6193888,29.5798333],[-92.295768,29.5326323],[-92.0472734,29.5848018],[-92.0068208,29.6146129],[-92.0357155,29.6320028],[-92.1108418,29.6220657],[-92.0992839,29.6990778],[-92.1686312,29.7015621],[-92.2033049,29.7512473],[-92.1339576,29.7661528],[-92.1397365,29.7189519],[-91.9721472,29.8332279],[-91.8276736,29.8307436],[-91.8565683,29.738826],[-91.6254106,29.9450196],[-91.4693791,29.9549566],[-91.3884739,29.7835427],[-91.0995268,29.6990778],[-91.0937478,29.8009325],[-91.2324425,29.9176927],[-91.2208846,30.0419058],[-91.4636002,30.101528],[-91.4751581,30.2282253],[-91.5907369,30.2580364],[-91.6427474,30.4418717],[-91.7583263,30.4965255],[-91.7352105,30.7027191],[-91.7987789,30.8368692],[-92.2379785,30.8492905],[-92.2784311,30.9660507],[-92.3882311,31.0033146],[-92.596273,30.8964914],[-92.6251677,30.4890727]]],[[[-91.8218946,29.4730101],[-91.7063158,29.5723805],[-91.9027998,29.6419398],[-92.0357155,29.577349],[-91.9663682,29.5301481],[-91.8218946,29.4730101]]]]},"id":642},{"type":"Feature","properties":{"id":643,"name":"Lake Charles, LA","latitude":30.2390885,"tvperc":92.5,"dma":643,"cableperc":64.7,"adsperc":29.3,"longitude":-93.2619725},"geometry":{"type":"Polygon","coordinates":[[[-92.6193888,29.5798333],[-92.6136098,30.0369372],[-92.9950201,30.0394215],[-92.8852202,30.0816539],[-92.8909991,30.1561818],[-92.9950201,30.1561818],[-93.0296937,30.3797652],[-93.1337147,30.4244819],[-92.6251677,30.4890727],[-92.596273,30.8989757],[-93.5555775,30.8766173],[-93.7405037,30.5387579],[-93.7000511,30.0568113],[-93.9254299,29.7885112],[-93.8387458,29.691625],[-93.1972831,29.7736056],[-92.6193888,29.5798333]]]},"id":643},{"type":"Feature","properties":{"id":551,"name":"Lansing, MI","latitude":42.4074535,"tvperc":86.9,"dma":551,"cableperc":53.1,"adsperc":34.2,"longitude":-84.602594},"geometry":{"type":"Polygon","coordinates":[[[-84.8235947,42.07318],[-84.8062579,41.6955724],[-84.3612792,41.7055094],[-84.3612792,42.07318],[-84.1301215,42.07318],[-84.1590162,42.7762257],[-84.3612792,42.7762257],[-84.3670582,43.1190537],[-84.8351526,43.1190537],[-84.8351526,42.7712572],[-85.0720892,42.7712572],[-85.0720892,42.4209765],[-84.7195737,42.4209765],[-84.7080158,42.0706957],[-84.8235947,42.07318]]]},"id":551},{"type":"Feature","properties":{"id":749,"name":"Laredo, TX","latitude":27.388155,"tvperc":80.7,"dma":749,"cableperc":53.2,"adsperc":28.6,"longitude":-99.5051385},"geometry":{"type":"Polygon","coordinates":[[[-99.1669312,26.5713937],[-98.9531103,26.7850401],[-98.9531103,27.2694709],[-98.7970788,27.2669866],[-98.8028578,28.0569815],[-99.386531,28.0296547],[-99.39231,28.2035529],[-100.2129199,28.1961001],[-99.9297517,27.9799694],[-99.8777412,27.7986184],[-99.5136678,27.5675822],[-99.5367835,27.3166719],[-99.4443205,27.2520811],[-99.4443205,27.0235291],[-99.2709522,26.8421781],[-99.1669312,26.5713937]]]},"id":749},{"type":"Feature","properties":{"id":839,"name":"Las Vegas, NV","latitude":37.082759,"tvperc":91.9,"dma":839,"cableperc":63.1,"adsperc":29.8,"longitude":-116.121556},"geometry":{"type":"Polygon","coordinates":[[[-117.1683386,36.9705087],[-114.6313826,35.0029742],[-114.6487195,35.1023447],[-114.5678143,35.1843253],[-114.6776142,35.4998264],[-114.7122878,35.8053904],[-114.6602774,35.8724655],[-114.7527404,36.0861119],[-114.4060039,36.1482184],[-114.2441935,36.0165526],[-114.1517304,36.0240054],[-114.0477094,36.1929351],[-114.0477094,38.6771957],[-115.001235,38.6771957],[-115.908529,39.1616265],[-117.330149,39.1641108],[-118.1969905,39.0001496],[-118.1969905,38.918169],[-117.1683386,38.0014768],[-117.1683386,36.9705087]]]},"id":839},{"type":"Feature","properties":{"id":541,"name":"Lexington, KY","latitude":37.584915,"tvperc":91.6,"dma":541,"cableperc":49.0,"adsperc":42.8,"longitude":-83.9929735},"geometry":{"type":"Polygon","coordinates":[[[-85.0431945,37.1866393],[-85.2743522,36.8984651],[-85.2165628,36.8537484],[-85.0663103,36.8587169],[-84.991184,36.6202279],[-84.7773631,36.6028381],[-84.592437,36.8636854],[-84.3612792,36.9630559],[-84.2977109,36.945666],[-84.3555003,36.8090317],[-84.2283636,36.592901],[-83.9336375,36.5879325],[-83.9567532,36.6450705],[-83.7833849,36.8015789],[-83.5811219,36.9034336],[-83.5869009,36.9556031],[-83.5117746,36.9382133],[-83.5522272,37.1667652],[-83.471322,37.2909783],[-83.3961958,37.3207894],[-83.2054906,37.1767023],[-83.1823749,37.0201939],[-83.1130276,36.992867],[-83.0494592,37.0301309],[-83.0494592,37.1692495],[-82.7085015,37.2860098],[-82.760512,37.4251283],[-83.2575011,37.6785229],[-83.269059,37.7679563],[-83.1303644,37.8921693],[-83.0032276,37.859874],[-82.962775,37.9120434],[-83.0263434,38.0089296],[-83.269059,38.0586148],[-83.1997117,38.1704065],[-83.3037327,38.2101547],[-83.4019747,38.3890215],[-83.5811219,38.4287696],[-83.6446903,38.5256558],[-83.9278585,38.4933604],[-83.9972058,38.4213169],[-84.1705741,38.4859076],[-84.2052478,38.5827938],[-84.4132897,38.565404],[-84.7484684,38.3492733],[-84.996963,38.336852],[-85.0489735,38.0735204],[-85.1703313,37.9965083],[-85.1472155,37.8896851],[-85.0027419,37.8524212],[-85.0431945,37.412707],[-85.1645523,37.3108524],[-85.0431945,37.1866393]]]},"id":541},{"type":"Feature","properties":{"id":558,"name":"Lima, OH","latitude":40.782607,"tvperc":92.4,"dma":558,"cableperc":73.8,"adsperc":18.8,"longitude":-84.138823},"geometry":{"type":"Polygon","coordinates":[[[-84.3959529,40.6844783],[-83.881627,40.6447301],[-83.881627,40.920483],[-84.3959529,40.8161441],[-84.3959529,40.6844783]]]},"id":558},{"type":"Feature","properties":{"id":722,"name":"Lincoln & Hastings-Kearney, NE","latitude":41.282784,"tvperc":89.6,"dma":722,"cableperc":49.8,"adsperc":40.2,"longitude":-99.257628},"geometry":{"type":"Polygon","coordinates":[[[-97.3696799,40.0013066],[-96.4623859,40.0013066],[-96.4623859,41.0446961],[-97.3696799,41.0471803],[-97.3696799,41.3949768],[-97.6008376,41.3328703],[-97.6008376,41.3949768],[-97.7048586,41.3949768],[-97.7048586,41.5266426],[-97.8319954,41.5266426],[-97.8319954,42.4383663],[-98.3058687,42.435882],[-98.3116476,42.8830489],[-98.4965738,42.9973249],[-100.195583,42.9973249],[-100.1666883,42.0856013],[-99.6870361,42.0856013],[-99.6870361,41.7402891],[-100.2533725,41.7402891],[-100.2244778,40.6993839],[-101.2473507,40.6968996],[-101.2473507,41.0049479],[-102.0506237,41.0049479],[-102.0506237,40.3491031],[-101.3224769,40.3515874],[-101.3224769,40.0037909],[-99.6234677,40.0013066],[-99.6292466,39.566561],[-97.9302374,39.566561],[-97.9302374,39.6535101],[-97.3696799,39.6535101],[-97.3696799,40.0013066]]]},"id":722},{"type":"Feature","properties":{"id":693,"name":"Little Rock-Pine Bluff, AR","latitude":34.647081,"tvperc":91.6,"dma":693,"cableperc":43.3,"adsperc":48.7,"longitude":-92.670434},"geometry":{"type":"Polygon","coordinates":[[[-93.3706514,33.9571005],[-93.1799463,33.8005921],[-93.10482,33.7782337],[-93.1163779,33.380752],[-92.5500415,33.3658465],[-92.4460205,33.2739288],[-92.2264207,33.2540548],[-92.1628523,33.1621371],[-91.9779261,33.3012557],[-91.989484,33.3981419],[-91.4578212,33.3882048],[-91.4520423,33.5645873],[-91.2440003,33.5173864],[-91.1284215,33.6043355],[-91.2208846,33.6937689],[-91.0359584,33.6738948],[-91.1457583,33.7310328],[-91.1342004,33.7832023],[-90.9897269,33.7856865],[-91.0706321,33.8602143],[-91.0128426,33.9297736],[-91.0879689,33.9720061],[-90.9666111,33.962069],[-90.9897269,34.019207],[-90.8683691,34.0813135],[-91.1168636,34.1185775],[-91.0590742,34.3371924],[-91.0012847,34.3371924],[-91.0475163,34.7346741],[-91.1053057,34.7346741],[-91.1515373,34.9110566],[-91.1515373,35.0029742],[-91.0475163,35.00049],[-91.0301795,35.8848868],[-91.7525473,35.9420248],[-91.8507894,35.8674969],[-92.1108418,35.9320877],[-92.0588313,36.0339424],[-92.1975259,36.1333128],[-92.1975259,36.058785],[-92.3073259,36.0612693],[-92.3073259,35.9743201],[-92.4171258,35.9768044],[-92.4113468,36.0637535],[-92.9430096,36.115923],[-92.9487885,35.7258941],[-93.6942722,35.7681265],[-93.711609,35.3756133],[-93.4342197,35.4277828],[-93.4226619,35.3284124],[-93.2781883,35.3184753],[-93.2781883,35.2116521],[-93.7058301,35.13464],[-93.711609,34.7446111],[-93.8791984,34.6651148],[-94.4570927,34.7297056],[-94.4686505,34.190621],[-94.2432718,34.1931053],[-94.2548296,34.3545822],[-93.9369878,34.3496137],[-93.9254299,34.1856525],[-93.8214089,34.1831682],[-93.8214089,34.00927],[-93.3706514,33.9571005]]]},"id":693},{"type":"Feature","properties":{"id":803,"name":"Los Angeles, CA","latitude":35.132844,"tvperc":87.1,"dma":803,"cableperc":52.6,"adsperc":35.3,"longitude":-116.858513},"geometry":{"type":"MultiPolygon","coordinates":[[[[-119.4741369,34.3744563],[-119.1274003,34.0987034],[-118.8037795,33.9993329],[-118.5263902,34.0316283],[-118.4397061,33.9794589],[-118.4108114,33.7409698],[-118.1160853,33.7509069],[-117.5959804,33.3882048],[-117.5092963,33.5049651],[-117.2087912,33.4329215],[-116.5384338,33.4677012],[-116.5673285,33.5621031],[-116.7927073,33.6763791],[-116.6829074,33.7459384],[-116.7175811,34.0341126],[-116.4575286,34.0341126],[-116.4575286,33.9744903],[-116.1974762,33.8602143],[-116.0298869,33.5869457],[-115.6773713,33.427953],[-114.6256037,33.4329215],[-114.492688,33.7086744],[-114.5273617,33.9496477],[-114.1401725,34.3024127],[-114.3828881,34.4564369],[-114.4695722,34.7123157],[-114.6371616,34.8737927],[-114.6313826,35.0029742],[-117.8329171,37.4648765],[-118.7748848,37.4623923],[-118.7864427,37.3431477],[-118.6650849,37.2611671],[-118.6650849,37.1543439],[-118.4397061,37.059942],[-118.3645798,36.6922715],[-118.0987484,36.3469592],[-117.9831696,35.8674969],[-118.1160853,35.7457682],[-117.9138223,35.601681],[-118.0236222,35.5147319],[-118.0640748,35.2439475],[-118.5263902,34.9781316],[-118.7459901,35.067565],[-118.7228743,35.0253326],[-118.850011,34.9632261],[-118.7691058,34.886214],[-118.9366952,34.9358992],[-118.8846847,34.7893278],[-119.2429792,34.8141704],[-119.2776528,34.8787612],[-119.4452422,34.9011196],[-119.4741369,34.3744563]]],[[[-119.3758948,34.0117542],[-119.364337,34.0142385],[-119.358558,34.0167228],[-119.3701159,34.0167228],[-119.3758948,34.0117542]]],[[[-119.3932317,34.0018172],[-119.3816738,34.0117542],[-119.4452422,34.0142385],[-119.4221264,34.0043015],[-119.3932317,34.0018172]]],[[[-118.3241272,33.2987714],[-118.3645798,33.4080789],[-118.6072954,33.4776382],[-118.5032745,33.4354058],[-118.4628219,33.3260983],[-118.3241272,33.2987714]]],[[[-119.4683579,33.2143066],[-119.4221264,33.2292121],[-119.5781578,33.2788974],[-119.5434842,33.2316964],[-119.4683579,33.2143066]]],[[[-118.4223693,32.8019193],[-118.347243,32.8217934],[-118.6072954,33.0329556],[-118.4974955,32.8516045],[-118.4223693,32.8019193]]]]},"id":803},{"type":"Feature","properties":{"id":529,"name":"Louisville, KY","latitude":38.1524665,"tvperc":89.8,"dma":529,"cableperc":62.1,"adsperc":28.2,"longitude":-85.7750445},"geometry":{"type":"Polygon","coordinates":[[[-86.6092881,37.3953172],[-86.4705934,37.3207894],[-86.0949621,37.3307264],[-86.0198359,37.3953172],[-86.0487306,37.449971],[-85.6557625,37.4226441],[-85.6846572,37.1816708],[-85.5286257,37.1096272],[-85.0431945,37.412707],[-85.0027419,37.8549054],[-85.1472155,37.8896851],[-85.1703313,37.9965083],[-85.0489735,38.0735204],[-84.996963,38.336852],[-84.8698262,38.3666631],[-85.0778682,38.5778253],[-84.9391735,38.6523531],[-85.0258577,38.7616606],[-85.199226,38.6921013],[-85.2050049,38.9132005],[-85.4477205,38.9132005],[-85.4419416,39.1964062],[-85.800236,39.1293311],[-85.8638044,39.0398978],[-86.3203409,39.0498348],[-86.308783,38.6871327],[-86.6844143,38.6871327],[-86.6786354,38.2623242],[-86.4590355,38.2076704],[-86.4301408,38.0784889],[-86.6786354,37.7927989],[-86.5746144,37.5518256],[-86.6670775,37.5493414],[-86.6092881,37.3953172]]]},"id":529},{"type":"Feature","properties":{"id":651,"name":"Lubbock, TX","latitude":33.4181475,"tvperc":83.3,"dma":651,"cableperc":44.6,"adsperc":39.4,"longitude":-101.791018},"geometry":{"type":"Polygon","coordinates":[[[-100.5192039,33.3981419],[-100.5192039,34.314834],[-103.0446019,34.3123498],[-103.0619388,32.5211979],[-101.1722244,32.5236821],[-101.1722244,32.9633963],[-100.5192039,32.9633963],[-100.5192039,33.3981419]]]},"id":651},{"type":"Feature","properties":{"id":503,"name":"Macon, GA","latitude":32.6218675,"tvperc":93.4,"dma":503,"cableperc":49.6,"adsperc":44.3,"longitude":-83.3190475},"geometry":{"type":"Polygon","coordinates":[[[-84.0549953,32.5211979],[-84.2514793,32.3969848],[-84.2572583,32.2951302],[-84.0261005,32.1709171],[-83.9625322,32.0317985],[-83.6100167,32.0293143],[-83.6100167,31.8529318],[-83.1823749,31.8529318],[-83.0032276,31.7759197],[-82.5466911,31.9547864],[-82.6564911,32.3000987],[-82.4079965,32.3547524],[-82.3848807,32.4392173],[-82.6449332,32.5137451],[-82.4657859,32.6478952],[-82.4368912,32.7621712],[-82.5235754,32.8217934],[-82.5524701,33.0205343],[-82.7373963,33.1745584],[-82.8240804,33.4254687],[-83.0090066,33.4701854],[-83.3210695,33.1695899],[-83.8180586,33.132326],[-83.8411744,33.1969168],[-84.0434374,33.2018853],[-84.0434374,32.9484907],[-84.1243426,32.9311009],[-84.2052478,32.6901276],[-84.0549953,32.6354739],[-84.0029848,32.5336192],[-84.0029848,32.5311349],[-84.0549953,32.5311349],[-84.0549953,32.5211979]],[[-84.0549953,32.5211979],[-84.0492163,32.5211979],[-84.0087637,32.5211979],[-84.0145427,32.4963553],[-84.0549953,32.5211979]]]},"id":503},{"type":"Feature","properties":{"id":669,"name":"Madison, WI","latitude":43.370746,"tvperc":81.6,"dma":669,"cableperc":49.6,"adsperc":32.4,"longitude":-89.9627745},"geometry":{"type":"Polygon","coordinates":[[[-90.6429903,42.5079256],[-89.9264013,42.5054413],[-88.7763917,42.49302],[-88.7763917,42.8433008],[-89.0133284,42.8482693],[-89.0075494,43.6332957],[-89.2444861,43.6432327],[-89.2444861,43.7674457],[-89.1693598,43.7649615],[-89.1693598,43.9835764],[-89.5970016,43.9810921],[-89.6027805,43.6432327],[-89.7877067,43.6407484],[-90.0246434,44.0680413],[-89.9032856,44.2493923],[-90.3135905,44.2493923],[-90.3135905,43.5537993],[-90.671885,43.5537993],[-90.666106,43.1712232],[-91.1515373,42.9923564],[-91.1457583,42.9103758],[-91.0532952,42.7389618],[-90.7065586,42.6371071],[-90.6429903,42.5079256]]]},"id":669},{"type":"Feature","properties":{"id":737,"name":"Mankato, MN","latitude":43.876563,"tvperc":88.9,"dma":737,"cableperc":66.8,"adsperc":22.6,"longitude":-94.4376415},"geometry":{"type":"Polygon","coordinates":[[[-94.8616187,44.1077894],[-94.9136291,43.255688],[-94.4455348,43.255688],[-94.4455348,43.5016298],[-94.2490507,43.4991456],[-94.2490507,43.8469421],[-93.7693984,43.8469421],[-93.7693984,44.2394552],[-94.1276929,44.2692664],[-94.1276929,44.1848015],[-94.2085981,44.1997071],[-94.8673976,44.4978183],[-94.8673976,44.2816877],[-95.1101132,44.2816877],[-95.0985553,44.1077894],[-94.8616187,44.1077894]]]},"id":737},{"type":"Feature","properties":{"id":553,"name":"Marquette, MI","latitude":46.8707415,"tvperc":95.0,"dma":553,"cableperc":66.5,"adsperc":28.9,"longitude":-87.8765355},"geometry":{"type":"MultiPolygon","coordinates":[[[[-89.1578019,47.8242433],[-88.6088023,48.0428583],[-88.4238762,48.1919139],[-89.1809177,47.9360351],[-89.2329282,47.8540545],[-89.1578019,47.8242433]]],[[[-85.8638044,45.9685006],[-85.8638044,46.6914205],[-86.1643095,46.6690621],[-86.6381828,46.410699],[-86.7479827,46.4802583],[-86.8751194,46.4380259],[-87.0080351,46.5349121],[-87.3605507,46.5051009],[-87.5917084,46.7833381],[-87.8170872,46.8901613],[-88.0829185,46.9199725],[-88.2909605,46.820602],[-88.1464869,46.9671734],[-88.4932235,46.7560113],[-88.3487499,47.0764809],[-87.9442239,47.334844],[-87.9557818,47.3870135],[-87.7130662,47.401919],[-87.7997503,47.4739626],[-88.2158342,47.44912],[-88.9728758,47.0019531],[-89.8859487,46.7659483],[-89.862833,46.5920501],[-89.7414752,46.5920501],[-89.7414752,46.5051009],[-89.3658439,46.5051009],[-89.3658439,46.333687],[-88.9902126,46.333687],[-88.9902126,46.0976822],[-88.6839286,46.0132173],[-88.6781497,45.7225588],[-88.0598028,45.7126218],[-87.9962344,45.7946024],[-87.6957293,45.7225588],[-87.6957293,45.8989413],[-87.6148241,45.8989413],[-87.6148241,45.9858905],[-87.3663296,45.9858905],[-87.325877,45.5511449],[-87.0600456,45.7076533],[-86.9733615,45.9163312],[-86.9675825,45.6679051],[-86.8404458,45.7225588],[-86.7826564,45.8591932],[-86.5399408,45.8890043],[-86.5572776,45.772244],[-86.6324038,45.7821811],[-86.719088,45.6778421],[-86.6092881,45.6008301],[-86.5803934,45.7126218],[-86.3550146,45.7921181],[-86.2798883,45.9411738],[-85.9158149,45.9188154],[-85.8638044,45.9685006]]],[[[-86.6728564,46.4504472],[-86.6092881,46.4728055],[-86.6555196,46.5597547],[-86.7075301,46.5448491],[-86.6728564,46.4504472]]]]},"id":553},{"type":"Feature","properties":{"id":813,"name":"Medford-Klamath Falls, OR","latitude":42.3097025,"tvperc":87.6,"dma":813,"cableperc":39.9,"adsperc":48.1,"longitude":-121.9634415},"geometry":{"type":"Polygon","coordinates":[[[-124.2128701,41.9986522],[-123.519397,42.0011364],[-123.7043231,41.8297224],[-123.6580916,41.7129622],[-123.72166,41.5962019],[-123.6118601,41.4620519],[-123.6638705,41.3825555],[-123.4847233,41.377587],[-123.3807023,41.1515193],[-123.0397447,41.0049479],[-122.9010501,41.014885],[-122.9588395,41.1813304],[-122.802808,41.2036888],[-122.5716503,41.36765],[-122.4791872,41.320449],[-122.4965241,41.1838147],[-120.0000207,41.1838147],[-120.0000207,41.9936836],[-119.358558,41.9936836],[-119.364337,42.7488989],[-119.9422313,42.7464146],[-119.8959997,43.6109373],[-122.0053139,43.6159058],[-122.1497875,43.5215039],[-121.9764192,43.2606566],[-122.0746612,43.0668842],[-122.2827032,43.0668842],[-122.2827032,42.9973249],[-122.5600924,42.9401869],[-122.7970291,42.77871],[-123.4673865,42.6992137],[-123.7794494,42.8010683],[-124.1319649,42.6669183],[-124.1435228,42.8482693],[-124.2186491,42.9327342],[-124.4787015,42.9550925],[-124.5653857,42.835848],[-124.4035752,42.6271701],[-124.4151331,42.2520467],[-124.3515648,42.1029911],[-124.2128701,41.9986522]]]},"id":813},{"type":"Feature","properties":{"id":640,"name":"Memphis, TN","latitude":35.1946395,"tvperc":90.8,"dma":640,"cableperc":50.0,"adsperc":41.3,"longitude":-89.757956},"geometry":{"type":"Polygon","coordinates":[[[-90.1344433,34.1608099],[-89.2444861,34.1608099],[-89.2444861,34.5980398],[-88.7186023,34.5955555],[-88.7186023,34.7570324],[-88.3660867,34.7545482],[-88.3660867,34.9955215],[-88.3660867,35.4923736],[-88.5972445,35.591744],[-88.8168443,35.4277828],[-89.0768967,35.4302671],[-89.0711178,35.6935987],[-89.0191073,35.6712403],[-88.9150863,35.7979376],[-88.7070444,35.7904849],[-88.6954865,36.0662378],[-88.9613179,36.2227462],[-89.6316753,36.1854823],[-89.7068015,36.2376518],[-89.5334332,36.2525573],[-89.6201174,36.3221166],[-89.5449911,36.3370222],[-89.5912227,36.4040972],[-89.961075,36.3891917],[-89.961075,35.9991627],[-90.2904748,35.9966785],[-90.2846958,35.7010515],[-91.0359584,35.7085043],[-91.0475163,35.00049],[-91.1515373,35.0029742],[-91.1515373,34.9110566],[-91.1053057,34.7346741],[-91.0475163,34.7346741],[-91.0012847,34.3371924],[-91.0590742,34.3371924],[-91.1168636,34.1185775],[-90.6603271,34.1185775],[-90.6603271,33.9869116],[-90.4522852,33.9869116],[-90.4522852,34.0738608],[-90.1344433,34.0738608],[-90.1344433,34.1608099]]]},"id":640},{"type":"Feature","properties":{"id":711,"name":"Meridian, MS","latitude":32.3468715,"tvperc":87.1,"dma":711,"cableperc":34.6,"adsperc":53.7,"longitude":-88.5817905},"geometry":{"type":"Polygon","coordinates":[[[-88.4758867,31.8926799],[-88.4643288,31.6989076],[-88.0886975,31.6989076],[-88.1811606,31.8181521],[-88.0540238,31.9224911],[-88.1233711,31.9473337],[-88.0713606,31.9895661],[-88.1175922,32.0541569],[-88.0424659,32.083968],[-88.0193502,32.2851931],[-87.9268871,32.2876774],[-87.9268871,32.3100357],[-87.9731186,32.3448154],[-88.0424659,32.3746265],[-88.036687,32.4243117],[-87.8459819,32.5187136],[-87.8979924,32.5982099],[-87.8402029,32.6056627],[-87.9268871,32.6329896],[-88.0598028,32.5957257],[-88.0424659,32.6901276],[-88.1175922,32.6975804],[-88.0655817,32.789498],[-88.1811606,32.8292462],[-88.2100553,32.9236481],[-88.1696027,32.9956916],[-88.342971,32.9907231],[-88.3487499,32.9286166],[-89.3196123,32.9311009],[-89.3253913,32.2230866],[-88.9150863,32.2230866],[-88.9093074,31.8256049],[-88.4758867,31.8926799]]]},"id":711},{"type":"Feature","properties":{"id":528,"name":"Miami-Fort Lauderdale, FL","latitude":25.439022,"tvperc":93.9,"dma":528,"cableperc":69.9,"adsperc":26.5,"longitude":-80.940626},"geometry":{"type":"MultiPolygon","coordinates":[[[[-80.125314,25.9006433],[-80.0733035,26.3204833],[-80.8823556,26.3329047],[-80.8707977,25.8062414],[-81.2926605,25.8037571],[-81.2637658,25.8012729],[-81.1828606,25.6969339],[-81.2868816,25.6795441],[-81.2290921,25.5578153],[-81.1597448,25.5578153],[-81.2117553,25.5081301],[-81.0846186,25.431118],[-81.1481869,25.3888856],[-80.9054713,25.2522513],[-80.9979344,25.2125031],[-81.0210502,25.2199559],[-81.0672817,25.2547355],[-81.0730607,25.2597041],[-81.0672817,25.2597041],[-81.0672817,25.2770939],[-81.0903975,25.2770939],[-81.1192922,25.3267791],[-81.142408,25.3267791],[-81.142408,25.1578494],[-80.6743136,25.1379753],[-80.5182822,25.2224402],[-80.4258191,25.1280382],[-80.4373769,25.2000818],[-80.4547138,25.2224402],[-80.4951664,25.2149874],[-80.4373769,25.2423142],[-80.4547138,25.2249244],[-80.3853665,25.1677864],[-80.5876295,24.9516557],[-80.5645137,24.9566243],[-80.4951664,25.021215],[-80.4489348,25.0858058],[-80.3853665,25.1205855],[-80.2582297,25.3342319],[-80.3680296,25.2820624],[-80.3506928,25.2025661],[-80.4142612,25.1975975],[-80.4258191,25.2646726],[-80.3102402,25.3714958],[-80.3102402,25.6149533],[-80.131093,25.9279702],[-80.125314,25.9205174],[-80.125314,25.9006433]],[[-81.1192922,25.3764643],[-81.1192922,25.3789486],[-81.1135133,25.3764643],[-81.1192922,25.3764643]]],[[[-80.125314,25.8459896],[-80.131093,25.841021],[-80.1426509,25.8112099],[-80.1368719,25.8087257],[-80.1426509,25.7888516],[-80.131093,25.764009],[-80.1195351,25.8509581],[-80.125314,25.9006433],[-80.125314,25.8683479],[-80.1426509,25.8633794],[-80.131093,25.8633794],[-80.125314,25.8509581],[-80.1195351,25.8435053],[-80.125314,25.841021],[-80.125314,25.8459896]]],[[[-80.1368719,25.8832535],[-80.131093,25.8807692],[-80.131093,25.8907063],[-80.131093,25.8956748],[-80.1368719,25.8832535]]],[[[-80.131093,25.8807692],[-80.1426509,25.8832535],[-80.1426509,25.8733164],[-80.1368719,25.8708322],[-80.131093,25.8807692]]],[[[-80.1426509,25.8484738],[-80.125314,25.8534423],[-80.1426509,25.8584109],[-80.1426509,25.8484738]]],[[[-80.1542087,25.8435053],[-80.1599877,25.8559266],[-80.1599877,25.8435053],[-80.1542087,25.8435053]]],[[[-80.125314,25.8459896],[-80.131093,25.8509581],[-80.131093,25.8459896],[-80.125314,25.8459896]]],[[[-80.1542087,25.8435053],[-80.1484298,25.8435053],[-80.1426509,25.8484738],[-80.1542087,25.8484738],[-80.1542087,25.8435053]]],[[[-80.1484298,25.8037571],[-80.1426509,25.8037571],[-80.1426509,25.8062414],[-80.1484298,25.8037571]]],[[[-81.344671,25.8037571],[-81.3273342,25.7838831],[-81.3042184,25.8037571],[-81.344671,25.8037571]]],[[[-80.1484298,25.8037571],[-80.1484298,25.8012729],[-80.1426509,25.8012729],[-80.1426509,25.8037571],[-80.1484298,25.8037571]]],[[[-81.2984395,25.6969339],[-81.2811026,25.7963044],[-81.2984395,25.8012729],[-81.3099973,25.7838831],[-81.3677868,25.7789145],[-81.344671,25.7217765],[-81.2984395,25.6969339]]],[[[-80.1426509,25.8012729],[-80.1484298,25.7987886],[-80.1426509,25.7987886],[-80.1426509,25.8012729]]],[[[-80.1657666,25.7888516],[-80.1599877,25.7888516],[-80.1657666,25.7938201],[-80.1657666,25.7888516]]],[[[-80.1715456,25.7888516],[-80.1715456,25.7913358],[-80.1773245,25.7888516],[-80.1715456,25.7888516]]],[[[-80.1715456,25.7913358],[-80.1715456,25.7888516],[-80.1657666,25.7913358],[-80.1715456,25.7913358]]],[[[-80.1542087,25.7813988],[-80.1657666,25.7863673],[-80.1657666,25.7838831],[-80.1542087,25.7813988]]],[[[-80.1599877,25.7764303],[-80.1542087,25.7789145],[-80.1657666,25.7813988],[-80.1657666,25.7789145],[-80.1599877,25.7764303]]],[[[-80.1657666,25.7664932],[-80.1599877,25.7714617],[-80.1831035,25.7789145],[-80.1773245,25.773946],[-80.1657666,25.7664932]]],[[[-80.1542087,25.7813988],[-80.1484298,25.773946],[-80.1484298,25.7813988],[-80.1542087,25.7813988]]],[[[-81.2695447,25.7491034],[-81.2579869,25.7540719],[-81.2753237,25.7764303],[-81.2811026,25.764009],[-81.2695447,25.7491034]]],[[[-80.1831035,25.764009],[-80.1831035,25.7689775],[-80.1888824,25.7689775],[-80.1831035,25.764009]]],[[[-80.1426509,25.7565562],[-80.131093,25.7615247],[-80.1484298,25.764009],[-80.1426509,25.7565562]]],[[[-80.1657666,25.7317136],[-80.1599877,25.7317136],[-80.1426509,25.7491034],[-80.1831035,25.7466191],[-80.1657666,25.7317136]]],[[[-81.2753237,25.6969339],[-81.24065,25.7143238],[-81.2522079,25.7242608],[-81.2522079,25.7466191],[-81.2868816,25.7267451],[-81.2753237,25.6969339]]],[[[-81.2348711,25.716808],[-81.2290921,25.7267451],[-81.246429,25.7416506],[-81.2522079,25.7267451],[-81.2348711,25.716808]]],[[[-81.2290921,25.7242608],[-81.2117553,25.7267451],[-81.2233132,25.7317136],[-81.2290921,25.7242608]]],[[[-80.1599877,25.6646385],[-80.1484298,25.7217765],[-80.1542087,25.7292293],[-80.1773245,25.6869969],[-80.1599877,25.6646385]]],[[[-80.1773245,25.4932246],[-80.1773245,25.5155829],[-80.1773245,25.5180672],[-80.1888824,25.5056459],[-80.1773245,25.4932246]]],[[[-80.1773245,25.4932246],[-80.2062192,25.4162125],[-80.229335,25.3913699],[-80.2004403,25.4162125],[-80.1773245,25.4932246]]],[[[-80.2524508,25.3690115],[-80.2408929,25.3814328],[-80.2408929,25.3864014],[-80.2524508,25.3814328],[-80.2524508,25.3690115]]],[[[-80.2408929,25.3491374],[-80.229335,25.3839171],[-80.229335,25.3864014],[-80.2582297,25.364043],[-80.2408929,25.3491374]]],[[[-81.1135133,25.3193263],[-81.1019554,25.3267791],[-81.1366291,25.3441689],[-81.1539659,25.3242948],[-81.1250712,25.3317476],[-81.1192922,25.3317476],[-81.1135133,25.3193263]]],[[[-80.9979344,25.2149874],[-80.9979344,25.2820624],[-81.044166,25.23983],[-81.0037134,25.2298929],[-80.9979344,25.2149874]]],[[[-81.0499449,25.2423142],[-81.0326081,25.2522513],[-81.0326081,25.2696411],[-81.0672817,25.2572198],[-81.0499449,25.2423142]]],[[[-80.6107452,24.9392344],[-80.5876295,24.9491715],[-80.5934084,24.9591085],[-80.6107452,24.9516557],[-80.6107452,24.9392344]]],[[[-80.6107452,24.9392344],[-80.6223031,24.944203],[-80.6569768,24.897002],[-80.633861,24.9143918],[-80.6107452,24.9392344]]],[[[-80.6685347,24.8945177],[-80.6800926,24.8895492],[-80.6800926,24.887065],[-80.6743136,24.8920335],[-80.6685347,24.8945177]]],[[[-80.7494399,24.8448325],[-80.7032083,24.8671909],[-80.6916504,24.8845807],[-80.732103,24.8671909],[-80.7494399,24.8448325]]],[[[-80.8476819,24.8026001],[-80.7956714,24.8125371],[-80.7783346,24.839864],[-80.7956714,24.8448325],[-80.8476819,24.8026001]]],[[[-80.7609978,24.8348955],[-80.7552188,24.8423483],[-80.7667767,24.8373798],[-80.7609978,24.8348955]]],[[[-80.9054713,24.782726],[-80.8939134,24.782726],[-80.8823556,24.7901788],[-80.8939134,24.7926631],[-80.9054713,24.782726]]],[[[-80.9112503,24.7653362],[-80.9054713,24.7703047],[-80.9170292,24.7802418],[-80.9228082,24.7653362],[-80.9112503,24.7653362]]],[[[-80.9805976,24.7404936],[-80.9748186,24.7479464],[-80.9228082,24.7777575],[-80.9748186,24.7553992],[-80.9805976,24.7404936]]],[[[-80.9921555,24.7380093],[-80.9805976,24.7454621],[-80.9863765,24.7603677],[-80.9863765,24.7529149],[-80.9921555,24.7380093]]],[[[-81.0268291,24.725588],[-81.0152712,24.7330408],[-80.9921555,24.7355251],[-80.9921555,24.7479464],[-81.0268291,24.7305565],[-81.0268291,24.725588]]],[[[-81.4255762,24.6883241],[-81.4197973,24.7007454],[-81.4544709,24.7454621],[-81.4544709,24.7231038],[-81.4255762,24.6883241]]],[[[-81.3620078,24.6311861],[-81.3273342,24.6460917],[-81.3966815,24.7454621],[-81.3735657,24.6510602],[-81.3388921,24.6535445],[-81.3388921,24.6411232],[-81.3562289,24.6436074],[-81.3504499,24.6386389],[-81.3677868,24.6336704],[-81.3620078,24.6311861]]],[[[-81.0788396,24.6883241],[-81.0268291,24.7355251],[-81.1250712,24.7081982],[-81.1077343,24.7032297],[-81.0846186,24.7131667],[-81.0903975,24.7032297],[-81.0788396,24.6883241]]],[[[-81.0094923,24.7231038],[-80.9921555,24.7330408],[-81.0152712,24.7305565],[-81.0094923,24.7231038]]],[[[-81.0268291,24.725588],[-81.0210502,24.715651],[-81.0094923,24.7206195],[-81.0268291,24.725588]]],[[[-81.3157763,24.6734186],[-81.3215552,24.7007454],[-81.344671,24.7057139],[-81.3215552,24.6908084],[-81.3157763,24.6734186]]],[[[-81.3966815,24.6560287],[-81.4197973,24.7057139],[-81.4140183,24.6833556],[-81.4197973,24.6808713],[-81.3966815,24.6560287]]],[[[-81.1077343,24.6883241],[-81.0961765,24.6883241],[-81.0846186,24.6957769],[-81.1135133,24.7007454],[-81.1077343,24.6883241]]],[[[-81.4775867,24.6436074],[-81.4660288,24.6634815],[-81.5064814,24.7007454],[-81.5238182,24.6709343],[-81.4775867,24.6436074]]],[[[-81.5700498,24.6038593],[-81.5180393,24.6187648],[-81.5064814,24.6436074],[-81.5584919,24.6932926],[-81.5180393,24.6287019],[-81.5700498,24.6460917],[-81.5816077,24.6709343],[-81.5816077,24.6510602],[-81.5527129,24.6287019],[-81.5700498,24.6038593]]],[[[-81.3966815,24.6560287],[-81.3909025,24.6510602],[-81.3851236,24.6734186],[-81.3966815,24.6908084],[-81.3966815,24.6560287]]],[[[-81.442913,24.6436074],[-81.4371341,24.6510602],[-81.442913,24.6858399],[-81.4660288,24.6709343],[-81.442913,24.6436074]]],[[[-81.2811026,24.6535445],[-81.2522079,24.6659658],[-81.2522079,24.6734186],[-81.2579869,24.6759028],[-81.2811026,24.6535445]]],[[[-81.4082394,24.6436074],[-81.4024604,24.6634815],[-81.4197973,24.6709343],[-81.4255762,24.6460917],[-81.4082394,24.6436074]]],[[[-81.3157763,24.6460917],[-81.2984395,24.6560287],[-81.3215552,24.6485759],[-81.3157763,24.6460917]]],[[[-81.5931655,24.6162806],[-81.5931655,24.6436074],[-81.5873866,24.6560287],[-81.6278392,24.6311861],[-81.5931655,24.6162806]]],[[[-81.5527129,24.6510602],[-81.5411551,24.6535445],[-81.5584919,24.6510602],[-81.5527129,24.6510602]]],[[[-81.5758287,24.6336704],[-81.5758287,24.6411232],[-81.5816077,24.6411232],[-81.5873866,24.6336704],[-81.5758287,24.6336704]]],[[[-81.6105024,24.5864694],[-81.5700498,24.601375],[-81.5873866,24.6162806],[-81.5931655,24.5964065],[-81.6105024,24.5864694]]],[[[-81.7087444,24.5566583],[-81.645176,24.5839852],[-81.650955,24.6137963],[-81.7029655,24.6038593],[-81.7087444,24.5566583]]],[[[-81.6220603,24.5815009],[-81.5989445,24.5988907],[-81.6162813,24.601375],[-81.6336181,24.591438],[-81.6220603,24.5815009]]],[[[-81.7954286,24.5665953],[-81.7954286,24.5864694],[-81.7954286,24.5939222],[-81.8012075,24.5715639],[-81.7954286,24.5665953]]],[[[-81.7318602,24.5566583],[-81.7203023,24.5765324],[-81.749197,24.5889537],[-81.7434181,24.5591426],[-81.7318602,24.5566583]]],[[[-81.8069864,24.544237],[-81.754976,24.5516898],[-81.749197,24.5715639],[-81.7723128,24.5839852],[-81.8069864,24.544237]]]]},"id":528},{"type":"Feature","properties":{"id":617,"name":"Milwaukee, WI","latitude":43.1921015,"tvperc":77.7,"dma":617,"cableperc":61.0,"adsperc":17.6,"longitude":-88.358241},"geometry":{"type":"Polygon","coordinates":[[[-88.4007604,43.6308114],[-89.0075494,43.6332957],[-89.0133284,42.8482693],[-88.7763917,42.8433008],[-88.7763917,42.49302],[-87.7997503,42.49302],[-87.7592977,42.7811943],[-87.8922134,43.0097462],[-87.9095502,43.2507195],[-87.7015083,43.6854651],[-87.730403,43.8916588],[-88.1638237,43.8916588],[-88.1638237,43.5438623],[-88.4007604,43.5438623],[-88.4007604,43.6308114]]]},"id":617},{"type":"Feature","properties":{"id":613,"name":"Minneapolis-St. Paul, MN","latitude":46.0197555,"tvperc":81.9,"dma":613,"cableperc":54.9,"adsperc":27.5,"longitude":-94.199023},"geometry":{"type":"Polygon","coordinates":[[[-95.4568498,43.5016298],[-94.9136291,43.5016298],[-94.8558397,43.5016298],[-94.8616187,44.1077894],[-95.0985553,44.1077894],[-95.1101132,44.2816877],[-94.8673976,44.2816877],[-94.8673976,44.4978183],[-94.2085981,44.1997071],[-94.1276929,44.1848015],[-94.1276929,44.2692664],[-93.7693984,44.2394552],[-93.7693984,43.8469421],[-94.2490507,43.8469421],[-94.2490507,43.4991456],[-93.6480406,43.4991456],[-93.6480406,43.8469421],[-93.0470306,43.8494263],[-93.0470306,44.1972228],[-92.3188837,44.1947386],[-92.3015469,44.1077894],[-91.8565683,44.1922543],[-91.9259156,44.3338571],[-92.0819471,44.4282591],[-92.0241577,44.589736],[-91.6485264,44.5971888],[-91.6658632,45.2083169],[-91.5445054,45.2058326],[-91.5387264,45.638094],[-92.0299366,45.6405782],[-92.0472734,46.1573044],[-92.295768,46.1573044],[-92.289989,46.4181518],[-93.0528095,46.4181518],[-93.0528095,46.1573044],[-93.4342197,46.1548202],[-93.4284408,46.2467378],[-93.809851,46.2492221],[-93.7751774,47.3025486],[-94.0294509,47.3522338],[-94.0930192,47.4789311],[-94.4166401,47.4441515],[-94.4281979,48.3682964],[-95.2083552,48.3658121],[-95.2141342,48.5397104],[-95.6013234,48.5397104],[-95.5897655,48.0204999],[-95.231471,48.0204999],[-95.2777026,47.9211295],[-95.1910184,47.8714443],[-95.1447869,46.1076192],[-96.2659018,46.1076192],[-96.2659018,46.0206701],[-96.5779647,46.0206701],[-96.5837437,45.819445],[-96.855354,45.6057986],[-96.6935436,45.4169948],[-96.450828,45.3002345],[-96.450828,44.6319684],[-96.0925335,44.6294842],[-96.0809756,44.1972228],[-95.4626287,44.1947386],[-95.4568498,43.5016298]]]},"id":613},{"type":"Feature","properties":{"id":687,"name":"Minot-Bismarck-Dickinson(Williston), ND","latitude":46.8731805,"tvperc":90.2,"dma":687,"cableperc":60.4,"adsperc":30.2,"longitude":-102.71806},"geometry":{"type":"Polygon","coordinates":[[[-99.7159308,45.9411738],[-99.0051208,45.9411738],[-99.0340155,46.629314],[-99.4500994,46.6317982],[-99.4789941,47.3273912],[-99.2651732,47.3273912],[-99.2998469,47.8466017],[-99.8141728,47.8466017],[-99.8488465,48.0204999],[-99.8488465,48.3707807],[-99.490552,48.3707807],[-99.5252257,48.9992986],[-106.1132207,48.9992986],[-106.1536733,48.8229161],[-106.0207576,48.8229161],[-106.0207576,48.5620687],[-105.8069367,48.564553],[-105.8416104,48.0105629],[-106.3963889,48.0652166],[-106.4310625,48.0204999],[-106.3559363,47.86896],[-106.2634732,47.86896],[-106.2981468,47.3547181],[-106.1710101,47.3547181],[-106.1710101,47.1808198],[-105.9629682,47.1808198],[-105.9629682,47.0938707],[-105.8300525,47.0938707],[-105.8358314,47.1808198],[-105.4081896,47.1808198],[-105.3619581,47.7894637],[-105.2348213,47.7919479],[-105.2348213,47.7025146],[-104.9805478,47.7025146],[-104.9805478,47.6155654],[-104.5933587,47.6155654],[-104.5933587,47.5286163],[-104.5124535,47.5286163],[-104.5124535,47.3547181],[-104.4199904,47.3547181],[-104.4488851,47.3174542],[-104.3390852,47.2454106],[-104.3044115,47.0417012],[-104.4315483,46.8901613],[-104.6049166,46.8603502],[-104.6049166,46.6839677],[-104.0443591,46.6417353],[-104.0443591,45.9461423],[-102.940581,45.9461423],[-102.9579178,45.0393872],[-101.9986133,45.0393872],[-101.9986133,45.4716485],[-101.4727294,45.4716485],[-101.5016242,44.9946705],[-101.1375508,44.9946705],[-101.1375508,44.7462444],[-100.7330247,44.7636342],[-100.6983511,44.828225],[-100.5480986,44.76115],[-100.3978461,44.8654889],[-100.4094039,45.0120603],[-100.2764882,45.0219973],[-100.3284987,45.0865881],[-100.2764882,45.3822151],[-100.4787513,45.5263022],[-100.4325197,45.5958615],[-99.7159308,45.5933773],[-99.7159308,45.9411738]]]},"id":687},{"type":"Feature","properties":{"id":762,"name":"Missoula, MT","latitude":47.229117,"tvperc":83.3,"dma":762,"cableperc":37.1,"adsperc":46.5,"longitude":-114.464452},"geometry":{"type":"Polygon","coordinates":[[[-114.6024879,46.6367667],[-114.3250987,46.6541566],[-114.4753512,46.1597887],[-114.5273617,46.1448831],[-114.4580144,46.0951979],[-114.5100248,46.0306072],[-114.388667,45.8890043],[-114.5678143,45.7747283],[-114.498467,45.7026848],[-114.5620353,45.5585976],[-114.4580144,45.5610819],[-114.3308776,45.4592272],[-114.0130357,45.695232],[-113.9090148,45.6977162],[-113.8974569,45.7697598],[-113.5911729,45.8492561],[-113.2848889,46.0380599],[-113.2848889,46.2218952],[-113.0363944,46.2218952],[-113.0363944,46.7361372],[-113.2906679,46.8056965],[-113.3022258,47.1783356],[-113.4640362,47.1783356],[-113.4640362,47.6006599],[-113.1461943,47.5956913],[-113.1635311,47.7298414],[-113.0595102,47.7894637],[-113.0884049,47.9186452],[-112.8803629,47.9782675],[-113.0017207,48.1298074],[-113.2328784,48.1695556],[-113.2386574,48.2465676],[-113.3889099,48.3409695],[-113.3542362,48.4229501],[-113.481373,48.4527613],[-113.475594,48.5521317],[-113.7529833,48.6142382],[-113.7009728,48.7160929],[-113.7587623,48.8179476],[-114.0014779,48.8328531],[-114.0708252,48.9992986],[-114.7354036,48.9968143],[-114.6833931,48.974456],[-114.7354036,48.8104948],[-114.6140458,48.7508725],[-114.6891721,48.7086401],[-114.6371616,48.6589549],[-114.8914351,48.6589549],[-114.8452035,48.2266935],[-115.0185718,48.2266935],[-115.0127929,48.0155314],[-115.1572665,48.0180157],[-115.1861612,47.9186452],[-115.5444556,47.9211295],[-115.7351608,48.2639575],[-115.9547606,48.1496815],[-116.0472237,48.2142722],[-116.0472237,47.9757832],[-115.7236029,47.697546],[-115.6889292,47.5956913],[-115.7582765,47.5484904],[-115.6311398,47.4789311],[-115.7582765,47.4217931],[-115.3190769,47.2578319],[-114.9261087,46.9174882],[-114.897214,46.8032122],[-114.7874141,46.7808539],[-114.7700773,46.696389],[-114.6660563,46.7386214],[-114.6024879,46.6367667]]]},"id":762},{"type":"Feature","properties":{"id":686,"name":"Mobile, AL-Pensacola (Ft. Walton Beach), FL","latitude":31.1061175,"tvperc":91.0,"dma":686,"cableperc":51.7,"adsperc":39.8,"longitude":-87.6151775},"geometry":{"type":"MultiPolygon","coordinates":[[[[-88.3949815,30.387218],[-88.1869395,30.3648596],[-88.1927184,30.3176587],[-88.1118132,30.3648596],[-87.9962344,30.7772469],[-87.9095502,30.4120606],[-87.7535188,30.282879],[-88.0251291,30.2207725],[-87.7997503,30.2307096],[-87.5512558,30.2754263],[-87.4010033,30.4244819],[-87.3894454,30.4468402],[-87.4183401,30.454293],[-87.4356769,30.4741671],[-87.4356769,30.4990097],[-87.429898,30.4990097],[-87.429898,30.4890727],[-87.4356769,30.4791356],[-87.4125611,30.4567773],[-87.3374349,30.4294504],[-87.4992453,30.3126902],[-87.429898,30.3151744],[-87.4010033,30.3102059],[-87.2680876,30.3449856],[-87.2680876,30.3747967],[-87.3547717,30.3598911],[-87.1756245,30.4269662],[-87.1871824,30.5834746],[-87.1004982,30.5188838],[-87.0947193,30.4393875],[-86.9906983,30.5785061],[-87.019593,30.5039782],[-86.8751194,30.4393875],[-87.1814034,30.3425013],[-86.9502457,30.3946708],[-86.7768774,30.4095763],[-86.6035091,30.4021236],[-86.6381828,30.4319347],[-86.4937092,30.4617458],[-86.4994881,30.5213681],[-86.3954672,30.454293],[-86.3896882,30.9933776],[-86.7017512,31.0008304],[-86.6670775,31.4181862],[-86.7017512,31.5250094],[-86.8635616,31.5473677],[-86.9040142,31.8305734],[-87.6206031,31.8280892],[-87.6668346,31.9920504],[-88.0713606,31.9895661],[-88.1233711,31.9473337],[-88.0540238,31.9224911],[-88.1811606,31.8181521],[-88.0886975,31.6989076],[-88.4643288,31.6989076],[-88.4469919,31.435576],[-88.8399601,31.4330917],[-88.8399601,30.9983461],[-88.4238762,30.9983461],[-88.3949815,30.387218]]],[[[-86.3954672,30.3797652],[-86.4359198,30.4095763],[-86.516825,30.397155],[-86.5052671,30.3822495],[-86.3954672,30.3797652]]],[[[-87.2680876,30.3151744],[-86.516825,30.387218],[-86.5977302,30.4021236],[-86.7248669,30.4021236],[-87.1525087,30.3449856],[-87.2102981,30.3226272],[-87.3027612,30.33008],[-87.2680876,30.3151744]]],[[[-87.5454768,30.2754263],[-87.3200981,30.3176587],[-87.3143191,30.3275957],[-87.4067822,30.3002689],[-87.4356769,30.3126902],[-87.4530137,30.2953003],[-87.5339189,30.2803948],[-87.5454768,30.2803948],[-87.5454768,30.2754263]]],[[[-87.5396979,30.2803948],[-87.4876874,30.2928161],[-87.4587927,30.3052374],[-87.5050242,30.3002689],[-87.5396979,30.2803948]]],[[[-88.3025184,30.2282253],[-88.1927184,30.2480994],[-88.0771396,30.2480994],[-88.1175922,30.2654892],[-88.3025184,30.2282253]]]]},"id":686},{"type":"Feature","properties":{"id":628,"name":"Monroe, LA-El Dorado, AR","latitude":32.1842885,"tvperc":92.4,"dma":628,"cableperc":46.0,"adsperc":47.0,"longitude":-91.9321725},"geometry":{"type":"Polygon","coordinates":[[[-92.3824521,31.6194113],[-92.0241577,31.2815518],[-91.989484,31.2244138],[-91.9085788,31.2964574],[-91.688979,31.1995712],[-91.7236526,31.0430628],[-91.6485264,31.03561],[-91.6600842,30.9710192],[-91.5618422,31.0380943],[-91.6543053,31.254225],[-91.5156107,31.2790676],[-91.5734001,31.4107334],[-91.4693791,31.3759537],[-91.5213896,31.5225251],[-91.4058108,31.5896001],[-91.5156107,31.6293483],[-91.4000318,31.6194113],[-91.3711371,31.7461086],[-91.2671161,31.7510771],[-91.3653582,31.7610141],[-91.3422424,31.845479],[-91.2555582,31.8131836],[-91.1862109,31.9622392],[-91.076411,32.016893],[-91.1573162,32.074031],[-91.0821899,32.0467041],[-91.0012847,32.1460745],[-91.1630951,32.1336532],[-91.1630951,32.1957597],[-91.0417373,32.2429607],[-90.9955058,32.1932755],[-90.874148,32.3721422],[-90.9955058,32.3547524],[-90.97239,32.4392173],[-91.1168636,32.483934],[-91.0937478,32.5485247],[-90.9897269,32.493871],[-91.0821899,32.5559775],[-91.0128426,32.6404424],[-91.1515373,32.6255368],[-91.0532952,32.7199387],[-91.1630951,32.7522341],[-91.0821899,32.9633963],[-91.1342004,32.9807861],[-91.1688741,32.8988055],[-91.1688741,33.0031444],[-91.4578212,33.0056287],[-91.4578212,33.3882048],[-91.989484,33.3981419],[-91.9779261,33.3012557],[-92.1628523,33.1621371],[-92.2264207,33.2540548],[-92.4460205,33.2739288],[-92.5500415,33.3658465],[-92.9776832,33.3782678],[-92.9892411,33.01805],[-92.7234098,33.0006602],[-92.7234098,32.7596869],[-92.8274307,32.7596869],[-92.8794412,32.6006942],[-92.8794412,32.4541228],[-92.7754202,32.4541228],[-92.7754202,32.2355079],[-92.8158728,32.1460745],[-92.9372306,32.1485588],[-92.8736623,31.9448494],[-92.9776832,31.7113289],[-92.6193888,31.7088446],[-92.6193888,31.798278],[-92.3651153,31.7957938],[-92.3824521,31.6194113]]]},"id":628},{"type":"Feature","properties":{"id":828,"name":"Monterey-Salinas, CA","latitude":36.537526,"tvperc":90.1,"dma":828,"cableperc":52.8,"adsperc":38.5,"longitude":-121.265832},"geometry":{"type":"Polygon","coordinates":[[[-121.3465144,35.7954534],[-120.2138416,35.7904849],[-120.2658521,35.8973081],[-120.6703781,36.1382813],[-120.5952518,36.4885621],[-121.1442514,36.8363586],[-121.2135987,36.9605716],[-121.490988,36.98293],[-121.5776721,36.8934966],[-122.1497875,37.2860098],[-122.1555664,37.2760727],[-122.1555664,37.2164505],[-122.3173768,37.1866393],[-122.1555664,36.9754772],[-121.8608403,36.9332447],[-121.7857141,36.8040632],[-121.8146088,36.6823344],[-121.9764192,36.5804797],[-121.9012929,36.3072111],[-121.6759142,36.1631239],[-121.3465144,35.7954534]]]},"id":828},{"type":"Feature","properties":{"id":698,"name":"Montgomery-Selma, AL","latitude":32.0506805,"tvperc":93.9,"dma":698,"cableperc":64.0,"adsperc":30.4,"longitude":-86.7675715},"geometry":{"type":"Polygon","coordinates":[[[-86.7017512,31.0008304],[-86.1874252,30.9933776],[-86.1469726,31.616927],[-85.7424466,31.6194113],[-85.5921941,31.9945346],[-85.4303837,32.0144087],[-85.4361626,32.4963553],[-85.6962151,32.5808201],[-85.6962151,32.6975804],[-85.5921941,32.7273915],[-85.5921941,33.1074834],[-86.4937092,33.1025149],[-86.516825,32.9311009],[-86.3723514,32.7522341],[-86.713309,32.6628007],[-87.019593,32.6628007],[-87.019593,32.836699],[-87.4183401,32.8739629],[-87.5223611,32.4814497],[-87.8459819,32.5460405],[-88.036687,32.4317645],[-87.9268871,32.2876774],[-88.0193502,32.2851931],[-88.1060343,31.9995031],[-87.6668346,31.9920504],[-87.6206031,31.8280892],[-86.9040142,31.8305734],[-86.8635616,31.5473677],[-86.7017512,31.5250094],[-86.6670775,31.4181862],[-86.7017512,31.0008304]]]},"id":698},{"type":"Feature","properties":{"id":570,"name":"Myrtle Beach-Florence, SC","latitude":34.2987775,"tvperc":91.3,"dma":570,"cableperc":66.6,"adsperc":25.2,"longitude":-79.419767},"geometry":{"type":"Polygon","coordinates":[[[-79.3509357,34.839013],[-79.3624936,34.9582575],[-79.5127461,35.0253326],[-79.616767,34.8141704],[-79.9346089,34.8042334],[-79.7785774,34.6154296],[-79.8305879,34.5309647],[-80.2871244,34.3645193],[-80.1773245,34.3670035],[-80.1137561,34.2278849],[-80.1484298,34.1434201],[-79.8941563,33.9893959],[-79.9750615,33.9471635],[-79.9461668,33.885057],[-79.4954092,33.7757495],[-79.3509357,33.8154977],[-79.1024411,33.5720401],[-79.0041991,33.5720401],[-78.5534415,33.8602143],[-79.0735464,34.2999285],[-78.8423887,34.5086064],[-78.807715,34.6899574],[-78.9290728,34.8911825],[-79.0330938,34.953289],[-79.1891253,34.8340445],[-79.3509357,34.839013]]]},"id":570},{"type":"Feature","properties":{"id":659,"name":"Nashville, TN","latitude":36.07259,"tvperc":92.5,"dma":659,"cableperc":56.7,"adsperc":36.5,"longitude":-86.631128},"geometry":{"type":"Polygon","coordinates":[[[-87.6783925,37.1493754],[-87.7650767,36.9754772],[-88.1580448,36.8661697],[-88.0540238,36.4960149],[-88.5163393,36.5009834],[-88.5278971,36.1507026],[-88.2100553,36.1457341],[-88.1811606,35.7507367],[-88.2505079,35.4228143],[-88.1984974,35.3805819],[-87.7477398,35.4923736],[-87.5743715,35.4054245],[-87.6032663,35.0029742],[-86.8346668,34.9905529],[-86.8288879,35.2638216],[-86.5803934,35.3706448],[-86.3896882,35.2364947],[-86.3203409,34.9905529],[-85.8638044,34.9880687],[-85.8869202,35.5172162],[-85.4246048,35.5669014],[-85.2627943,35.7209256],[-85.2454575,36.1010174],[-85.1009839,36.1382813],[-85.1183208,36.4065815],[-85.0489735,36.5531529],[-84.7311316,36.525826],[-84.7831421,36.6028381],[-84.996963,36.6251964],[-85.0663103,36.8587169],[-85.2338996,36.8860438],[-85.297468,36.6251964],[-85.4361626,36.6177436],[-85.4708363,36.7345039],[-85.6153099,36.8338743],[-85.7713413,36.8363586],[-85.9793833,36.7220826],[-86.0718464,36.8090317],[-86.0660674,36.9009494],[-86.1989831,36.935729],[-86.4070251,36.7767363],[-86.5803934,36.8313901],[-86.6728564,37.0003198],[-86.8462247,37.0574578],[-87.2507507,37.0400679],[-87.3316559,37.1568282],[-87.5223611,37.1046587],[-87.6783925,37.1493754]]]},"id":659},{"type":"Feature","properties":{"id":622,"name":"New Orleans, LA","latitude":29.9723295,"tvperc":92.2,"dma":622,"cableperc":60.2,"adsperc":33.5,"longitude":-90.0824885},"geometry":{"type":"MultiPolygon","coordinates":[[[[-91.0821899,29.6270342],[-91.2671161,29.5326323],[-91.1168636,29.2568794],[-91.1688741,29.2668165],[-91.2324425,29.3736397],[-91.3480213,29.3165017],[-91.278674,29.2469424],[-90.9550532,29.1773831],[-90.8568112,29.0879497],[-90.6950008,29.1202451],[-90.6603271,29.2370053],[-90.6314324,29.2444581],[-90.5909798,29.2071942],[-90.5967587,29.2220998],[-90.6025377,29.224584],[-90.6140956,29.2494266],[-90.5505272,29.2022257],[-90.6083166,29.3140174],[-90.4754009,29.2792378],[-90.4291694,29.3463128],[-90.3829378,29.2543951],[-90.3367063,29.3090489],[-90.3482642,29.3413443],[-90.3309274,29.3090489],[-90.3367063,29.2966276],[-90.3309274,29.2966276],[-90.3482642,29.2767535],[-90.2384643,29.2345211],[-90.2731379,29.1426034],[-90.2211274,29.0854654],[-90.0477591,29.1947729],[-90.1402222,29.3189859],[-90.0362013,29.3065646],[-90.059317,29.453136],[-90.2326853,29.5003369],[-90.1748959,29.577349],[-89.9784118,29.4556203],[-89.8339383,29.4754943],[-89.8339383,29.3935137],[-89.7761488,29.4009665],[-89.8281593,29.3115331],[-89.6374542,29.3239544],[-89.4294122,29.1426034],[-89.354286,29.167446],[-89.3427281,29.1972572],[-89.354286,29.2866905],[-89.2618229,29.2022257],[-89.2676018,29.3463128],[-89.5623279,29.3935137],[-89.5218753,29.4581045],[-89.7183594,29.5972231],[-89.6374542,29.681688],[-89.4872017,29.6220657],[-89.5276543,29.6642982],[-89.5507701,29.6618139],[-89.5507701,29.6792037],[-89.5970016,29.6841722],[-89.5970016,29.7040463],[-89.6432331,29.7090148],[-89.654791,29.748763],[-89.4294122,29.6767195],[-89.4236333,29.7015621],[-89.4929806,29.7512473],[-89.4698648,29.7835427],[-89.2733808,29.7587001],[-89.4178544,29.8183223],[-89.3369492,29.8878816],[-89.458307,29.9947048],[-89.4294122,30.0518428],[-89.4929806,30.0692326],[-89.654791,29.863039],[-89.857054,30.0046419],[-89.7183594,30.0270002],[-89.66057,30.1611503],[-89.5392122,30.1959299],[-89.458307,30.1760558],[-89.3311702,30.3027531],[-89.3427281,30.3723124],[-89.348507,31.0107674],[-90.567864,31.0008304],[-90.567864,30.4865884],[-90.4002747,30.2853633],[-90.9608321,30.0667484],[-90.8857059,29.8779446],[-91.0821899,29.6270342]]],[[[-89.5912227,30.1512132],[-89.5334332,30.1760558],[-89.5334332,30.1909614],[-89.6201174,30.1636345],[-89.5912227,30.1512132]]],[[[-88.8804127,29.872976],[-88.8688548,29.8853973],[-88.8804127,29.8978186],[-88.8977495,29.8853973],[-88.8804127,29.872976]]],[[[-88.9035284,29.8779446],[-88.8977495,29.8804288],[-88.8919705,29.8779446],[-88.8977495,29.8829131],[-88.9035284,29.8779446]]],[[[-88.9150863,29.863039],[-88.9035284,29.8655233],[-88.9093074,29.872976],[-88.9208653,29.863039],[-88.9150863,29.863039]]],[[[-88.8688548,29.7537315],[-88.8515179,29.7760899],[-88.8630758,29.7785741],[-88.8688548,29.7537315]]],[[[-89.4236333,29.7288889],[-89.4351912,29.7537315],[-89.4467491,29.748763],[-89.4409701,29.7413102],[-89.4236333,29.7288889]]],[[[-88.8919705,29.7214361],[-88.8688548,29.7462788],[-88.8746337,29.748763],[-88.8861916,29.7288889],[-88.8919705,29.7214361]]],[[[-90.0882117,29.4655573],[-90.0477591,29.4978527],[-90.1171065,29.5077897],[-90.1286644,29.4928842],[-90.0882117,29.4655573]]],[[[-90.0015276,29.4282934],[-90.0015276,29.4556203],[-90.059317,29.4779786],[-90.0015276,29.4456832],[-90.0015276,29.4282934]]],[[[-89.2329282,29.2543951],[-89.1924756,29.3040804],[-89.1982545,29.3512813],[-89.2444861,29.3090489],[-89.2329282,29.2543951]]],[[[-89.256044,29.1997414],[-89.1346862,29.2891748],[-89.1809177,29.328923],[-89.1866966,29.3015961],[-89.256044,29.1997414]]],[[[-89.1924756,29.2171312],[-89.1578019,29.2444581],[-89.1231283,29.2519109],[-89.1346862,29.281722],[-89.1982545,29.2220998],[-89.1924756,29.2171312]]],[[[-89.2733808,29.1227293],[-89.2964966,29.2220998],[-89.348507,29.2693007],[-89.3369492,29.1898044],[-89.2733808,29.1227293]]],[[[-90.0419802,29.1997414],[-89.9552961,29.2543951],[-89.9495171,29.2643322],[-90.0073065,29.2394896],[-90.0419802,29.1997414]]],[[[-89.146244,29.2295525],[-89.1346862,29.2320368],[-89.1231283,29.2345211],[-89.1231283,29.2419738],[-89.1693598,29.2320368],[-89.146244,29.2295525]]],[[[-89.2098124,29.1475719],[-89.1231283,29.2320368],[-89.1404651,29.2320368],[-89.152023,29.2220998],[-89.1751388,29.2270683],[-89.1751388,29.2121627],[-89.2618229,29.1922886],[-89.2098124,29.1475719]]],[[[-89.1173493,29.2047099],[-89.1173493,29.2121627],[-89.1289072,29.2096785],[-89.1173493,29.2096785],[-89.1289072,29.2071942],[-89.1173493,29.2047099]]],[[[-89.048002,29.2022257],[-89.0422231,29.2047099],[-89.0364441,29.2071942],[-89.0422231,29.2121627],[-89.048002,29.2022257]]],[[[-89.0191073,29.1997414],[-89.0248862,29.1947729],[-89.0306652,29.1997414],[-89.0364441,29.1947729],[-89.0306652,29.1972572],[-89.0248862,29.1922886],[-89.0191073,29.1997414]]],[[[-89.0248862,29.1873201],[-89.0191073,29.1848358],[-89.0248862,29.1898044],[-89.0191073,29.1997414],[-89.0248862,29.1873201]]],[[[-89.0884546,29.1873201],[-89.048002,29.1997414],[-89.0711178,29.1947729],[-89.0884546,29.1873201]]],[[[-89.0248862,29.1873201],[-89.0422231,29.1922886],[-89.0422231,29.1972572],[-89.048002,29.1922886],[-89.0248862,29.1873201]]],[[[-89.0075494,29.1823516],[-89.0075494,29.1873201],[-89.0133284,29.1922886],[-89.0133284,29.1823516],[-89.0075494,29.1823516]]],[[[-89.053781,29.1724145],[-89.0191073,29.1748988],[-89.0248862,29.1798673],[-89.0595599,29.1873201],[-89.053781,29.1798673],[-89.0653388,29.1873201],[-89.053781,29.1724145]]],[[[-89.0826757,29.1475719],[-89.0942336,29.1748988],[-89.0711178,29.1848358],[-89.1115704,29.1724145],[-89.0826757,29.1475719]]],[[[-89.1404651,29.1748988],[-89.1346862,29.1773831],[-89.1346862,29.1798673],[-89.1404651,29.1798673],[-89.1404651,29.1748988]]],[[[-89.1404651,29.1724145],[-89.1231283,29.1773831],[-89.1289072,29.1773831],[-89.1404651,29.1724145]]],[[[-89.0248862,29.167446],[-89.0133284,29.1724145],[-89.0364441,29.1724145],[-89.0248862,29.167446]]],[[[-89.1173493,29.1500562],[-89.1289072,29.1649618],[-89.1115704,29.1748988],[-89.1346862,29.167446],[-89.1173493,29.1500562]]],[[[-89.053781,29.1724145],[-89.0595599,29.1699303],[-89.0653388,29.1624775],[-89.048002,29.157509],[-89.053781,29.1724145]]],[[[-89.1635809,29.157509],[-89.152023,29.1525405],[-89.1404651,29.1649618],[-89.1404651,29.167446],[-89.1635809,29.157509]]],[[[-89.1346862,29.1475719],[-89.1346862,29.1599932],[-89.146244,29.1599932],[-89.146244,29.1525405],[-89.1346862,29.1475719]]],[[[-89.1635809,29.157509],[-89.1809177,29.1475719],[-89.1751388,29.1525405],[-89.152023,29.1450877],[-89.1635809,29.157509]]],[[[-89.1346862,29.1475719],[-89.1173493,29.1426034],[-89.1115704,29.1500562],[-89.1173493,29.1450877],[-89.1289072,29.157509],[-89.1346862,29.1475719]]],[[[-89.0826757,29.1475719],[-89.0768967,29.1301821],[-89.0768967,29.1450877],[-89.0768967,29.1475719],[-89.0826757,29.1475719]]],[[[-89.1578019,29.1426034],[-89.1578019,29.1450877],[-89.1635809,29.1475719],[-89.1578019,29.1426034]]],[[[-89.2444861,29.1351506],[-89.250265,29.1450877],[-89.2155914,29.1376349],[-89.2387071,29.1276979],[-89.2329282,29.1028552],[-89.1751388,29.0283274],[-89.2329282,29.1053395],[-89.2444861,29.1351506]]],[[[-89.1404651,29.1351506],[-89.1404651,29.1426034],[-89.146244,29.1450877],[-89.1404651,29.1351506]]],[[[-89.0422231,29.1351506],[-89.0248862,29.1376349],[-89.0306652,29.1426034],[-89.0422231,29.1351506]]],[[[-89.2791597,29.0879497],[-89.2676018,29.0829812],[-89.256044,29.1326664],[-89.2271492,29.0904339],[-89.2444861,29.1227293],[-89.2444861,29.1351506],[-89.250265,29.1426034],[-89.2791597,29.0879497]]],[[[-89.2155914,29.1376349],[-89.2155914,29.1351506],[-89.2098124,29.1301821],[-89.2040335,29.1426034],[-89.2155914,29.1376349]]],[[[-89.2040335,29.1426034],[-89.1982545,29.1376349],[-89.2040335,29.1351506],[-89.1924756,29.1401192],[-89.2040335,29.1426034]]],[[[-89.0884546,29.1276979],[-89.1173493,29.1401192],[-89.1404651,29.1351506],[-89.1115704,29.1326664],[-89.0884546,29.1276979]]],[[[-89.1635809,29.1028552],[-89.1809177,29.1301821],[-89.1693598,29.1401192],[-89.1866966,29.1401192],[-89.2040335,29.1301821],[-89.1924756,29.1351506],[-89.1866966,29.1177608],[-89.1635809,29.1028552]]],[[[-89.1289072,29.1301821],[-89.146244,29.1376349],[-89.146244,29.1301821],[-89.1289072,29.1301821]]],[[[-89.0595599,29.1227293],[-89.048002,29.1202451],[-89.0306652,29.1351506],[-89.048002,29.1301821],[-89.0595599,29.1227293]]],[[[-90.3829378,29.1028552],[-90.3367063,29.1252136],[-90.4002747,29.1078238],[-90.4002747,29.1053395],[-90.3829378,29.1028552]]],[[[-89.0653388,29.1227293],[-89.053781,29.1301821],[-89.048002,29.1326664],[-89.0595599,29.1276979],[-89.0653388,29.1227293]]],[[[-89.0768967,29.1078238],[-89.0826757,29.1227293],[-89.1173493,29.1326664],[-89.0942336,29.1202451],[-89.0768967,29.1078238]]],[[[-89.1289072,29.1301821],[-89.1115704,29.1202451],[-89.1231283,29.1301821],[-89.1289072,29.1301821]]],[[[-89.0884546,29.1276979],[-89.0768967,29.1227293],[-89.0768967,29.1301821],[-89.0884546,29.1301821],[-89.0884546,29.1276979]]],[[[-89.2098124,29.1252136],[-89.1924756,29.1252136],[-89.1866966,29.1053395],[-89.1866966,29.1078238],[-89.2040335,29.1177608],[-89.2098124,29.1252136]]],[[[-89.2213703,29.1177608],[-89.2098124,29.1177608],[-89.2098124,29.1252136],[-89.2213703,29.1227293],[-89.2213703,29.1177608]]],[[[-89.2098124,29.1252136],[-89.2040335,29.0978867],[-89.1866966,29.0879497],[-89.2040335,29.1028552],[-89.2098124,29.1252136]]],[[[-89.1231283,29.1053395],[-89.1173493,29.1078238],[-89.1173493,29.1177608],[-89.146244,29.1227293],[-89.1231283,29.110308],[-89.1231283,29.1053395]]],[[[-89.0595599,29.1227293],[-89.0653388,29.1078238],[-89.0595599,29.0804969],[-89.048002,29.1152766],[-89.0595599,29.1227293]]],[[[-89.2213703,29.1177608],[-89.2213703,29.1202451],[-89.2329282,29.110308],[-89.2213703,29.1028552],[-89.2213703,29.1177608]]],[[[-89.152023,29.1053395],[-89.146244,29.1127923],[-89.1693598,29.1202451],[-89.1635809,29.1177608],[-89.1578019,29.1078238],[-89.152023,29.1127923],[-89.152023,29.1053395]]],[[[-89.1115704,29.1202451],[-89.1057914,29.1053395],[-89.1057914,29.110308],[-89.1057914,29.1202451],[-89.1115704,29.1202451]]],[[[-89.1404651,29.1028552],[-89.1346862,29.1028552],[-89.1289072,29.110308],[-89.1346862,29.1127923],[-89.1404651,29.1028552]]],[[[-89.0711178,29.100371],[-89.0711178,29.1078238],[-89.0768967,29.110308],[-89.0711178,29.100371]]],[[[-89.2964966,29.0755284],[-89.2791597,29.0929182],[-89.2733808,29.1078238],[-89.2907176,29.0879497],[-89.2964966,29.0755284]]],[[[-90.365601,29.1028552],[-90.3424852,29.1028552],[-90.3424852,29.1078238],[-90.3482642,29.1078238],[-90.365601,29.1028552]]],[[[-89.2155914,29.0829812],[-89.2098124,29.1053395],[-89.2155914,29.0854654],[-89.2155914,29.0829812]]],[[[-89.1057914,29.1053395],[-89.0942336,29.0755284],[-89.0884546,29.0730441],[-89.1057914,29.100371],[-89.1057914,29.1053395]]],[[[-89.1115704,29.0929182],[-89.1115704,29.1028552],[-89.1289072,29.100371],[-89.1231283,29.0929182],[-89.1115704,29.0929182]]],[[[-89.0653388,29.0705599],[-89.0711178,29.0804969],[-89.0711178,29.0978867],[-89.0711178,29.0780126],[-89.0653388,29.0705599]]],[[[-89.1115704,29.0929182],[-89.1173493,29.0929182],[-89.1173493,29.0904339],[-89.1057914,29.0780126],[-89.1057914,29.0954025],[-89.1115704,29.0929182]]],[[[-90.26158,29.0804969],[-90.2558011,29.0829812],[-90.2442432,29.0879497],[-90.2500222,29.0929182],[-90.26158,29.0804969]]],[[[-90.4465062,29.05317],[-90.4580641,29.0705599],[-90.5389693,29.0879497],[-90.5274114,29.0804969],[-90.469622,29.0581386],[-90.4465062,29.05317]],[[-90.4927378,29.0680756],[-90.5042956,29.0730441],[-90.5100746,29.0804969],[-90.4754009,29.0680756],[-90.4927378,29.0680756]]],[[[-90.2731379,29.0780126],[-90.267359,29.0804969],[-90.2731379,29.0879497],[-90.2789169,29.0829812],[-90.2731379,29.0780126]]],[[[-89.1635809,29.0705599],[-89.1578019,29.0854654],[-89.1635809,29.0879497],[-89.1635809,29.0705599]]],[[[-89.2791597,29.0879497],[-89.2964966,29.0705599],[-89.3369492,29.0183904],[-89.2964966,29.0680756],[-89.2733808,29.0854654],[-89.2676018,29.0829812],[-89.2791597,29.0879497]]],[[[-89.2155914,29.0556543],[-89.2155914,29.0581386],[-89.2155914,29.0705599],[-89.2329282,29.0854654],[-89.2155914,29.0581386],[-89.2155914,29.0556543]]],[[[-89.256044,29.0780126],[-89.250265,29.0854654],[-89.2618229,29.0829812],[-89.256044,29.0780126]]],[[[-89.2676018,29.0780126],[-89.2618229,29.0631071],[-89.256044,29.0755284],[-89.2618229,29.0854654],[-89.2676018,29.0780126]]],[[[-89.1289072,29.0680756],[-89.1231283,29.0705599],[-89.1404651,29.0829812],[-89.1346862,29.0755284],[-89.1289072,29.0680756]]],[[[-90.3424852,29.0581386],[-90.2904748,29.0730441],[-90.2789169,29.0804969],[-90.2846958,29.0804969],[-90.2962537,29.0705599],[-90.3251484,29.0655913],[-90.3309274,29.0705599],[-90.3424852,29.0581386]]],[[[-89.2676018,29.0730441],[-89.2676018,29.0780126],[-89.2849387,29.0755284],[-89.2733808,29.0755284],[-89.2676018,29.0730441]]],[[[-89.1924756,29.0680756],[-89.1924756,29.0755284],[-89.1982545,29.0730441],[-89.1924756,29.0680756]]],[[[-89.2676018,29.0680756],[-89.2676018,29.0730441],[-89.2849387,29.0730441],[-89.2849387,29.0705599],[-89.2676018,29.0705599],[-89.2676018,29.0680756]]],[[[-89.3022755,29.05317],[-89.2907176,29.0655913],[-89.2791597,29.0655913],[-89.2849387,29.0730441],[-89.3022755,29.0556543],[-89.3022755,29.05317]]],[[[-89.3138334,29.0581386],[-89.3022755,29.0730441],[-89.3138334,29.0655913],[-89.3138334,29.0581386]]],[[[-90.7181165,29.0457173],[-90.6372113,29.0655913],[-90.6372113,29.0705599],[-90.671885,29.0705599],[-90.7181165,29.0457173]]],[[[-89.2791597,29.0655913],[-89.2676018,29.0631071],[-89.2676018,29.0680756],[-89.2791597,29.0705599],[-89.2791597,29.0655913]]],[[[-90.4349483,29.0556543],[-90.4407273,29.0655913],[-90.4522852,29.0680756],[-90.4407273,29.0581386],[-90.4349483,29.0556543]]],[[[-89.152023,29.0556543],[-89.1404651,29.0581386],[-89.1404651,29.0606228],[-89.1578019,29.0655913],[-89.1635809,29.0631071],[-89.152023,29.0556543]]],[[[-89.2964966,29.05317],[-89.2791597,29.0581386],[-89.2791597,29.0631071],[-89.2964966,29.0606228],[-89.2964966,29.05317]]],[[[-90.9088217,29.043233],[-90.9203795,29.05317],[-90.9666111,29.0606228],[-90.9608321,29.0556543],[-90.9088217,29.043233]]],[[[-90.7412323,29.0482015],[-90.7123376,29.05317],[-90.7412323,29.0606228],[-90.7412323,29.0482015]]],[[[-90.8163586,29.0407487],[-90.8105796,29.0457173],[-90.7990217,29.0556543],[-90.8221375,29.0556543],[-90.8163586,29.0407487]]],[[[-89.152023,29.0506858],[-89.146244,29.05317],[-89.1635809,29.0556543],[-89.1578019,29.05317],[-89.152023,29.0506858]]],[[[-89.1578019,29.043233],[-89.1693598,29.0506858],[-89.1751388,29.0482015],[-89.1751388,29.05317],[-89.1578019,29.043233]]],[[[-90.4349483,29.0556543],[-90.4407273,29.05317],[-90.4233904,29.0482015],[-90.4349483,29.0556543]]],[[[-89.3022755,29.05317],[-89.3080544,29.043233],[-89.2964966,29.0506858],[-89.2964966,29.0556543],[-89.3022755,29.0506858],[-89.3022755,29.05317]]],[[[-90.8221375,29.0382645],[-90.8394743,29.05317],[-90.8452533,29.043233],[-90.8336954,29.0382645],[-90.8221375,29.0382645]]],[[[-90.7990217,29.0382645],[-90.7816849,29.0506858],[-90.7874639,29.0506858],[-90.7990217,29.0382645]]],[[[-90.7412323,29.0407487],[-90.7238955,29.043233],[-90.7181165,29.0482015],[-90.7354534,29.0482015],[-90.7412323,29.0407487]]],[[[-90.9030427,29.0407487],[-90.874148,29.0407487],[-90.8625901,29.0457173],[-90.9030427,29.0457173],[-90.9030427,29.0407487]]],[[[-90.8221375,29.0382645],[-90.8048007,29.0382645],[-90.8221375,29.0407487],[-90.8221375,29.0457173],[-90.8221375,29.0382645]]],[[[-89.3369492,29.0308117],[-89.3253913,29.0407487],[-89.3253913,29.043233],[-89.3369492,29.0308117]]],[[[-89.1751388,29.0258432],[-89.1693598,29.0258432],[-89.1635809,29.0308117],[-89.1693598,29.0283274],[-89.1751388,29.0258432]]],[[[-89.3427281,29.0183904],[-89.3427281,29.0233589],[-89.3369492,29.0308117],[-89.348507,29.0233589],[-89.3427281,29.0183904]]],[[[-89.1751388,29.0258432],[-89.1693598,29.0208746],[-89.1635809,29.0233589],[-89.1751388,29.0258432]]],[[[-89.1693598,29.0134219],[-89.1751388,29.0208746],[-89.1866966,29.0208746],[-89.1751388,29.0183904],[-89.1693598,29.0134219]]],[[[-89.1693598,29.0183904],[-89.152023,29.0084533],[-89.1635809,29.0208746],[-89.1693598,29.0183904]]],[[[-89.3427281,29.0183904],[-89.3947386,28.9786422],[-89.4062965,28.9488311],[-89.3427281,29.0183904]]],[[[-89.1693598,29.0183904],[-89.152023,28.996032],[-89.146244,28.9985163],[-89.1693598,29.0183904]]],[[[-89.3427281,29.0059691],[-89.3369492,29.0134219],[-89.3369492,29.0159061],[-89.3427281,29.0159061],[-89.3427281,29.0059691]]],[[[-89.3716228,28.9711894],[-89.3427281,29.0034848],[-89.348507,29.0059691],[-89.3716228,28.9711894]]],[[[-89.3831807,28.9612524],[-89.3716228,28.9662209],[-89.3716228,28.9736737],[-89.3831807,28.9612524]]],[[[-89.4005175,28.9339255],[-89.3831807,28.9463468],[-89.3774018,28.9562839],[-89.3831807,28.9587681],[-89.3774018,28.9687052],[-89.3889596,28.9587681],[-89.4005175,28.9339255]]]]},"id":622},{"type":"Feature","properties":{"id":501,"name":"New York, NY","latitude":40.839717,"tvperc":96.8,"dma":501,"cableperc":84.2,"adsperc":13.8,"longitude":-73.6072985},"geometry":{"type":"MultiPolygon","coordinates":[[[[-74.1845606,39.7230694],[-74.1961185,39.737975],[-74.1903396,39.7653019],[-74.1036554,39.9267788],[-74.1961185,39.9491371],[-74.0805397,39.9367158],[-74.0978765,39.7653019],[-73.9822976,40.2646382],[-73.9707397,40.3491031],[-73.9765187,40.4012726],[-73.9822976,40.4310837],[-73.9822976,40.443505],[-73.9938555,40.4683476],[-73.9765187,40.37643],[-74.0111923,40.3068707],[-74.045866,40.3168077],[-73.9765187,40.37643],[-74.0747607,40.3565559],[-73.9822976,40.4037568],[-74.2885816,40.4956745],[-74.1556659,40.6993839],[-74.0805397,40.7416163],[-74.144108,40.6472144],[-74.0689818,40.6844783],[-73.9765187,40.7118052],[-73.9245082,40.8782506],[-73.9071714,40.8707978],[-73.9302871,40.8037228],[-73.7915925,40.8062071],[-73.8147083,40.8235969],[-73.8262662,40.8881877],[-73.8204872,40.8857034],[-73.8204872,40.8683136],[-73.8031504,40.8484395],[-73.7858136,40.8732821],[-73.8089293,40.8707978],[-73.7684767,40.9155145],[-73.5893295,41.0422118],[-73.1905824,41.1862989],[-73.1038983,41.1540035],[-73.0692246,41.3005749],[-73.3003824,41.4719889],[-73.439077,41.491863],[-73.5199822,41.6657612],[-73.4853085,42.0508216],[-73.5257611,41.9787781],[-73.9302871,42.0781485],[-73.9996345,42.1775189],[-74.0747607,42.0955383],[-74.450392,42.1700661],[-75.1438652,41.8520808],[-75.0745178,41.8148169],[-75.0456231,41.616076],[-75.265223,41.3751027],[-75.3519071,41.36765],[-75.3576861,41.2384684],[-75.1265283,41.253374],[-75.1554231,41.149035],[-74.9647179,41.0943813],[-75.1323073,40.9900423],[-75.0514021,40.8683136],[-75.1958757,40.7515533],[-75.1958757,40.5751708],[-75.0687389,40.5428754],[-75.06296,40.4211467],[-74.9416022,40.3416503],[-74.750897,40.4236309],[-74.4792867,40.272091],[-74.6122024,40.1826576],[-74.3926026,39.7727546],[-74.4157183,39.5516554],[-74.3348131,39.509423],[-74.3001395,39.5392341],[-74.3405921,39.576498],[-74.1614449,39.7131324],[-74.1845606,39.7230694]],[[-74.0863186,39.9416844],[-74.149887,40.0062751],[-74.0574239,40.0509918],[-74.1325501,40.0658974],[-74.045866,40.0658974],[-74.0863186,39.9416844]]],[[[-72.0347938,41.2508897],[-72.0001202,41.253374],[-71.919215,41.2931221],[-72.0232359,41.2757323],[-72.0347938,41.2508897]]],[[[-73.4101823,40.6546672],[-72.4104251,40.8732821],[-72.4162041,40.8633451],[-72.4739935,40.8385024],[-71.8556466,41.0720229],[-72.0925833,40.9925266],[-72.1619306,41.0546331],[-72.2543937,40.9950109],[-72.3121831,41.0422118],[-72.4913303,40.8956404],[-72.6415828,40.9155145],[-72.4624356,41.0074322],[-72.427762,40.977621],[-72.4046462,41.0745072],[-72.2312779,41.1614563],[-72.3526357,41.1415822],[-72.6415828,40.9801053],[-73.1212351,40.977621],[-73.1732456,40.8931562],[-73.3986244,40.9552627],[-73.3523928,40.8931562],[-73.3639507,40.8906719],[-73.3755086,40.9130303],[-73.433298,40.9055775],[-73.4217402,40.8832191],[-73.4853085,40.9478099],[-73.4968664,40.9279358],[-73.4621928,40.8583765],[-73.635561,40.9030932],[-73.6471189,40.8012385],[-73.7280241,40.8658293],[-73.7106873,40.79627],[-73.7511399,40.8385024],[-73.7569188,40.7664589],[-73.7800346,40.79627],[-73.8551609,40.7590061],[-73.9071714,40.7913015],[-74.0400871,40.624856],[-73.9938555,40.5702023],[-73.8840556,40.5776551],[-73.9187293,40.6323088],[-73.837824,40.6621199],[-73.745361,40.6397616],[-73.7684767,40.5975292],[-73.941845,40.5428754],[-73.7280241,40.6074662],[-73.6875715,40.5925606],[-73.6933505,40.6372773],[-73.4101823,40.6546672]]],[[[-72.0983622,41.0471803],[-72.0752464,41.0993498],[-72.1330359,41.1241924],[-72.1388148,41.0943813],[-72.0983622,41.0471803]]],[[[-72.2717305,41.024822],[-72.3352989,41.1068026],[-72.3815304,41.0720229],[-72.3468568,41.0397276],[-72.3641936,41.0670544],[-72.3526357,41.0645702],[-72.3526357,41.0471803],[-72.3121831,41.0546331],[-72.2717305,41.024822]]],[[[-73.3870665,41.0943813],[-73.3812876,41.0943813],[-73.3812876,41.0993498],[-73.3870665,41.0943813]]],[[[-72.4508777,40.9552627],[-72.4682146,40.9850738],[-72.4739935,40.977621],[-72.4624356,40.9627155],[-72.4508777,40.9552627]]],[[[-73.6644558,40.9651997],[-73.6586768,40.9801053],[-73.6644558,40.9825896],[-73.6586768,40.9751368],[-73.6702347,40.967684],[-73.6644558,40.9651997]]],[[[-73.7800346,40.8807349],[-73.7800346,40.8857034],[-73.7800346,40.8881877],[-73.7858136,40.8832191],[-73.7800346,40.8807349]]],[[[-73.7684767,40.8807349],[-73.7684767,40.8881877],[-73.7742557,40.8832191],[-73.7684767,40.8807349]]],[[[-73.7684767,40.8459552],[-73.7626978,40.8558923],[-73.7742557,40.8583765],[-73.7742557,40.8484395],[-73.7684767,40.8459552]]],[[[-73.7800346,40.8385024],[-73.7858136,40.8509237],[-73.7915925,40.8583765],[-73.7915925,40.843471],[-73.7800346,40.8385024]]],[[[-72.7513828,40.7639746],[-72.4971093,40.8335339],[-72.4797724,40.8409867],[-72.728267,40.7788802],[-72.7513828,40.7639746]]],[[[-73.9360661,40.7813645],[-73.9245082,40.7813645],[-73.9129503,40.7937858],[-73.9245082,40.8012385],[-73.9360661,40.7813645]]],[[[-73.8840556,40.786333],[-73.8724977,40.7888172],[-73.8898345,40.7987543],[-73.8898345,40.786333],[-73.8840556,40.786333]]],[[[-73.9591819,40.7490691],[-73.9534029,40.7540376],[-73.941845,40.7739117],[-73.9591819,40.7490691]]],[[[-73.2657087,40.6174033],[-73.0172141,40.6770255],[-72.7571617,40.7689431],[-73.1038983,40.6571514],[-73.3119402,40.624856],[-73.3119402,40.6198875],[-73.2657087,40.6174033]]],[[[-74.0227502,40.6844783],[-74.0111923,40.6894468],[-74.0227502,40.6919311],[-74.0227502,40.6844783]]],[[[-73.1905824,40.6546672],[-73.2021403,40.6596357],[-73.2021403,40.6571514],[-73.1905824,40.6546672]]],[[[-73.2657087,40.6447301],[-73.2657087,40.6596357],[-73.2772666,40.6496986],[-73.2772666,40.6472144],[-73.2657087,40.6447301]]],[[[-73.5777716,40.5751708],[-73.2483719,40.6397616],[-73.3003824,40.6397616],[-73.3177192,40.6472144],[-73.3061613,40.6496986],[-73.5026454,40.6124347],[-73.5777716,40.5751708]]],[[[-73.3061613,40.6422459],[-73.2888245,40.6422459],[-73.2946034,40.6496986],[-73.3061613,40.6422459]]],[[[-74.248129,40.4956745],[-74.1152133,40.547844],[-74.0689818,40.6422459],[-74.1845606,40.6447301],[-74.2134553,40.557781],[-74.248129,40.5428754],[-74.248129,40.4956745]]],[[[-73.8320451,40.5950449],[-73.8204872,40.5950449],[-73.8147083,40.6074662],[-73.8262662,40.6397616],[-73.8204872,40.6000134],[-73.8320451,40.5950449]]],[[[-73.843603,40.624856],[-73.837824,40.6323088],[-73.843603,40.6323088],[-73.843603,40.624856]]],[[[-73.6644558,40.5975292],[-73.6644558,40.6049819],[-73.6702347,40.6024977],[-73.6644558,40.5975292]]],[[[-73.6991294,40.5826236],[-73.5835506,40.5851079],[-73.5777716,40.5925606],[-73.7569188,40.5826236],[-73.6991294,40.5826236]]],[[[-74.3001395,39.5019702],[-74.2307922,39.5690453],[-74.0920975,39.7578491],[-74.1209923,39.7727546],[-74.1383291,39.6957426],[-74.3001395,39.5019702]]],[[[-74.1845606,39.7230694],[-74.1672238,39.7205852],[-74.1614449,39.7354907],[-74.1903396,39.7429435],[-74.1845606,39.7230694]]],[[[-74.2018975,39.6485416],[-74.1903396,39.6510259],[-74.1903396,39.6609629],[-74.2018975,39.6609629],[-74.2018975,39.6485416]]]]},"id":501},{"type":"Feature","properties":{"id":544,"name":"Norfolk-Portsmouth-Newport News, VA","latitude":36.608336,"tvperc":92.1,"dma":544,"cableperc":69.5,"adsperc":23.1,"longitude":-76.3720915},"geometry":{"type":"MultiPolygon","coordinates":[[[[-75.2421072,38.0263194],[-75.3345703,37.9244647],[-75.3808018,37.9120434],[-75.3519071,37.869811],[-75.3981387,37.8747795],[-75.3750229,37.8573897],[-75.363465,37.8623582],[-75.3345703,37.8921693],[-75.2421072,38.0263194]]],[[[-75.3750229,38.0163824],[-75.6235174,37.994024],[-75.7333174,37.9194962],[-75.6466332,37.8971379],[-75.7102016,37.7952832],[-75.8200015,37.7903147],[-75.77377,37.755535],[-75.8951278,37.6387748],[-75.8315594,37.6338062],[-75.9413593,37.5617627],[-75.8315594,37.5667312],[-75.8431173,37.5493414],[-75.9355804,37.5468571],[-75.9644751,37.4748136],[-75.8893488,37.4797821],[-75.9644751,37.4673608],[-75.9355804,37.3878644],[-76.0222645,37.2984311],[-75.9644751,37.3133366],[-76.0222645,37.2661357],[-75.970254,37.11708],[-75.8084436,37.5120775],[-75.7275384,37.5766682],[-75.8084436,37.4723293],[-75.6755279,37.5319516],[-75.6870858,37.6089636],[-75.4328123,37.9915398],[-75.3750229,38.0163824]]],[[[-75.4039176,37.8971379],[-75.3808018,37.917012],[-75.3461282,37.9194962],[-75.3114545,37.984087],[-75.3287913,37.9816027],[-75.4039176,37.8971379]]],[[[-75.4328123,37.9344018],[-75.4212544,37.9468231],[-75.4443702,37.9418546],[-75.4328123,37.9344018]]],[[[-75.4963807,37.8201258],[-75.4154755,37.8847166],[-75.4154755,37.8896851],[-75.461707,37.8847166],[-75.4963807,37.8201258]]],[[[-75.976033,37.802736],[-75.9818119,37.82261],[-75.9991487,37.8325471],[-75.9991487,37.8101887],[-75.976033,37.802736]]],[[[-75.5194965,37.7952832],[-75.5021596,37.8176415],[-75.5194965,37.8250943],[-75.5194965,37.7952832]]],[[[-76.6521693,37.6039951],[-76.7041798,37.4400339],[-76.5019168,37.2462616],[-76.3863379,37.2636514],[-76.4903589,37.3108524],[-76.4441273,37.3381792],[-76.4036747,37.335695],[-76.4903589,37.3605376],[-76.5019168,37.4176756],[-76.4903589,37.4176756],[-76.4903589,37.412707],[-76.4845799,37.40277],[-76.4614642,37.3978015],[-76.4499063,37.3804117],[-76.4036747,37.3679904],[-76.4441273,37.4549395],[-76.3458853,37.3704746],[-76.3516643,37.4425182],[-76.276538,37.3108524],[-76.276538,37.4723293],[-76.5423694,37.5592784],[-76.6521693,37.6039951]]],[[[-76.2649801,37.4723293],[-76.276538,37.4996562],[-76.2996538,37.5145617],[-76.3169906,37.4897191],[-76.2649801,37.4723293]]],[[[-76.8948849,37.4300969],[-76.8717691,37.2412931],[-76.6521693,37.221419],[-76.4210116,36.9605716],[-76.3054327,37.0003198],[-76.270759,37.0872689],[-76.2823169,37.107143],[-76.3632221,37.0475207],[-76.3863379,37.1096272],[-76.37478,37.1195643],[-76.3632221,37.11708],[-76.3690011,37.1195643],[-76.3516643,37.1145958],[-76.3458853,37.1021745],[-76.2938748,37.1270171],[-76.4499063,37.1344699],[-76.4556852,37.1816708],[-76.3921169,37.1990606],[-76.582822,37.2760727],[-76.7561903,37.459908],[-76.8948849,37.4300969]]],[[[-76.7272955,36.2426203],[-76.6984008,36.2947898],[-76.7966429,36.3593805],[-76.7735271,36.3618648],[-76.6752851,36.2773999],[-76.6868429,36.0612693],[-76.5134747,36.0066155],[-76.3054327,36.0985332],[-76.4556852,36.2028721],[-76.2245275,36.0960489],[-76.2880959,36.2227462],[-76.1840749,36.12586],[-76.0627171,36.1457341],[-76.2187486,36.3022425],[-76.1320644,36.2947898],[-76.0164856,36.1854823],[-75.9124646,36.1656082],[-75.9933698,36.2003879],[-75.9529172,36.2848527],[-76.0453803,36.3593805],[-75.970254,36.3320537],[-75.7968857,36.0712063],[-75.9240225,36.4264556],[-75.9471382,36.3618648],[-76.0858329,36.5009834],[-76.0280434,36.515889],[-76.0453803,36.6152594],[-75.9875908,36.4960149],[-75.9009067,36.4885621],[-75.9240225,36.5680584],[-75.9933698,36.5680584],[-75.9413593,36.7245668],[-75.7390963,36.0413952],[-75.6813069,36.0165526],[-75.7275384,36.0041313],[-75.5368333,35.7904849],[-75.77377,36.230199],[-75.8835699,36.6078066],[-75.9933698,36.9158549],[-76.3285485,36.9630559],[-76.2823169,36.8885281],[-76.3285485,36.8761067],[-76.2014117,36.821453],[-76.4036747,36.8065475],[-76.4036747,36.811516],[-76.3978958,36.8264215],[-76.4094537,36.8338743],[-76.3921169,36.8537484],[-76.3401064,36.8612012],[-76.4325695,36.9059179],[-76.5481483,36.8313901],[-76.4845799,36.9556031],[-76.6232746,36.98293],[-76.6232746,36.9903827],[-76.6174956,37.0003198],[-76.6117167,37.0077726],[-76.582822,36.9978355],[-76.577043,37.0201939],[-76.6637272,37.0450365],[-76.6868429,37.1965764],[-76.7446324,37.1468912],[-77.0104638,37.2338403],[-77.1549373,37.1121115],[-76.9642322,37.0549735],[-76.9526743,36.945666],[-77.5016739,36.6699131],[-77.3745372,36.6301649],[-77.3514214,36.5556371],[-77.0682532,36.4984991],[-77.2069478,36.2475888],[-76.7272955,36.2426203]]],[[[-76.7504113,37.1891236],[-76.7330745,37.2040292],[-76.785085,37.2139662],[-76.7677481,37.1965764],[-76.7504113,37.1891236]]],[[[-75.9644751,37.0847846],[-75.9529172,37.0947217],[-75.976033,37.1021745],[-75.976033,37.0872689],[-75.9644751,37.0847846]]],[[[-75.9009067,35.6687561],[-75.8373383,35.5718699],[-75.7333174,35.6240394],[-75.7795489,35.6836616],[-75.7159805,35.6985672],[-75.7275384,35.8227802],[-75.8084436,35.9594146],[-75.9875908,35.8898553],[-76.0107066,35.6687561],[-75.9009067,35.6687561]]],[[[-75.6292964,35.820296],[-75.6466332,35.9097294],[-75.7275384,35.9370562],[-75.6524121,35.8252645],[-75.6292964,35.820296]]],[[[-75.7506542,35.1892938],[-75.5310543,35.2166206],[-75.4848228,35.4153615],[-75.4559281,35.5718699],[-75.5252754,35.7755793],[-75.467486,35.581807],[-75.5194965,35.2687901],[-75.7506542,35.1892938]]]]},"id":544},{"type":"Feature","properties":{"id":740,"name":"North Platte, NE","latitude":41.394995,"tvperc":91.0,"dma":740,"cableperc":61.9,"adsperc":30.4,"longitude":-100.836179},"geometry":{"type":"Polygon","coordinates":[[[-101.2473507,41.0049479],[-101.2473507,40.6968996],[-100.2244778,40.6993839],[-100.2533725,41.7402891],[-99.6870361,41.7402891],[-99.6870361,42.0856013],[-101.4264979,42.0930541],[-101.4264979,41.7427733],[-101.9870554,41.7427733],[-101.9870554,41.3949768],[-101.2704664,41.3949768],[-101.2473507,41.0049479]]]},"id":740},{"type":"Feature","properties":{"id":633,"name":"Odessa-Midland, TX","latitude":30.781491,"tvperc":94.2,"dma":633,"cableperc":62.8,"adsperc":32.4,"longitude":-103.077288},"geometry":{"type":"Polygon","coordinates":[[[-101.7616766,29.7810584],[-101.7558977,30.2878476],[-101.6576556,30.3425013],[-101.7385608,30.4219976],[-101.6518767,30.6207385],[-101.8079081,30.7027191],[-101.8830344,30.9263025],[-102.3915814,31.0852952],[-102.3915814,31.0877795],[-102.2991183,31.0852952],[-101.8599186,31.0803267],[-101.2762454,31.0803267],[-101.2646875,32.0864523],[-101.1837823,32.0864523],[-101.1722244,32.5236821],[-103.0619388,32.5211979],[-103.1832966,32.5907572],[-103.2584228,32.4715127],[-103.443349,32.4193432],[-103.541591,32.5236821],[-103.8132014,32.5286507],[-103.7207383,32.5236821],[-103.7207383,31.9995031],[-104.0270223,31.9995031],[-104.1021485,31.1051693],[-104.9805478,30.6281913],[-104.7089375,30.2356781],[-104.6858218,29.930114],[-104.5355692,29.6667824],[-104.0385801,29.3189859],[-103.1544019,28.9711894],[-102.9925915,29.1798673],[-102.8654547,29.224584],[-102.8827915,29.3463128],[-102.6747496,29.7437945],[-102.3858024,29.7611843],[-102.3164551,29.8804288],[-102.1141921,29.7934797],[-101.7616766,29.7810584]]]},"id":633},{"type":"Feature","properties":{"id":650,"name":"Oklahoma City, OK","latitude":35.667342,"tvperc":84.0,"dma":650,"cableperc":53.4,"adsperc":30.8,"longitude":-97.9919705},"geometry":{"type":"Polygon","coordinates":[[[-100.0048779,37.002804],[-99.999099,34.5607758],[-99.6639203,34.5061221],[-99.6696992,34.724737],[-99.4212047,34.724737],[-99.4038679,34.8141704],[-99.184268,34.8588871],[-99.1611523,34.7098315],[-99.0397944,34.6899574],[-99.1033628,34.6377879],[-98.9993418,34.5955555],[-98.8259736,34.5930712],[-98.8259736,34.8564029],[-98.0920478,34.8539186],[-98.0862689,34.6800204],[-97.560385,34.6800204],[-97.560385,34.5061221],[-97.3523431,34.5061221],[-97.3523431,34.3769406],[-96.8784698,34.3322239],[-96.8264593,34.5930712],[-96.9304803,34.5930712],[-96.9304803,34.9632261],[-96.7282172,34.8564029],[-96.6935436,34.9334149],[-96.5259542,34.8688242],[-96.4045964,34.9334149],[-96.4045964,34.7669695],[-96.0925335,34.7669695],[-96.0867546,35.0501752],[-95.9827336,35.1520299],[-95.9827336,35.2886642],[-96.4392701,35.2911485],[-96.4392701,35.467531],[-96.6241963,35.4004559],[-96.6241963,36.1606397],[-96.8206803,36.1581554],[-96.8206803,36.2475888],[-97.0345012,36.3345379],[-97.0345012,36.5059519],[-96.8900277,36.5755112],[-97.0518381,36.592901],[-97.0633959,36.6674289],[-96.751333,36.7817048],[-96.751333,36.9978355],[-100.0048779,37.002804]]]},"id":650},{"type":"Feature","properties":{"id":652,"name":"Omaha, NE","latitude":41.1056295,"tvperc":89.1,"dma":652,"cableperc":67.8,"adsperc":21.7,"longitude":-96.150686},"geometry":{"type":"Polygon","coordinates":[[[-97.8319954,41.7427733],[-97.8319954,41.5266426],[-97.7048586,41.5266426],[-97.7048586,41.3949768],[-97.6008376,41.3949768],[-97.6008376,41.3328703],[-97.3696799,41.3949768],[-97.3696799,41.0471803],[-96.4623859,41.0446961],[-96.4623859,40.0013066],[-95.3065973,39.9988224],[-95.4163972,40.0410548],[-95.3932814,40.1205511],[-95.5550918,40.2646382],[-95.1794605,40.262154],[-95.2025763,40.5776551],[-94.9136291,40.5751708],[-94.930966,40.900609],[-94.4686505,40.900609],[-94.4686505,41.1564878],[-94.6998083,41.1589721],[-94.6998083,41.5042843],[-95.0407659,41.5042843],[-95.0407659,41.6011705],[-95.0927764,41.6011705],[-95.0927764,42.2098143],[-95.6706707,42.2122986],[-95.6706707,41.8620178],[-96.1387651,41.8669863],[-96.1329861,41.9738096],[-96.2716808,42.0483374],[-96.554849,42.016042],[-96.554849,42.0905698],[-97.0171644,42.0905698],[-97.0171644,41.7427733],[-97.8319954,41.7427733]]]},"id":652},{"type":"Feature","properties":{"id":534,"name":"Orlando-Daytona Beach-Melbourne, FL","latitude":28.6562235,"tvperc":94.2,"dma":534,"cableperc":69.1,"adsperc":26.2,"longitude":-81.4963015},"geometry":{"type":"MultiPolygon","coordinates":[[[[-80.63964,28.4097465],[-80.5818505,28.4122308],[-80.5240611,28.4594317],[-80.5818505,28.5910976],[-80.9170292,29.0730441],[-80.8823556,28.9985163],[-80.8939134,28.9885793],[-80.633861,28.6556883],[-80.6858715,28.6705939],[-80.7494399,28.7426375],[-80.7609978,28.7277319],[-80.7263241,28.7028893],[-80.8072293,28.6507198],[-80.8476819,28.7997755],[-80.7494399,28.7451217],[-80.9690397,29.0829812],[-81.1019554,29.4084193],[-81.0961765,29.405935],[-81.0903975,29.3885452],[-81.0557238,29.3040804],[-81.0210502,29.2345211],[-81.0210502,29.2320368],[-80.9459239,29.0954025],[-80.9170292,29.0780126],[-81.2117553,29.6717509],[-81.5238182,29.6220657],[-81.442913,29.386061],[-81.6798497,29.3239544],[-81.8416601,29.520211],[-82.1017125,29.4183563],[-82.4079965,29.4854314],[-82.4022176,29.214647],[-82.5351333,29.214647],[-82.5351333,29.0407487],[-82.3155334,28.9736737],[-82.1826177,28.8221338],[-82.2750808,28.6532041],[-82.055481,28.5215383],[-82.055481,28.3128604],[-81.6567339,28.34764],[-81.6567339,28.2582066],[-81.5584919,28.2582066],[-81.5238182,28.1439306],[-81.344671,28.0843084],[-81.3793447,28.0122648],[-81.4602499,28.0395917],[-81.2059764,27.8209768],[-81.142408,27.64211],[-80.8707977,27.64211],[-80.8823556,27.823461],[-80.4893874,27.8532722],[-80.7436609,28.3973252],[-80.8187872,28.6507198],[-80.7263241,28.6060031],[-80.7205452,28.4072623],[-80.5991874,28.576192],[-80.6049663,28.4196836],[-80.63964,28.4097465]]],[[[-80.9805976,29.1426034],[-80.9748186,29.1475719],[-80.9805976,29.1450877],[-80.9805976,29.1426034]]],[[[-80.9112503,29.0134219],[-80.9054713,29.0233589],[-80.8996924,29.0233589],[-80.9054713,29.0233589],[-80.9054713,29.0258432],[-80.9054713,29.033296],[-80.9170292,29.0258432],[-80.9112503,29.0109376],[-80.9112503,29.0159061],[-80.9112503,29.0134219]]],[[[-80.9112503,29.0134219],[-80.9170292,29.0159061],[-80.9170292,29.0183904],[-80.9170292,29.0134219],[-80.9112503,29.0134219]]],[[[-80.63964,28.4097465],[-80.6107452,28.3849039],[-80.6107452,28.1687733],[-80.4547138,27.8557564],[-80.5876295,28.1638047],[-80.5876295,28.4072623],[-80.63964,28.4097465]]],[[[-80.6165242,28.1613205],[-80.6049663,28.1414464],[-80.6685347,28.2656594],[-80.7205452,28.404778],[-80.732103,28.404778],[-80.6916504,28.4072623],[-80.6569768,28.404778],[-80.6685347,28.3749669],[-80.6569768,28.3004391],[-80.6974294,28.404778],[-80.6974294,28.3675141],[-80.6165242,28.1613205]]],[[[-80.6454189,28.3575771],[-80.6511978,28.3600613],[-80.6627557,28.3575771],[-80.6454189,28.3575771]]],[[[-80.6454189,28.3575771],[-80.6165242,28.3575771],[-80.6223031,28.3600613],[-80.6454189,28.3575771]]]]},"id":534},{"type":"Feature","properties":{"id":631,"name":"Ottumwa, IA-Kirksville, MO","latitude":40.384083,"tvperc":87.0,"dma":631,"cableperc":48.6,"adsperc":38.8,"longitude":-92.545142},"geometry":{"type":"Polygon","coordinates":[[[-93.3648724,40.2671225],[-93.3648724,40.033602],[-92.8447676,40.0360863],[-92.8563254,39.7007111],[-92.6887361,39.6982268],[-92.694515,39.6112777],[-92.3015469,39.6063092],[-92.3535574,40.5975292],[-91.7178737,40.5975292],[-91.7178737,41.1639406],[-92.6425046,41.1614563],[-92.6367256,40.5900764],[-93.3764303,40.5801393],[-93.3648724,40.2671225]]]},"id":631},{"type":"Feature","properties":{"id":632,"name":"Paducah, KY-Cape Girardeau, MO-Harrisburg, IL","latitude":37.2352865,"tvperc":91.2,"dma":632,"cableperc":36.6,"adsperc":55.2,"longitude":-89.497325},"geometry":{"type":"Polygon","coordinates":[[[-88.5278971,36.1507026],[-88.5163393,36.5009834],[-88.0540238,36.4960149],[-88.1580448,36.8661697],[-87.7650767,36.9754772],[-87.6783925,37.1518597],[-87.8517608,37.3183051],[-87.7997503,37.3828959],[-88.140708,37.5866053],[-88.1580448,37.6661016],[-88.030908,37.8002517],[-88.0886975,37.82261],[-88.030908,37.8375156],[-88.134929,37.917012],[-88.3718657,37.9095592],[-88.3718657,38.2548714],[-88.7012654,38.2573557],[-88.7012654,38.4759706],[-89.146244,38.4734863],[-89.146244,38.212639],[-89.5912227,38.2200917],[-89.5970016,37.9542759],[-89.6721279,37.802736],[-89.8454961,37.9045906],[-90.1460012,37.641259],[-90.5331904,37.6437433],[-90.5505272,37.2735884],[-90.7527902,37.2711042],[-90.770127,37.6039951],[-91.3133477,37.5940581],[-91.3133477,37.5046247],[-91.2093267,37.5021404],[-91.1284215,37.1990606],[-91.0186216,37.1444069],[-91.0186216,37.0947217],[-91.2151056,37.0872689],[-91.2266635,36.8264215],[-91.1168636,36.8239373],[-91.1284215,36.4984991],[-90.1517801,36.4984991],[-90.065096,36.3842231],[-90.0766539,36.2798842],[-90.3771589,35.9966785],[-89.961075,35.9991627],[-89.961075,36.3891917],[-89.7299173,36.4264556],[-89.5449911,36.3370222],[-89.6201174,36.3221166],[-89.5392122,36.2475888],[-89.7068015,36.240136],[-89.6316753,36.1854823],[-88.9613179,36.2227462],[-88.6781497,36.0612693],[-88.5278971,36.1507026]]]},"id":632},{"type":"Feature","properties":{"id":804,"name":"Palm Springs, CA","latitude":33.72988,"tvperc":96.3,"dma":804,"cableperc":75.0,"adsperc":22.6,"longitude":-116.2354255},"geometry":{"type":"Polygon","coordinates":[[[-116.0876763,33.4254687],[-115.6773713,33.427953],[-116.0298869,33.5869457],[-116.1974762,33.8602143],[-116.4575286,33.9744903],[-116.4575286,34.0341126],[-116.7175811,34.0341126],[-116.6829074,33.7459384],[-116.7927073,33.6863161],[-116.5673285,33.5621031],[-116.5904443,33.427953],[-116.0876763,33.4254687]]]},"id":804},{"type":"Feature","properties":{"id":656,"name":"Panama City, FL","latitude":30.293713,"tvperc":90.0,"dma":656,"cableperc":63.0,"adsperc":27.8,"longitude":-85.3696325},"geometry":{"type":"MultiPolygon","coordinates":[[[[-86.3954672,30.3797652],[-85.7366677,30.1214021],[-85.707773,30.1462447],[-85.7540045,30.1710873],[-85.7424466,30.2182883],[-85.8522465,30.282879],[-85.603752,30.2779105],[-85.7308887,30.1760558],[-85.4881731,30.0965595],[-85.4823942,30.0319687],[-85.3899311,30.0518428],[-85.3899311,30.0245159],[-85.4650574,30.0145789],[-85.6846572,30.1214021],[-85.3148048,29.8381964],[-85.3610364,29.6792037],[-85.4188258,29.8431649],[-85.4130469,29.8083853],[-85.39571,29.7313732],[-85.3783732,29.6891408],[-85.3494785,29.6568454],[-85.1183208,29.7164676],[-84.991184,29.7139834],[-84.8524894,29.815838],[-84.8582683,29.7934797],[-84.8987209,29.738826],[-84.9160578,29.7338574],[-84.8871631,29.7214361],[-84.5115318,29.9176927],[-84.3439424,29.9003029],[-84.4364055,29.977315],[-84.6560053,30.0965595],[-84.7369105,30.2654892],[-84.6444474,30.387218],[-84.9333946,30.6058329],[-84.8582683,30.6977506],[-85.0027419,31.0008304],[-86.3896882,30.9933776],[-86.3954672,30.454293],[-86.1989831,30.5039782],[-86.112299,30.387218],[-86.2509936,30.4294504],[-86.3954672,30.3797652]]],[[[-84.6675632,29.7785741],[-84.5808791,29.805901],[-84.5751001,29.8257751],[-84.5808791,29.8083853],[-84.6675632,29.7785741]]],[[[-85.0489735,29.5872861],[-84.9565104,29.6121287],[-84.7773631,29.691625],[-84.6964579,29.7686371],[-84.9796261,29.6071602],[-85.095205,29.6270342],[-85.0489735,29.5872861]]],[[[-85.1240997,29.6295185],[-85.0663103,29.6717509],[-85.1125418,29.6891408],[-85.2223417,29.6792037],[-85.1818891,29.6642982],[-85.1240997,29.6295185]]]]},"id":656},{"type":"Feature","properties":{"id":597,"name":"Parkersburg, WV","latitude":39.336078,"tvperc":94.4,"dma":597,"cableperc":72.0,"adsperc":23.4,"longitude":-81.4306435},"geometry":{"type":"Polygon","coordinates":[[[-81.2233132,39.3081979],[-81.0094923,39.3504303],[-81.0268291,39.4671906],[-81.1192922,39.4572535],[-81.038387,39.5715295],[-81.4718077,39.6460573],[-81.4718077,39.5839508],[-81.7145234,39.5839508],[-81.7087444,39.4796119],[-81.8243233,39.4945174],[-81.853218,39.3181349],[-81.7203023,39.2684497],[-81.749197,39.0945515],[-81.5816077,39.0249922],[-81.2926605,39.1864691],[-81.2233132,39.3081979]]]},"id":597},{"type":"Feature","properties":{"id":675,"name":"Peoria-Bloomington, IL","latitude":40.6826125,"tvperc":89.4,"dma":675,"cableperc":59.5,"adsperc":30.4,"longitude":-89.343186},"geometry":{"type":"Polygon","coordinates":[[[-90.4465062,40.7142894],[-90.4522852,40.1901104],[-90.1980117,40.1851419],[-90.3540431,40.1230354],[-90.2846958,40.0559603],[-89.9957487,40.1081298],[-89.6027805,40.1205511],[-89.6027805,40.319292],[-88.4585498,40.2820281],[-88.4585498,40.6174033],[-88.233171,40.6174033],[-88.2505079,41.1142554],[-88.9324232,41.1068026],[-88.9324232,40.9279358],[-89.048002,40.9254516],[-89.048002,41.1043183],[-89.1635809,41.1043183],[-89.1635809,41.310512],[-89.4640859,41.2334999],[-89.4640859,41.149035],[-89.6374542,41.149035],[-89.6374542,41.2334999],[-89.8686119,41.2334999],[-89.8686119,41.149035],[-89.9841908,41.149035],[-89.9841908,40.7118052],[-90.4465062,40.7142894]]]},"id":675},{"type":"Feature","properties":{"id":504,"name":"Philadelphia, PA","latitude":39.8995855,"tvperc":94.7,"dma":504,"cableperc":79.1,"adsperc":17.0,"longitude":-75.3874975},"geometry":{"type":"MultiPolygon","coordinates":[[[[-74.6468761,39.2386386],[-74.6468761,39.2411229],[-74.6295392,39.2485756],[-74.652655,39.3206192],[-74.5717498,39.3032294],[-74.3752657,39.4820961],[-74.4619499,39.556624],[-74.3926026,39.5938879],[-74.3926026,39.7727546],[-74.6122024,40.1826576],[-74.4792867,40.272091],[-74.750897,40.4236309],[-74.9300443,40.3391661],[-75.057181,40.4161781],[-75.0687389,40.5428754],[-75.2016546,40.6174033],[-75.1958757,40.7515533],[-75.0514021,40.8683136],[-75.1207494,40.967684],[-75.9933698,40.6397616],[-76.0164856,40.5726866],[-76.4383484,40.4956745],[-75.872012,40.1379409],[-75.9413593,40.1081298],[-75.9875908,39.8721251],[-76.1378434,39.7255537],[-76.1262855,39.7205852],[-75.7911068,39.7205852],[-75.7217595,38.8312199],[-75.3114545,38.9454958],[-75.3403492,39.0200237],[-75.4039176,39.0672246],[-75.4096965,39.2634812],[-75.5946227,39.4671906],[-75.565728,39.5615925],[-75.5137175,39.5640767],[-75.5368333,39.4597378],[-75.1380862,39.1790163],[-74.8895917,39.1591423],[-74.9647179,38.9305903],[-74.8722548,38.9430116],[-74.9069285,38.9504644],[-74.8202444,39.0597718],[-74.7682339,39.0572876],[-74.7971286,39.0920672],[-74.756676,39.1342997],[-74.7162234,39.1268469],[-74.750897,39.1492052],[-74.6988866,39.156658],[-74.7104444,39.1839849],[-74.6699918,39.203859],[-74.6642129,39.2287016],[-74.6468761,39.2287016],[-74.6468761,39.2336701],[-74.6468761,39.2361543],[-74.6468761,39.2386386]]],[[[-74.3868236,39.4572535],[-74.3868236,39.4622221],[-74.3868236,39.4647063],[-74.3926026,39.4671906],[-74.3926026,39.4597378],[-74.3868236,39.4572535]]],[[[-74.4041605,39.3727887],[-74.3348131,39.4324109],[-74.3348131,39.442348],[-74.4099394,39.4025998],[-74.4041605,39.3727887]]],[[[-74.4908446,39.3529146],[-74.5139604,39.338009],[-74.5081814,39.3305562],[-74.5197393,39.3305562],[-74.5370762,39.3057136],[-74.5370762,39.3032294],[-74.4099394,39.3653359],[-74.4561709,39.3752729],[-74.4446131,39.3603674],[-74.4908446,39.3529146]]],[[[-74.4908446,39.3529146],[-74.4850657,39.3578831],[-74.4619499,39.3603674],[-74.4908446,39.3752729],[-74.4908446,39.3529146]]],[[[-74.5370762,39.3106822],[-74.5312972,39.3156507],[-74.5312972,39.3206192],[-74.5370762,39.3156507],[-74.5370762,39.3106822]]],[[[-74.6468761,39.2386386],[-74.6468761,39.2113117],[-74.554413,39.2982609],[-74.6006445,39.2759025],[-74.5948656,39.2684497],[-74.6064235,39.2684497],[-74.6295392,39.2436071],[-74.6468761,39.2386386]],[[-74.5890866,39.2734183],[-74.5948656,39.2734183],[-74.5948656,39.2759025],[-74.5890866,39.2734183]]],[[[-74.7162234,39.1193941],[-74.6468761,39.2088275],[-74.6988866,39.1690793],[-74.6988866,39.1541737],[-74.7162234,39.1193941]]],[[[-74.7855707,39.0200237],[-74.7046655,39.1020043],[-74.7162234,39.1169098],[-74.7162234,39.1094571],[-74.7277813,39.0920672],[-74.7451181,39.0945515],[-74.7335602,39.089583],[-74.7855707,39.0200237]]],[[[-74.750897,39.1020043],[-74.7393392,39.1119413],[-74.7277813,39.1169098],[-74.750897,39.1169098],[-74.750897,39.1020043]]],[[[-74.7220023,39.1020043],[-74.7220023,39.1044885],[-74.7335602,39.1094571],[-74.7277813,39.1069728],[-74.7220023,39.1020043]]],[[[-74.7220023,39.09952],[-74.7277813,39.1044885],[-74.7335602,39.1044885],[-74.7220023,39.09952]]],[[[-74.7913496,39.0299607],[-74.7797918,39.0398978],[-74.7797918,39.042382],[-74.7971286,39.0374135],[-74.7913496,39.0299607]]],[[[-74.8086865,39.0026338],[-74.7971286,39.0100866],[-74.8086865,39.032445],[-74.8144654,39.0051181],[-74.8086865,39.0026338]]],[[[-74.8664759,38.9380431],[-74.7855707,39.0001496],[-74.7971286,39.0249922],[-74.7971286,39.0076024],[-74.8433601,38.9728227],[-74.860697,38.9728227],[-74.8664759,38.9380431]]],[[[-74.8318022,38.9951811],[-74.8260233,38.9976653],[-74.8202444,38.9976653],[-74.8318022,39.0076024],[-74.8318022,38.9951811]]],[[[-74.8375812,38.985244],[-74.8318022,38.9926968],[-74.8433601,39.0051181],[-74.8491391,38.9976653],[-74.8491391,38.9951811],[-74.8433601,38.9926968],[-74.8375812,38.985244]]]]},"id":504},{"type":"Feature","properties":{"id":753,"name":"Phoenix, AZ","latitude":34.7133875,"tvperc":86.5,"dma":753,"cableperc":48.2,"adsperc":38.8,"longitude":-111.899851},"geometry":{"type":"Polygon","coordinates":[[[-113.3311205,32.503808],[-110.4532069,32.5137451],[-110.4532069,32.426796],[-109.0489237,32.426796],[-109.0489237,34.8713084],[-109.3898814,34.6502092],[-109.8521968,34.6626305],[-109.829081,35.6613033],[-110.0024493,35.6637876],[-110.0024493,36.9978355],[-114.0534883,37.0003198],[-114.0477094,36.1929351],[-114.1459514,36.0264896],[-114.2441935,36.0165526],[-114.4060039,36.1482184],[-114.7527404,36.0910804],[-114.6602774,35.8724655],[-114.7122878,35.8053904],[-114.6776142,35.4998264],[-114.5678143,35.1843253],[-114.6487195,35.1023447],[-114.6371616,34.8737927],[-114.4695722,34.7123157],[-114.3828881,34.4564369],[-114.1286146,34.2626646],[-114.4175618,34.1086404],[-114.5331406,33.9347422],[-114.5273617,33.552166],[-114.7238457,33.4055947],[-114.7065089,33.0900936],[-114.6602774,33.0329556],[-114.2673092,33.0304713],[-114.2673092,33.4627326],[-113.9552463,33.4652169],[-113.9552463,33.3782678],[-113.3311205,33.3782678],[-113.3311205,32.503808]]]},"id":753},{"type":"Feature","properties":{"id":508,"name":"Pittsburgh, PA","latitude":40.409733,"tvperc":94.5,"dma":508,"cableperc":71.4,"adsperc":23.5,"longitude":-79.6590145},"geometry":{"type":"Polygon","coordinates":[[[-80.4084822,39.7181009],[-80.3969243,39.6361203],[-80.1542087,39.6112777],[-79.8941563,39.4348952],[-79.8479248,39.2460914],[-79.6861144,39.270934],[-79.4896303,39.1939219],[-79.113999,39.4324109],[-78.9290728,39.7230694],[-79.3913883,39.7205852],[-79.3509357,39.7876602],[-79.420283,39.8547352],[-78.9464097,40.4410207],[-78.7961571,40.7167737],[-78.807715,40.9055775],[-79.21802,40.910546],[-79.2064621,41.4297565],[-79.4780724,41.387524],[-79.5127461,41.6235288],[-79.8305879,41.6210445],[-79.9981773,41.5018],[-79.9981773,41.1713934],[-80.0964193,41.0695387],[-80.5182822,41.1241924],[-80.5182822,39.7205852],[-80.4084822,39.7181009]]]},"id":508},{"type":"Feature","properties":{"id":820,"name":"Portland, OR","latitude":44.191309,"tvperc":87.6,"dma":820,"cableperc":56.8,"adsperc":31.0,"longitude":-120.4498885},"geometry":{"type":"MultiPolygon","coordinates":[[[[-123.7274389,46.2889703],[-123.4731654,46.2666119],[-123.3807023,46.1523359],[-123.3980392,46.1498517],[-123.5020601,46.2343165],[-123.8661336,46.1895998],[-123.819902,46.1498517],[-124.022165,46.229348],[-123.9297019,46.047997],[-123.9932703,45.9461423],[-123.9817124,45.762307],[-123.9412598,45.6604523],[-123.9008072,45.695232],[-123.9585966,45.5710189],[-123.8950283,45.5610819],[-123.8661336,45.5014596],[-123.9354809,45.5014596],[-123.9470388,45.5660504],[-123.9759335,45.4865541],[-123.9297019,45.4045735],[-124.0106071,45.3399827],[-123.9297019,45.171053],[-124.0741755,44.7984139],[-124.0683966,44.6170629],[-124.0048282,44.6195471],[-124.0683966,44.6120943],[-124.0857334,44.4953341],[-124.0799544,44.4232905],[-124.0106071,44.4158377],[-124.0857334,44.4158377],[-124.1146281,44.2767192],[-123.7736705,44.2841719],[-123.8141231,44.3437942],[-123.715881,44.361184],[-123.72166,44.4332276],[-123.5945232,44.4332276],[-123.6003022,44.7214018],[-123.1495446,44.7214018],[-123.0744184,44.6493582],[-123.2593445,44.5549563],[-123.1668814,44.1997071],[-122.906829,44.1997071],[-122.8663764,44.2891405],[-122.3809452,44.2096441],[-121.797272,44.2593293],[-121.8435035,44.3934794],[-121.1095777,44.3909951],[-121.1037988,44.1376006],[-120.9882199,44.132632],[-120.9882199,43.9612181],[-120.7455043,43.9587338],[-120.7455043,43.8717847],[-120.3814309,43.8717847],[-120.375652,43.7848355],[-120.2600731,43.7848355],[-120.2600731,43.6978864],[-119.8959997,43.6978864],[-119.9422313,42.7464146],[-119.364337,42.7488989],[-119.358558,41.9936836],[-118.1969905,41.9961679],[-118.2258852,44.0407144],[-118.8153374,44.0481672],[-118.8153374,43.9612181],[-119.6590631,43.9587338],[-119.6706209,44.9946705],[-119.7919787,44.9946705],[-119.7573051,45.1685687],[-120.0057996,45.2580021],[-120.0000207,45.8119922],[-119.867105,45.8368348],[-119.867105,46.0405442],[-121.5256616,46.0430285],[-121.5256616,46.3883407],[-123.7274389,46.3858564],[-123.7274389,46.2889703]],[[-123.6580916,46.17221],[-123.6638705,46.17221],[-123.6696495,46.1771785],[-123.6291969,46.1821471],[-123.6580916,46.17221]]],[[[-117.7462329,45.8616774],[-117.9716117,45.8616774],[-118.1160853,45.6877792],[-118.1160853,45.4716485],[-118.4050324,45.4418374],[-118.4281482,45.3548883],[-118.6997585,45.3449512],[-118.653527,45.1958956],[-118.549506,45.1958956],[-118.5206113,44.9971547],[-118.2258852,44.9375325],[-118.2258852,44.8654889],[-118.3183483,44.8356778],[-118.2836746,44.7512129],[-118.5206113,44.7064962],[-118.3067904,44.589736],[-118.4974955,44.2543608],[-118.1912115,44.2568451],[-117.9716117,44.4431646],[-117.5902015,44.4456489],[-117.4861805,44.3885109],[-117.4861805,44.3015618],[-117.2203491,44.3015618],[-117.2261281,44.4829128],[-117.0643176,44.7263703],[-116.8562757,44.8803945],[-116.7811494,45.0791353],[-117.2665807,45.0816196],[-117.2665807,45.1660845],[-117.4746226,45.1660845],[-117.7288961,45.5138809],[-117.7866855,45.6902634],[-117.7462329,45.8616774]]]]},"id":820},{"type":"Feature","properties":{"id":500,"name":"Portland-Auburn, ME","latitude":44.366668,"tvperc":91.3,"dma":500,"cableperc":67.9,"adsperc":23.7,"longitude":-70.1830055},"geometry":{"type":"MultiPolygon","coordinates":[[[[-70.9772473,43.3575427],[-70.8154369,43.2382982],[-70.8269947,43.1265065],[-70.6883001,43.0644],[-70.5611634,43.3153103],[-70.3357846,43.4469761],[-70.3762372,43.5165354],[-70.19709,43.5662206],[-70.2259847,43.6531697],[-70.3126688,43.6581383],[-70.0988479,43.8419735],[-69.9428165,43.8668161],[-70.0237217,43.7301818],[-69.9601533,43.7972569],[-69.9370375,43.8593634],[-69.8676902,43.9115328],[-69.8387955,43.7003707],[-69.688543,43.8891745],[-69.5960799,43.8121624],[-69.5440694,43.9214699],[-69.5036168,43.837005],[-69.3764801,44.0953681],[-69.3360275,44.0506514],[-69.3649222,43.9637023],[-69.2897959,44.0059347],[-69.3013538,43.9537653],[-69.1626592,44.0680413],[-69.278238,43.9537653],[-69.2609012,43.9189856],[-69.2146697,43.9314069],[-69.1915539,44.0059347],[-69.0413014,44.0928839],[-69.1106487,44.1102737],[-69.0297435,44.2493923],[-69.2666801,44.3636683],[-69.3475853,44.3090145],[-69.5093957,44.3437942],[-69.3707011,44.5450193],[-69.4689431,44.7189175],[-69.6307535,44.7015277],[-69.6076378,44.5773147],[-69.9312586,44.6096101],[-70.0352796,44.8654889],[-70.1335216,44.8505834],[-70.1624163,45.1288205],[-70.4166898,45.1437261],[-70.5553844,45.6679051],[-70.7229738,45.5163652],[-70.6189528,45.4020892],[-70.7981,45.4294161],[-70.8385526,45.2331595],[-71.0119209,45.3474355],[-71.1448366,45.2406123],[-71.2835312,45.3027188],[-71.4453416,45.2356438],[-71.3991101,45.2008641],[-71.5031311,45.0518085],[-71.4626785,45.0145446],[-71.5435837,44.9847334],[-71.4973521,44.9052371],[-71.6302678,44.7512129],[-71.5378047,44.5872517],[-71.7631835,44.4059007],[-71.5782573,44.2543608],[-71.4453416,44.2493923],[-71.3470996,44.0705255],[-71.3644364,43.9165014],[-71.5666995,43.894143],[-71.5320258,43.7649615],[-71.2604155,43.5711891],[-71.1274998,43.5736734],[-71.110163,43.5065984],[-70.9599104,43.541378],[-70.9772473,43.3575427]]],[[[-68.9430593,44.1102737],[-68.8043647,44.1574746],[-68.8448173,44.1848015],[-68.9199436,44.1475376],[-68.9430593,44.1102737]]],[[[-68.8217015,44.0307774],[-68.7870279,44.0928839],[-68.9026067,44.122695],[-68.9141646,44.0953681],[-68.9083857,44.0953681],[-68.8968278,44.1152422],[-68.8217015,44.0307774]]],[[[-68.6541122,44.0059347],[-68.6136596,44.0133875],[-68.6021017,44.0854311],[-68.6541122,44.065557],[-68.6541122,44.0059347]]],[[[-68.8332594,44.0332616],[-68.8274805,44.0407144],[-68.8332594,44.0407144],[-68.8390384,44.0357459],[-68.8332594,44.0332616]]],[[[-69.1164276,43.9959977],[-69.1106487,44.0009662],[-69.1279855,44.0009662],[-69.1279855,43.9959977],[-69.1164276,43.9959977]]],[[[-69.1511013,43.9860607],[-69.1337645,43.9959977],[-69.1395434,44.0009662],[-69.1511013,43.9959977],[-69.1511013,43.9860607]]],[[[-69.3186906,43.941344],[-69.2955749,43.9562495],[-69.3013538,43.951281],[-69.3071327,43.9537653],[-69.3186906,43.941344]]],[[[-68.9026067,43.8494263],[-68.8852699,43.8568791],[-68.8910488,43.8767532],[-68.9026067,43.8693004],[-68.9026067,43.8494263]]],[[[-69.5556273,43.8320365],[-69.5440694,43.8593634],[-69.5498483,43.8668161],[-69.5671852,43.8494263],[-69.5556273,43.8320365]]],[[[-69.6769851,43.8568791],[-69.6769851,43.8618476],[-69.682764,43.8668161],[-69.682764,43.8593634],[-69.6769851,43.8568791]]],[[[-69.9485954,43.7674457],[-69.9139218,43.837005],[-69.890806,43.7823513],[-69.890806,43.8568791],[-69.9428165,43.8320365],[-69.9485954,43.7674457]]],[[[-69.7058798,43.837005],[-69.7058798,43.8419735],[-69.7001009,43.8519106],[-69.7116588,43.8494263],[-69.7058798,43.837005]]],[[[-69.6596483,43.7873198],[-69.6654272,43.8519106],[-69.688543,43.8220995],[-69.682764,43.8220995],[-69.6596483,43.7873198]]],[[[-69.5671852,43.8245837],[-69.5614062,43.8295522],[-69.5671852,43.8320365],[-69.5671852,43.8245837]]],[[[-70.0121638,43.8121624],[-70.0063848,43.8146467],[-69.994827,43.8245837],[-70.0121638,43.8220995],[-70.0121638,43.8121624]]],[[[-69.885027,43.8071939],[-69.8792481,43.8146467],[-69.8792481,43.8220995],[-69.885027,43.8196152],[-69.885027,43.8071939]]],[[[-69.682764,43.8096782],[-69.682764,43.8171309],[-69.688543,43.8171309],[-69.682764,43.8096782]]],[[[-69.6307535,43.8022254],[-69.6249746,43.8071939],[-69.6307535,43.8146467],[-69.6365325,43.8096782],[-69.6307535,43.8022254]]],[[[-70.0757322,43.7972569],[-70.0641743,43.7997411],[-70.0641743,43.8047096],[-70.0757322,43.7972569]]],[[[-70.0063848,43.7177605],[-69.994827,43.722729],[-69.9485954,43.7947726],[-69.9717112,43.7748985],[-70.0063848,43.7177605]]],[[[-69.9139218,43.7748985],[-69.9081428,43.779867],[-69.9139218,43.7898041],[-69.9197007,43.7823513],[-69.9139218,43.7748985]]],[[[-70.1508584,43.7450874],[-70.1335216,43.76993],[-70.1219637,43.7724142],[-70.1450795,43.7724142],[-70.1508584,43.7450874]]],[[[-69.3244696,43.7550244],[-69.3129117,43.7575087],[-69.3013538,43.76993],[-69.3186906,43.7724142],[-69.3244696,43.7550244]]],[[[-70.1335216,43.7525402],[-70.1219637,43.7599929],[-70.1161848,43.7649615],[-70.1277426,43.7624772],[-70.1335216,43.7525402]]],[[[-70.1277426,43.7078235],[-70.1046269,43.7252133],[-70.0988479,43.7599929],[-70.1277426,43.7450874],[-70.1277426,43.7078235]]],[[[-70.1161848,43.6829809],[-70.093069,43.6929179],[-70.093069,43.7103077],[-70.1104058,43.6954022],[-70.1161848,43.6829809]]],[[[-70.1681952,43.6755281],[-70.1508584,43.6829809],[-70.1335216,43.7028549],[-70.1681952,43.6929179],[-70.1681952,43.6755281]]],[[[-70.2375426,43.6854651],[-70.2259847,43.6879494],[-70.2259847,43.6904336],[-70.2317636,43.6929179],[-70.2375426,43.6854651]]],[[[-70.2028689,43.6730438],[-70.19709,43.6730438],[-70.191311,43.6879494],[-70.19709,43.6879494],[-70.2028689,43.6730438]]],[[[-70.191311,43.6506855],[-70.1739742,43.6631068],[-70.1855321,43.6730438],[-70.19709,43.6631068],[-70.191311,43.6506855]]],[[[-70.2086478,43.6631068],[-70.2028689,43.665591],[-70.2086478,43.6705596],[-70.2144268,43.665591],[-70.2086478,43.6631068]]],[[[-70.2086478,43.6332957],[-70.191311,43.645717],[-70.2028689,43.6482012],[-70.2086478,43.6407484],[-70.2086478,43.6332957]]],[[[-70.7403106,43.074337],[-70.7287527,43.0768213],[-70.7229738,43.0793055],[-70.7460895,43.0817898],[-70.7403106,43.074337]]]]},"id":500},{"type":"Feature","properties":{"id":552,"name":"Presque Isle, ME","latitude":46.519615,"tvperc":91.0,"dma":552,"cableperc":56.2,"adsperc":35.9,"longitude":-68.9025615},"geometry":{"type":"Polygon","coordinates":[[[-70.0237217,46.5746602],[-68.8217015,46.572176],[-68.8217015,46.3957935],[-68.4345123,46.3808879],[-68.4345123,45.5784717],[-67.7814918,45.7300116],[-67.7872707,47.0665438],[-68.2322493,47.3547181],[-68.9026067,47.1783356],[-69.0528592,47.2578319],[-69.0413014,47.4267616],[-69.2262275,47.459057],[-69.994827,46.696389],[-70.0237217,46.5746602]]]},"id":552},{"type":"Feature","properties":{"id":521,"name":"Providence, RI-New Bedford, MA","latitude":41.620932,"tvperc":93.9,"dma":521,"cableperc":84.8,"adsperc":9.5,"longitude":-71.351281},"geometry":{"type":"MultiPolygon","coordinates":[[[[-70.8443316,41.6284973],[-70.9194578,41.7899743],[-71.0292578,41.7800372],[-70.9714683,41.8620178],[-71.0812682,42.0955383],[-71.3644364,41.9862309],[-71.7978572,42.0085892],[-71.7978572,41.4173352],[-71.8845413,41.3080277],[-71.8614255,41.3030592],[-71.716952,41.3303861],[-71.5262469,41.377587],[-71.4800153,41.3601972],[-71.404889,41.616076],[-71.4511206,41.6955724],[-71.3759943,41.6657612],[-71.3528786,41.7179307],[-71.3933312,41.7328363],[-71.404889,41.8247539],[-71.3817733,41.8719549],[-71.3702154,41.8520808],[-71.3702154,41.8371752],[-71.3875522,41.8173011],[-71.3933312,41.8098484],[-71.3644364,41.7725844],[-71.3586575,41.7452576],[-71.3008681,41.7055094],[-71.3239838,41.777553],[-71.2835312,41.7576789],[-71.3008681,41.6508557],[-71.2372997,41.6682455],[-71.2661944,41.730352],[-71.1968471,41.6756983],[-71.1968471,41.4545991],[-71.0697104,41.5713593],[-71.0350367,41.4819259],[-70.9541315,41.5142213],[-70.9194578,41.6806668],[-70.8558895,41.5812964],[-70.8443316,41.6284973]]],[[[-71.3239838,41.5788121],[-71.306647,41.6185603],[-71.3413207,41.6657612],[-71.3528786,41.6409186],[-71.3239838,41.5788121]]],[[[-71.3586575,41.6508557],[-71.3528786,41.6583085],[-71.3644364,41.6607927],[-71.3644364,41.6508557],[-71.3586575,41.6508557]]],[[[-71.3355417,41.4496306],[-71.2372997,41.4769574],[-71.2199629,41.6558242],[-71.2777523,41.6185603],[-71.3644364,41.4620519],[-71.3355417,41.4496306]],[[-71.3239838,41.5042843],[-71.3297628,41.5092528],[-71.3297628,41.5142213],[-71.3239838,41.5142213],[-71.3239838,41.5042843]],[[-71.3297628,41.4819259],[-71.3297628,41.4893787],[-71.3297628,41.4943473],[-71.3239838,41.4868945],[-71.3297628,41.4819259]]],[[[-71.2719734,41.6359501],[-71.2777523,41.6483714],[-71.2893102,41.6434029],[-71.2835312,41.6384344],[-71.2719734,41.6359501]]],[[[-70.9136789,41.6384344],[-70.9079,41.6409186],[-70.9194578,41.6434029],[-70.9136789,41.6384344]]],[[[-70.8212158,41.5812964],[-70.8154369,41.5912334],[-70.8385526,41.606139],[-70.8443316,41.5962019],[-70.8212158,41.5812964]]],[[[-71.3991101,41.4496306],[-71.3528786,41.4794417],[-71.3644364,41.5738436],[-71.3875522,41.5564538],[-71.3991101,41.4496306]]],[[[-71.5955942,41.1465508],[-71.5435837,41.1614563],[-71.5782573,41.2334999],[-71.612931,41.1614563],[-71.5955942,41.1465508]]]]},"id":521},{"type":"Feature","properties":{"id":717,"name":"Quincy, IL-Hannibal, MO-Keokuk, IA","latitude":40.066065,"tvperc":86.9,"dma":717,"cableperc":41.0,"adsperc":46.4,"longitude":-91.1726125},"geometry":{"type":"Polygon","coordinates":[[[-90.5794219,39.5218443],[-90.3020326,39.5193601],[-90.37138,39.7528806],[-90.5967587,39.7901445],[-90.5852008,39.8746093],[-89.9957487,39.8721251],[-89.9957487,40.1081298],[-90.2846958,40.0559603],[-90.3540431,40.1230354],[-90.1980117,40.1851419],[-90.4522852,40.1901104],[-90.4465062,40.6273403],[-91.1862109,40.6372773],[-91.1110847,40.6968996],[-91.3942529,40.8086913],[-91.7178737,40.8136598],[-91.7178737,40.5975292],[-92.3535574,40.5975292],[-92.3131048,39.3479461],[-91.4404844,39.3181349],[-91.4578212,39.4498008],[-91.2035477,39.5988564],[-90.9377164,39.4001155],[-90.6140956,39.395147],[-90.5794219,39.5218443]]]},"id":717},{"type":"Feature","properties":{"id":560,"name":"Raleigh-Durham (Fayetteville), NC","latitude":35.72255,"tvperc":89.9,"dma":560,"cableperc":55.6,"adsperc":35.1,"longitude":-78.4212995},"geometry":{"type":"Polygon","coordinates":[[[-79.3509357,34.839013],[-79.1891253,34.8340445],[-79.0330938,34.953289],[-78.9059571,34.8340445],[-78.4956521,34.8564029],[-78.2529365,34.5533231],[-78.1142419,34.7148],[-78.200926,34.7371583],[-78.1662524,35.1892938],[-77.8310737,35.1768725],[-77.8252947,35.5718699],[-77.3514214,35.820296],[-77.4092108,35.9991627],[-77.2300636,36.1035017],[-77.2994109,36.2078406],[-77.2300636,36.2152934],[-77.0682532,36.4984991],[-78.0448945,36.5432158],[-78.0275577,36.7767363],[-78.4956521,36.8910123],[-78.6459046,36.69724],[-78.5476626,36.6251964],[-78.6690204,36.6897872],[-78.7325888,36.5407316],[-79.1371148,36.5407316],[-79.1544516,36.2426203],[-79.2584726,36.2426203],[-79.2353568,35.8451386],[-79.5416408,35.8426543],[-79.5531987,35.5147319],[-79.7727985,35.5122477],[-79.7034512,35.2538846],[-79.5705355,35.0650808],[-79.3624936,34.9582575],[-79.3509357,34.839013]]]},"id":560},{"type":"Feature","properties":{"id":764,"name":"Rapid City, SD","latitude":43.7649485,"tvperc":89.7,"dma":764,"cableperc":61.9,"adsperc":28.3,"longitude":-104.4792695},"geometry":{"type":"MultiPolygon","coordinates":[[[[-104.050138,42.0011364],[-103.4028964,42.0036207],[-103.5069174,42.9998092],[-102.7903285,42.9998092],[-102.6978654,42.0036207],[-103.3624438,42.0036207],[-103.3682228,41.6980566],[-104.050138,41.6980566],[-104.050138,41.3924926],[-102.634297,41.4396935],[-102.6747496,42.0061049],[-102.0679606,42.0085892],[-102.0679606,41.7427733],[-101.4264979,41.7427733],[-101.4264979,42.0930541],[-102.0390659,42.0955383],[-102.0852974,42.9998092],[-101.2300138,42.9973249],[-101.2300138,43.7947726],[-101.0624245,43.8419735],[-101.0450877,43.9959977],[-101.0450877,44.1674117],[-101.1664455,44.1674117],[-101.1375508,44.9946705],[-101.5016242,44.9946705],[-101.4727294,45.4716485],[-101.9986133,45.4716485],[-101.9986133,45.0393872],[-102.9579178,45.0393872],[-102.940581,45.9461423],[-104.0443591,45.9461423],[-104.0443591,45.8815515],[-104.1368222,45.8815515],[-104.1368222,45.9685006],[-104.3910957,45.9709849],[-104.3910957,46.0554498],[-104.5182324,46.0554498],[-104.5182324,46.1374304],[-104.9400952,46.1374304],[-104.9863268,45.352404],[-105.0383373,45.352404],[-105.0383373,44.999639],[-105.0903478,44.999639],[-105.0787899,43.4991456],[-104.055917,43.5041141],[-104.050138,42.0011364]]],[[[-107.7428826,44.7164333],[-107.3672513,44.5599249],[-106.0091997,44.5648934],[-106.0265365,44.9946705],[-107.9104719,45.0021233],[-107.7428826,44.7164333]]]]},"id":764},{"type":"Feature","properties":{"id":811,"name":"Reno, NV","latitude":39.4852355,"tvperc":89.3,"dma":811,"cableperc":46.8,"adsperc":43.0,"longitude":-118.959289},"geometry":{"type":"Polygon","coordinates":[[[-119.2660949,37.7381452],[-119.1158424,37.7306924],[-118.850011,37.4748136],[-117.8329171,37.4648765],[-117.1683386,36.9705087],[-117.1683386,38.0014768],[-118.1969905,38.918169],[-118.1969905,39.0001496],[-117.330149,39.1641108],[-116.6020022,39.1616265],[-116.5846654,40.9999794],[-117.0180861,40.9999794],[-117.0180861,41.9986522],[-120.0000207,41.9936836],[-120.0000207,41.1838147],[-121.3291776,41.1838147],[-121.3291776,40.4459893],[-121.0633462,40.4459893],[-121.0633462,40.2571855],[-120.9304305,40.1925947],[-120.7628412,40.3168077],[-120.577915,40.2845123],[-120.2080626,40.0857715],[-120.1098206,39.9392001],[-120.1444943,39.7081639],[-120.0000207,39.7230694],[-120.0000207,39.0672246],[-120.2080626,39.0175394],[-120.0635891,38.7666291],[-120.0751469,38.4461595],[-119.8844418,38.3567261],[-119.6995157,38.4138641],[-119.6301683,38.1977334],[-119.3470001,38.0834574],[-119.3123265,37.9517916],[-119.2025266,37.8872008],[-119.2660949,37.7381452]]]},"id":811},{"type":"Feature","properties":{"id":556,"name":"Richmond-Petersburg, VA","latitude":37.4686305,"tvperc":91.5,"dma":556,"cableperc":56.1,"adsperc":35.6,"longitude":-77.5349825},"geometry":{"type":"Polygon","coordinates":[[[-77.1549373,37.1121115],[-76.9931269,37.2959468],[-77.2242846,37.3257579],[-77.0162427,37.3133366],[-76.9931269,37.3033996],[-76.9584533,37.2487458],[-76.9180007,37.2338403],[-76.8775481,37.2636514],[-76.8948849,37.4300969],[-76.7677481,37.4375496],[-76.7966429,37.526983],[-76.6695061,37.4549395],[-76.6521693,37.6039951],[-76.4210116,37.5120775],[-76.2996538,37.5567942],[-76.5423694,37.6164164],[-76.8544323,37.9319175],[-76.7966429,37.926949],[-76.5886009,37.7754091],[-76.5076957,37.641259],[-76.5134747,37.745598],[-76.4094537,37.7331767],[-76.4730221,37.6661016],[-76.3632221,37.6089636],[-76.276538,37.6139322],[-76.2880959,37.631322],[-76.3054327,37.641259],[-76.3690011,37.6362905],[-76.3690011,37.68846],[-76.3054327,37.68846],[-76.3401064,37.7257239],[-76.3401064,37.7654721],[-76.3343274,37.7654721],[-76.3343274,37.745598],[-76.3054327,37.7306924],[-76.3169906,37.8300628],[-76.2360854,37.8896851],[-76.5192536,38.0263194],[-76.7504113,37.994024],[-76.8775481,38.1256898],[-77.0278006,38.0909102],[-77.0624742,38.1604695],[-77.2531794,38.1902806],[-77.2474004,38.2499029],[-77.3687582,38.2474186],[-77.6577054,37.9915398],[-77.9524315,38.1182371],[-77.7154948,38.336852],[-77.7732842,38.39399],[-78.2240418,38.2300288],[-78.2876102,38.2722612],[-78.3685154,38.1853121],[-78.206705,38.1331426],[-78.2529365,38.0635833],[-78.4956521,37.7629878],[-78.611231,37.755535],[-78.8308308,37.5890895],[-78.5938941,37.3978015],[-78.6921362,37.2040292],[-78.4436416,37.0798161],[-78.4898732,36.8910123],[-78.0275577,36.7767363],[-78.0448945,36.5432158],[-77.2994109,36.5457001],[-77.5016739,36.6699131],[-76.9526743,36.945666],[-76.9642322,37.0549735],[-77.1549373,37.1121115]]]},"id":556},{"type":"Feature","properties":{"id":573,"name":"Roanoke-Lynchburg, VA","latitude":37.6408795,"tvperc":90.1,"dma":573,"cableperc":40.6,"adsperc":49.8,"longitude":-79.9113685},"geometry":{"type":"Polygon","coordinates":[[[-81.3793447,36.9531188],[-81.2637658,36.764315],[-81.044166,36.8065475],[-80.836124,36.5581214],[-80.6107452,36.5581214],[-80.5934084,36.6624603],[-80.4893874,36.650039],[-80.4604927,36.7394724],[-80.2351139,36.8711382],[-80.0444088,36.7990947],[-80.0964193,36.7767363],[-80.0559667,36.5432158],[-78.7325888,36.5407316],[-78.6747993,36.6873029],[-78.5476626,36.6251964],[-78.5592205,36.6425862],[-78.6459046,36.69724],[-78.4956521,36.8910123],[-78.4436416,37.0798161],[-78.6921362,37.2040292],[-78.5938941,37.3978015],[-78.8308308,37.5890895],[-78.6459046,37.7331767],[-78.8366097,38.0486778],[-79.0041991,37.8822323],[-79.1486727,37.8896851],[-79.4838514,38.0859417],[-79.4376198,38.1629538],[-79.5300829,38.1704065],[-79.3104831,38.4113798],[-79.4780724,38.4560965],[-79.6514407,38.5927308],[-79.6283249,38.67968],[-79.7785774,38.7393022],[-79.8652616,38.5504984],[-80.3506928,38.3443048],[-80.3622507,38.1132685],[-80.2119982,38.0362565],[-79.9577247,38.0635833],[-80.2582297,37.755535],[-80.2986823,37.6909442],[-80.2235561,37.6288377],[-80.327577,37.5642469],[-80.2986823,37.5071089],[-80.7725556,37.3729589],[-80.8592398,37.4300969],[-80.8476819,37.3481163],[-81.0152712,37.2760727],[-80.8592398,37.1791865],[-80.9112503,37.0723633],[-81.2233132,37.0475207],[-81.3793447,36.9531188]]]},"id":573},{"type":"Feature","properties":{"id":538,"name":"Rochester, NY","latitude":42.9137715,"tvperc":87.6,"dma":538,"cableperc":69.5,"adsperc":18.6,"longitude":-77.387152},"geometry":{"type":"MultiPolygon","coordinates":[[[[-76.9006638,42.4632089],[-76.9642322,43.0122305],[-76.7157377,43.0246518],[-76.7215166,43.3426372],[-76.9411164,43.2755621],[-76.9237796,43.2134556],[-77.1029268,43.2904677],[-77.5536844,43.235814],[-77.9928841,43.3649955],[-77.998663,43.1339593],[-77.9061999,43.1339593],[-77.9524315,43.0395574],[-77.9061999,43.0246518],[-77.9582104,42.6669183],[-78.0622314,42.5327682],[-77.7212737,42.4706617],[-77.6577054,42.5799691],[-77.1433794,42.5774849],[-77.1433794,42.4955043],[-76.9006638,42.4632089]]],[[[-76.9584533,43.2705936],[-76.9468954,43.2730779],[-76.9642322,43.2730779],[-76.9642322,43.2705936],[-76.9584533,43.2705936]]],[[[-76.9411164,43.2606566],[-76.9411164,43.2631408],[-76.9468954,43.2705936],[-76.9468954,43.2656251],[-76.9411164,43.2606566]]],[[[-76.9468954,43.2532038],[-76.9468954,43.2606566],[-76.9526743,43.2581723],[-76.9526743,43.255688],[-76.9468954,43.2532038]]]]},"id":538},{"type":"Feature","properties":{"id":611,"name":"Rochester, MN-Mason City, IA-Austin, MN","latitude":43.552183,"tvperc":89.0,"dma":611,"cableperc":57.0,"adsperc":32.4,"longitude":-92.850969},"geometry":{"type":"Polygon","coordinates":[[[-93.0239148,42.9078915],[-92.5558204,42.9078915],[-92.5558204,43.2134556],[-92.0819471,43.2134556],[-92.0819471,43.5016298],[-91.7294316,43.5016298],[-91.7294316,43.8469421],[-92.0819471,43.8469421],[-92.0819471,44.1077894],[-92.3188837,44.1077894],[-92.3188837,44.1947386],[-92.3997889,44.1972228],[-93.0470306,44.1972228],[-93.0470306,43.8494263],[-93.6480406,43.8469421],[-93.6480406,43.4991456],[-93.9716614,43.4991456],[-93.9716614,42.9078915],[-93.0239148,42.9078915]]]},"id":611},{"type":"Feature","properties":{"id":610,"name":"Rockford, IL","latitude":42.0453555,"tvperc":89.6,"dma":610,"cableperc":59.7,"adsperc":30.4,"longitude":-89.316059},"geometry":{"type":"Polygon","coordinates":[[[-89.9264013,42.5054413],[-89.9206224,42.197393],[-89.6894647,42.1998773],[-89.6316753,41.5837806],[-89.1693598,41.5862649],[-88.9382021,41.6284973],[-88.9382021,42.1526763],[-88.7070444,42.1526763],[-88.7070444,42.49302],[-89.9264013,42.5054413]]]},"id":610},{"type":"Feature","properties":{"id":862,"name":"Sacramento-Stockton-Modesto, CA","latitude":38.7885185,"tvperc":90.9,"dma":862,"cableperc":52.2,"adsperc":39.6,"longitude":-120.9905465},"geometry":{"type":"MultiPolygon","coordinates":[[[[-122.2133559,38.1803436],[-121.999535,38.1405954],[-121.9821981,38.1132685],[-122.0110928,38.0884259],[-121.9128508,38.0834574],[-121.8839561,38.0486778],[-121.5834511,38.0933945],[-121.5545564,37.5418886],[-121.4100828,37.3804117],[-121.4563143,37.2512301],[-121.3985249,37.1493754],[-121.2251566,37.1344699],[-120.9651042,37.345632],[-120.982441,37.4002857],[-120.3872099,37.6338062],[-120.3929888,37.6834915],[-120.3120836,37.6536803],[-120.3467573,37.7257239],[-120.173389,37.8002517],[-119.8093156,37.755535],[-119.5377052,37.9045906],[-119.2660949,37.7381452],[-119.1967476,37.8449684],[-119.3470001,38.0834574],[-119.6301683,38.1977334],[-119.7052946,38.4163483],[-119.8844418,38.3567261],[-120.0751469,38.4461595],[-120.0635891,38.7666291],[-120.2080626,39.0200237],[-120.0000207,39.0672246],[-120.0000207,39.7230694],[-120.1444943,39.7081639],[-120.0982627,39.909389],[-120.2080626,40.0857715],[-120.6530412,40.3068707],[-120.7975148,40.3019022],[-120.8899779,40.1925947],[-121.0402304,40.2348271],[-121.0633462,40.4459893],[-121.4967669,40.4459893],[-121.4736512,40.3515874],[-121.3407355,40.3093549],[-121.4447564,40.1901104],[-121.3696302,40.0857715],[-121.4274196,39.8994519],[-121.0749041,39.5963721],[-121.1615882,39.5193601],[-121.3060618,39.5193601],[-121.4043038,39.3404933],[-121.9070719,39.3032294],[-121.889735,39.3827257],[-122.0110928,39.4125368],[-122.7854712,39.3827257],[-122.6814502,39.223733],[-122.4734083,39.1740478],[-122.4907451,39.0523191],[-122.3404926,38.9231375],[-122.4213978,38.9007792],[-122.2884821,38.8411569],[-122.1382296,38.6101207],[-122.0631033,38.3293992],[-122.2075769,38.3144937],[-122.2133559,38.1803436]]],[[[-122.0110928,38.0660676],[-121.999535,38.0784889],[-122.0399876,38.0909102],[-122.0399876,38.0809732],[-122.0110928,38.0660676]]],[[[-121.9821981,38.0760046],[-121.9879771,38.0834574],[-121.993756,38.0809732],[-121.9879771,38.0784889],[-121.9821981,38.0760046]]],[[[-121.9764192,38.0710361],[-121.9706402,38.0710361],[-121.9764192,38.0760046],[-121.9764192,38.0735204],[-121.9764192,38.0710361]]],[[[-121.9128508,38.051162],[-121.895514,38.051162],[-121.895514,38.0536463],[-121.9128508,38.0710361],[-121.9128508,38.051162]]]]},"id":862},{"type":"Feature","properties":{"id":576,"name":"Salisbury, MD","latitude":38.4437985,"tvperc":93.5,"dma":576,"cableperc":74.5,"adsperc":19.5,"longitude":-75.548586},"geometry":{"type":"MultiPolygon","coordinates":[[[[-75.3750229,38.0163824],[-75.2478861,38.2300288],[-75.1900967,38.2598399],[-75.1900967,38.2076704],[-75.1900967,38.2300288],[-75.1496441,38.2474186],[-75.1438652,38.2846825],[-75.1091915,38.326915],[-75.0918547,38.3293992],[-75.1900967,38.4312539],[-75.1091915,38.3890215],[-75.06296,38.5107502],[-75.057181,38.5032975],[-75.0514021,38.461065],[-75.0687389,38.4387067],[-75.057181,38.4287696],[-75.0860757,38.3244307],[-75.057181,38.4113798],[-75.0456231,38.4560965],[-75.06296,38.6101207],[-75.1034126,38.5504984],[-75.2883387,38.5952151],[-75.0976336,38.6200577],[-75.1034126,38.6349633],[-75.1669809,38.6349633],[-75.1900967,38.6598059],[-75.1843178,38.6672587],[-75.1265283,38.6449003],[-75.161202,38.7045226],[-75.0802968,38.6945855],[-75.06296,38.6101207],[-75.06296,38.6598059],[-75.0918547,38.803893],[-75.1900967,38.8063773],[-75.3692439,38.9628857],[-75.5541701,38.8361884],[-75.7217595,38.8312199],[-75.7044226,38.5604355],[-75.8200015,38.4834234],[-75.9182435,38.2648084],[-75.7622121,38.2871668],[-75.8257804,38.2151232],[-75.9529172,38.1753751],[-75.7390963,38.1679223],[-75.767991,38.1331426],[-75.8373383,38.1256898],[-75.872012,38.0610991],[-75.7448752,38.0884259],[-75.9009067,37.9741499],[-75.8488962,38.0039611],[-75.8488962,37.9244647],[-75.7506542,37.9915398],[-75.3750229,38.0163824]]],[[[-75.0860757,38.6101207],[-75.0745178,38.6101207],[-75.0687389,38.622542],[-75.0918547,38.6150892],[-75.0860757,38.6101207]]],[[[-75.2478861,38.0263194],[-75.0918547,38.3244307],[-75.0976336,38.3244307],[-75.1034126,38.3194622],[-75.1727599,38.2101547],[-75.2478861,38.0263194]]],[[[-75.9355804,38.1256898],[-75.9240225,38.1356269],[-75.9471382,38.1679223],[-75.9586961,38.1381111],[-75.9355804,38.1256898]]],[[[-76.0280434,37.9691814],[-76.0280434,37.9915398],[-76.0511592,37.9965083],[-76.0453803,37.9791185],[-76.0280434,37.9691814]]],[[[-76.0222645,37.9642129],[-76.0164856,37.9642129],[-76.0222645,37.9716657],[-76.0222645,37.9666972],[-76.0222645,37.9642129]]]]},"id":576},{"type":"Feature","properties":{"id":770,"name":"Salt Lake City, UT","latitude":40.23193,"tvperc":82.5,"dma":770,"cableperc":42.7,"adsperc":40.0,"longitude":-112.26407},"geometry":{"type":"Polygon","coordinates":[[[-109.0431448,37.0003198],[-109.0431448,37.8822323],[-109.0489237,40.9999794],[-107.9162509,41.0024636],[-107.9278088,41.6607927],[-107.5117249,41.6583085],[-107.5232828,42.2619838],[-109.0431448,42.264468],[-109.0720395,42.6942451],[-109.2338499,42.768773],[-109.3725445,42.9451555],[-109.5516918,43.0122305],[-109.7539548,43.4643659],[-110.0602387,43.4643659],[-110.0544598,43.3774168],[-110.3434069,43.3774168],[-110.3434069,43.2904677],[-110.5803436,43.2904677],[-110.6207962,42.7091507],[-110.539891,42.2768893],[-110.0544598,42.2719208],[-110.0486809,41.5763279],[-111.048438,41.5788121],[-111.048438,42.5128941],[-111.2333642,42.4781145],[-111.2449221,42.6023275],[-111.2795957,42.5526423],[-111.6032165,42.5899062],[-111.5801007,42.4284292],[-111.8979426,42.4160079],[-111.8979426,42.2570153],[-112.1926687,42.3514172],[-112.3255844,42.3240903],[-112.2966897,42.4532719],[-112.4989527,42.5029571],[-112.4989527,42.4160079],[-112.6549841,42.4160079],[-112.6549841,42.3290588],[-113.0017207,42.3265746],[-113.0017207,41.9986522],[-117.0180861,41.9986522],[-117.0180861,40.9999794],[-116.1570236,40.9999794],[-116.1570236,40.6670885],[-116.0009921,40.1280039],[-115.8218449,40.1205511],[-115.816066,39.5938879],[-115.908529,39.4647063],[-115.908529,39.1616265],[-115.001235,38.6771957],[-114.0477094,38.6771957],[-114.0534883,37.0003198],[-109.0431448,37.0003198]]]},"id":770},{"type":"Feature","properties":{"id":661,"name":"San Angelo, TX","latitude":31.186904,"tvperc":95.4,"dma":661,"cableperc":57.3,"adsperc":39.0,"longitude":-100.740601},"geometry":{"type":"Polygon","coordinates":[[[-101.7558977,30.2878476],[-99.2998469,30.2878476],[-99.3056258,30.4990097],[-99.4847731,30.4990097],[-99.4847731,30.9412081],[-99.0918049,30.9412081],[-99.0918049,31.4604186],[-99.5136678,31.4256389],[-99.7043729,31.5771788],[-100.2360356,31.5821474],[-100.2360356,32.0814837],[-101.2646875,32.0864523],[-101.2762454,31.0803267],[-102.3915814,31.0852952],[-101.8772555,30.921334],[-101.8079081,30.7027191],[-101.6518767,30.6207385],[-101.7385608,30.4219976],[-101.6576556,30.3425013],[-101.7558977,30.2878476]]]},"id":661},{"type":"Feature","properties":{"id":641,"name":"San Antonio, TX","latitude":29.2651455,"tvperc":87.8,"dma":641,"cableperc":58.5,"adsperc":29.4,"longitude":-99.1607395},"geometry":{"type":"Polygon","coordinates":[[[-99.386531,28.0296547],[-98.3347634,28.0569815],[-98.3347634,28.6134559],[-98.0978267,28.7873541],[-98.0053637,28.690468],[-97.7742059,28.6681096],[-97.6933007,28.5414123],[-97.4448062,28.4022938],[-97.3754589,28.3873882],[-97.161638,28.5538337],[-97.161638,28.7823856],[-97.3061115,28.8643662],[-96.5606279,29.3363757],[-96.8669119,29.6320028],[-97.1443011,29.6270342],[-97.3176694,29.7835427],[-97.6181745,29.634487],[-97.866669,29.8555862],[-97.9995847,29.7512473],[-98.0284794,29.8481334],[-98.3000897,30.0369372],[-98.4156686,29.9375668],[-98.5890369,30.1387919],[-98.5890369,30.4990097],[-99.3056258,30.4990097],[-99.2998469,30.2878476],[-101.7558977,30.2878476],[-101.7616766,29.7810584],[-101.4033821,29.7711214],[-101.3051401,29.577349],[-101.2531296,29.62455],[-101.2531296,29.520211],[-101.0624245,29.4581045],[-100.7965931,29.2469424],[-100.2129199,28.1961001],[-99.39231,28.2035529],[-99.386531,28.0296547]]]},"id":641},{"type":"Feature","properties":{"id":825,"name":"San Diego, CA","latitude":33.0195915,"tvperc":93.8,"dma":825,"cableperc":80.6,"adsperc":13.7,"longitude":-116.8402815},"geometry":{"type":"Polygon","coordinates":[[[-116.1050131,32.618084],[-116.0876763,33.4254687],[-117.2434649,33.4329215],[-117.3648227,33.5049651],[-117.5786436,33.4527956],[-117.5959804,33.3857206],[-117.3243701,33.1149362],[-117.2781385,32.8217934],[-117.2550228,32.7596869],[-117.1856754,32.7621712],[-117.2550228,32.6975804],[-117.1798965,32.7273915],[-117.1163281,32.675222],[-117.1047702,32.6031785],[-117.2261281,32.6975804],[-117.1221071,32.5336192],[-116.1050131,32.618084]],[[-117.2145702,32.7671397],[-117.231907,32.7721082],[-117.2145702,32.789498],[-117.2087912,32.7696239],[-117.2145702,32.7671397]],[[-117.2376859,32.7721082],[-117.2434649,32.7770767],[-117.231907,32.779561],[-117.231907,32.7745925],[-117.2376859,32.7721082]]]},"id":825},{"type":"Feature","properties":{"id":807,"name":"San Francisco-Oakland-San Jose, CA","latitude":38.4477155,"tvperc":92.6,"dma":807,"cableperc":65.0,"adsperc":28.3,"longitude":-122.6193155},"geometry":{"type":"MultiPolygon","coordinates":[[[[-122.7392397,39.3827257],[-122.7334607,39.5814666],[-122.8837132,39.5789823],[-122.9357237,39.9789483],[-124.022165,40.0013066],[-123.7910073,39.6858055],[-123.8256809,39.3479461],[-123.6927653,39.0523191],[-123.7274389,38.918169],[-123.1322078,38.4536122],[-123.0628605,38.3020723],[-122.8259238,38.0909102],[-122.8374817,38.0834574],[-122.8952711,38.1331426],[-122.9935132,38.2399658],[-122.9472816,38.155501],[-123.0224079,37.9965083],[-122.9646184,37.9915398],[-122.9299448,38.0909102],[-122.9241658,38.0288037],[-122.5254188,37.8151573],[-122.4734083,37.8375156],[-122.5254188,37.8971379],[-122.4387346,37.8822323],[-122.5311977,37.9443388],[-122.4445136,37.9865712],[-122.4907451,38.1083],[-122.404061,38.155501],[-122.1266717,38.0461935],[-122.0631033,38.1182371],[-122.2133559,38.1803436],[-122.2075769,38.3144937],[-122.0631033,38.3293992],[-122.1671243,38.6548374],[-122.2884821,38.8411569],[-122.4213978,38.9007792],[-122.3404926,38.9231375],[-122.4907451,39.0523191],[-122.4734083,39.1740478],[-122.7565765,39.2858396],[-122.7392397,39.3827257]]],[[[-121.2135987,36.9605716],[-121.2251566,37.1319856],[-121.282946,37.1841551],[-121.3985249,37.1493754],[-121.4563143,37.2512301],[-121.4100828,37.3804117],[-121.5545564,37.5418886],[-121.5834511,38.0958787],[-121.7799351,38.0188666],[-121.8608403,38.0660676],[-122.1497875,38.0213509],[-122.2595874,38.0586148],[-122.4271767,37.9642129],[-122.3115979,37.8921693],[-122.3404926,37.8052202],[-122.2133559,37.7580193],[-122.2075769,37.7306924],[-122.2595874,37.7406294],[-122.1613454,37.6760387],[-122.1035559,37.4996562],[-121.9417455,37.4524552],[-122.0919981,37.4425182],[-122.2191348,37.5418886],[-122.2422506,37.5071089],[-122.404061,37.6362905],[-122.398282,37.8077045],[-122.5080819,37.7853461],[-122.5196398,37.5244988],[-122.3347137,37.11708],[-122.2884821,37.1145958],[-122.3173768,37.1866393],[-122.1555664,37.2164505],[-122.1497875,37.2860098],[-121.5776721,36.8934966],[-121.490988,36.98293],[-121.2135987,36.9605716]],[[-122.2480295,37.7778934],[-122.2538085,37.7828619],[-122.2538085,37.7853461],[-122.2480295,37.7828619],[-122.2480295,37.7778934]]],[[[-122.4213978,37.8524212],[-122.4271767,37.869811],[-122.4445136,37.859874],[-122.4387346,37.8549054],[-122.4213978,37.8524212]]],[[[-122.3693873,37.8077045],[-122.3578294,37.8151573],[-122.3751663,37.8325471],[-122.3809452,37.8275786],[-122.3693873,37.8077045]]],[[[-122.2306927,37.7505665],[-122.3289347,37.7977674],[-122.3347137,37.7828619],[-122.2827032,37.7704406],[-122.2306927,37.7505665]]]]},"id":807},{"type":"Feature","properties":{"id":855,"name":"Santa Barbara-Santa Maria-San Luis Obispo, CA","latitude":34.844663,"tvperc":92.4,"dma":855,"cableperc":58.4,"adsperc":34.8,"longitude":-120.4100205},"geometry":{"type":"MultiPolygon","coordinates":[[[[-121.3465144,35.7954534],[-121.288725,35.6637876],[-120.8899779,35.4352356],[-120.8264095,35.3383494],[-120.8668621,35.3110226],[-120.8610832,35.3681605],[-120.9015358,35.2563688],[-120.8553043,35.2066836],[-120.6472623,35.1445771],[-120.6703781,34.9036038],[-120.6010308,34.704863],[-120.6530412,34.5781657],[-120.4507782,34.4415313],[-120.1387153,34.4738267],[-119.4741369,34.3744563],[-119.4741369,35.0775021],[-119.560821,35.0874391],[-119.5550421,35.1793567],[-119.664842,35.1743882],[-119.664842,35.2613373],[-119.8093156,35.2638216],[-119.8786629,35.4402041],[-120.0000207,35.4402041],[-120.0867048,35.5271532],[-120.0867048,35.6141023],[-120.1965047,35.6141023],[-120.1965047,35.7880006],[-121.3465144,35.7954534]]],[[[-119.8150945,33.9595848],[-119.560821,33.9943644],[-119.5203684,34.0341126],[-119.9191155,34.076345],[-119.8150945,33.9595848]]],[[[-120.3583152,34.0142385],[-120.3063047,34.0291441],[-120.369873,34.076345],[-120.4507782,34.0291441],[-120.4103256,34.0316283],[-120.3583152,34.0142385]]],[[[-120.1155995,33.894994],[-119.9769049,33.9844274],[-120.0578101,34.0365969],[-120.2485152,34.0018172],[-120.1791679,33.9248051],[-120.1155995,33.894994]]]]},"id":855},{"type":"Feature","properties":{"id":507,"name":"Savannah, GA","latitude":32.168191,"tvperc":95.2,"dma":507,"cableperc":58.7,"adsperc":37.3,"longitude":-81.6330685},"geometry":{"type":"MultiPolygon","coordinates":[[[[-82.355986,32.2926459],[-82.4079965,32.3547524],[-82.6564911,32.3000987],[-82.5409122,31.9672078],[-82.8356383,31.8156679],[-82.8356383,31.6715807],[-82.6275963,31.6715807],[-82.5987016,31.4703556],[-82.4831228,31.4181862],[-82.2288493,31.5299779],[-82.0612599,31.4653871],[-82.0323652,31.3660167],[-81.7260812,31.3262685],[-81.6220603,31.4529658],[-81.4082394,31.2914889],[-81.3735657,31.3237842],[-81.4371341,31.3411741],[-81.3388921,31.331237],[-81.3331131,31.3337213],[-81.3273342,31.3362056],[-81.3388921,31.3585639],[-81.3388921,31.3709852],[-81.2926605,31.3709852],[-81.344671,31.4405445],[-81.3331131,31.4778084],[-81.2637658,31.5200408],[-81.2926605,31.5349464],[-81.1308501,31.626864],[-81.1308501,31.6964233],[-81.2753237,31.7908252],[-81.1597448,31.7287187],[-81.1770817,31.7585299],[-81.1597448,31.7833725],[-81.1828606,31.8007623],[-81.1770817,31.8181521],[-81.142408,31.8579003],[-80.9921555,31.8579003],[-80.934366,31.9100698],[-81.0268291,31.9349124],[-80.8476819,31.9920504],[-80.841903,32.0243457],[-80.8996924,32.0218615],[-80.9170292,32.083968],[-80.8939134,32.1286847],[-80.7898925,32.1883069],[-80.7956714,32.2305394],[-80.7841135,32.2603505],[-80.7609978,32.2777403],[-80.8534608,32.5311349],[-80.8130082,32.493871],[-80.7552188,32.5485247],[-80.5125032,32.5137451],[-80.6685347,32.6702535],[-80.8245661,32.6975804],[-81.0846186,33.0255028],[-81.4197973,32.7472656],[-81.5411551,33.0453769],[-81.7665338,32.9087425],[-81.8416601,32.6478952],[-82.1479441,32.5211979],[-82.2346282,32.3174885],[-82.355986,32.2926459]]],[[[-80.7436609,32.3522681],[-80.6627557,32.436733],[-80.6685347,32.4516386],[-80.6916504,32.4541228],[-80.7205452,32.4441858],[-80.6858715,32.5013238],[-80.7494399,32.5385877],[-80.8130082,32.4739969],[-80.7436609,32.3522681]]],[[[-80.633861,32.255382],[-80.4547138,32.4094061],[-80.6743136,32.503808],[-80.6916504,32.4764812],[-80.6511978,32.436733],[-80.633861,32.255382]]],[[[-80.5009453,32.4590914],[-80.4778295,32.4764812],[-80.5471769,32.493871],[-80.5413979,32.4615756],[-80.5009453,32.4590914]]],[[[-80.4547138,32.3671737],[-80.431598,32.4118904],[-80.4604927,32.3870478],[-80.4547138,32.3671737]]],[[[-80.5760716,32.2727718],[-80.4547138,32.322457],[-80.431598,32.3920163],[-80.4604927,32.3572367],[-80.4720506,32.3845635],[-80.5760716,32.2727718]]],[[[-80.6743136,32.2901616],[-80.6685347,32.3522681],[-80.737882,32.3522681],[-80.6974294,32.3025829],[-80.6743136,32.2901616]]],[[[-80.7898925,32.2230866],[-80.7436609,32.265319],[-80.7609978,32.2727718],[-80.7667767,32.2603505],[-80.7783346,32.2578662],[-80.7898925,32.2230866]]],[[[-80.8187872,32.1088106],[-80.7263241,32.1584958],[-80.6743136,32.2355079],[-80.737882,32.2678033],[-80.8187872,32.1088106]]],[[[-80.8765766,32.0814837],[-80.841903,32.1187476],[-80.836124,32.1460745],[-80.8939134,32.1262004],[-80.8765766,32.0814837]]],[[[-81.1597448,31.7833725],[-81.1713027,31.7585299],[-81.1366291,31.7212659],[-81.038387,31.8206364],[-81.1770817,31.8156679],[-81.1597448,31.7833725]]],[[[-81.2695447,31.3834065],[-81.1944185,31.5349464],[-81.2926605,31.4877454],[-81.2926605,31.4802927],[-81.3099973,31.4231547],[-81.2695447,31.3834065]]],[[[-81.3042184,31.4479973],[-81.2926605,31.4827769],[-81.2926605,31.4852612],[-81.3273342,31.4753241],[-81.3042184,31.4479973]]],[[[-81.3157763,31.4281232],[-81.3273342,31.4604186],[-81.3273342,31.4554501],[-81.3388921,31.445513],[-81.3157763,31.4281232]]],[[[-81.2522079,31.3163315],[-81.3331131,31.3635324],[-81.3388921,31.3610482],[-81.3273342,31.3486269],[-81.3215552,31.331237],[-81.2522079,31.3163315]]]]},"id":507},{"type":"Feature","properties":{"id":819,"name":"Seattle-Tacoma, WA","latitude":47.621239,"tvperc":93.8,"dma":819,"cableperc":72.8,"adsperc":21.3,"longitude":-121.842349},"geometry":{"type":"MultiPolygon","coordinates":[[[[-120.6588202,48.7260299],[-120.8495253,48.9992986],[-122.7565765,49.0017829],[-122.8259238,48.9446449],[-122.7507976,48.9347078],[-122.7970291,48.8924754],[-122.6467766,48.7831679],[-122.6756713,48.7334827],[-122.5832082,48.7881364],[-122.4849662,48.7508725],[-122.5080819,48.6688919],[-122.4271767,48.5993326],[-122.5600924,48.5844271],[-122.4734083,48.4527613],[-122.704566,48.497478],[-122.6525555,48.4080446],[-122.5543135,48.4453085],[-122.3636084,48.3086741],[-122.398282,48.2490519],[-122.5311977,48.2490519],[-122.5138609,48.1372602],[-122.3578294,48.0552796],[-122.4791872,48.1844611],[-122.3925031,48.2291778],[-122.3462715,48.0999963],[-122.1497875,48.0155314],[-122.3115979,47.9459721],[-122.398282,47.8043692],[-122.4387346,47.6627664],[-122.3404926,47.6031441],[-122.4213978,47.5758173],[-122.3231558,47.3497495],[-122.4445136,47.3050329],[-122.3751663,47.2553476],[-122.5485345,47.3174542],[-122.5311977,47.2926116],[-122.5832082,47.1882726],[-122.7334607,47.0715124],[-122.8143659,47.1783356],[-122.8201449,47.0938707],[-122.8605975,47.1211976],[-122.8432606,47.16343],[-122.906829,47.1385874],[-122.8952711,47.0466698],[-122.9357237,47.0789651],[-122.9241658,47.1460402],[-123.0166289,47.0615753],[-122.9415027,47.1808198],[-123.01085,47.116229],[-123.0859762,47.096355],[-123.0859762,47.0988392],[-123.0801973,47.1087763],[-123.0513026,47.1211976],[-123.0224079,47.1211976],[-123.0166289,47.1510087],[-123.0859762,47.1336189],[-123.0513026,47.153493],[-122.9646184,47.1683985],[-122.9357237,47.1982096],[-122.9935132,47.1932411],[-123.0975341,47.2081467],[-123.0166289,47.2603162],[-123.0628605,47.2056624],[-123.005071,47.210631],[-122.9992921,47.2006939],[-122.9357237,47.2056624],[-122.9241658,47.2826745],[-122.8374817,47.3249069],[-122.8259238,47.4068875],[-122.7681344,47.1659143],[-122.7334607,47.344781],[-122.6294398,47.4118561],[-122.6236608,47.3721079],[-122.6987871,47.2826745],[-122.5485345,47.2851588],[-122.5889871,47.3373282],[-122.4965241,47.5137107],[-122.5485345,47.5907228],[-122.6987871,47.5261321],[-122.6236608,47.5658802],[-122.710345,47.6105969],[-122.6872292,47.6503451],[-122.6121029,47.5658802],[-122.6525555,47.7472312],[-122.5889871,47.6900933],[-122.5600924,47.7695896],[-122.4676293,47.7571683],[-122.5254188,47.9111924],[-122.600545,47.9410036],[-122.5658714,47.8217591],[-122.606324,47.8565387],[-122.7507976,47.6677349],[-122.9183869,47.6230182],[-123.1206499,47.3894977],[-122.8432606,47.4317301],[-123.0281868,47.3497495],[-123.1033131,47.3572023],[-123.1206499,47.3273912],[-123.1611025,47.3547181],[-123.0455236,47.5484904],[-122.9010501,47.6453766],[-122.8605975,47.8292118],[-122.7854712,47.8043692],[-122.808587,47.6826405],[-122.6930081,47.86896],[-122.606324,47.8888341],[-122.704566,47.916161],[-122.6814502,47.9708147],[-122.802808,48.0850907],[-122.7507976,48.1422287],[-122.8837132,48.1049648],[-122.8259238,48.0478268],[-122.8894922,47.9906888],[-122.912608,48.0950277],[-123.0397447,48.0801222],[-123.01085,48.0254684],[-123.0686394,48.1198703],[-123.1842183,48.1471972],[-123.1033131,48.1844611],[-123.1437657,48.1770083],[-123.1553236,48.1720398],[-123.2477867,48.1149018],[-123.3229129,48.1124176],[-123.9874914,48.164587],[-124.7271961,48.383202],[-124.6578487,48.3285482],[-124.732975,48.164587],[-124.6751856,47.9658462],[-124.426691,47.7422627],[-124.3168911,47.3547181],[-124.2013122,47.2056624],[-124.1781965,46.9274252],[-124.1088492,46.9423308],[-124.120407,47.0417012],[-123.8083441,46.9696577],[-123.8776914,46.9398465],[-123.9817124,46.9224567],[-124.0452808,46.8951299],[-124.022165,46.8355076],[-124.1377439,46.9050669],[-124.0972913,46.7361372],[-123.8430178,46.7162631],[-123.9297019,46.6740307],[-123.8950283,46.5995028],[-123.9008072,46.5970186],[-123.9123651,46.6044714],[-123.9123651,46.6119241],[-123.9412598,46.6168927],[-123.9585966,46.6367667],[-123.8892493,46.515038],[-123.9412598,46.4653528],[-123.8545757,46.4231203],[-123.8430178,46.3883407],[-123.8256809,46.3883407],[-123.819902,46.3759194],[-123.8256809,46.3709509],[-123.8314599,46.3784036],[-123.8314599,46.3883407],[-123.8430178,46.3883407],[-123.8603546,46.4181518],[-123.8892493,46.4131833],[-123.9354809,46.4579],[-123.923923,46.4231203],[-123.9528177,46.3634981],[-124.0163861,46.3709509],[-124.0683966,46.6342825],[-124.0799544,46.2666119],[-123.9990492,46.3138129],[-123.8719125,46.239285],[-123.7274389,46.2889703],[-123.7274389,46.3858564],[-121.3927459,46.3908249],[-121.4563143,46.5200065],[-121.3522933,46.7137788],[-121.5256616,46.8727715],[-121.3754091,47.0541225],[-121.4100828,47.1187133],[-121.3002829,47.1485244],[-121.3465144,47.2826745],[-121.4678722,47.3671394],[-121.2309355,47.5658802],[-121.1153567,47.5981756],[-120.9073147,47.4242774],[-120.5663571,47.3075171],[-120.0057996,47.220568],[-120.0057996,47.3199384],[-119.8786629,47.4366987],[-119.5319263,47.4416672],[-119.5319263,47.5286163],[-119.3181054,47.6279867],[-119.2140844,47.8888341],[-118.954032,48.0204999],[-119.1331792,48.1521657],[-119.3470001,48.050311],[-119.5088105,48.0801222],[-119.6186105,47.9956573],[-119.7746419,48.1049648],[-119.8959997,48.050311],[-119.8728839,47.9608777],[-120.0635891,47.9658462],[-120.6472623,48.3956233],[-120.6299255,48.497478],[-120.7859569,48.6266595],[-120.6588202,48.7260299]]],[[[-123.0859762,48.9719717],[-123.0686394,48.9794245],[-123.0224079,48.9769403],[-123.0917552,49.0017829],[-123.0859762,48.9719717]]],[[[-122.606324,48.6415651],[-122.6294398,48.678829],[-122.7161239,48.7483883],[-122.7161239,48.7160929],[-122.606324,48.6415651]]],[[[-123.0397447,48.6763447],[-123.005071,48.6962188],[-123.01085,48.7210614],[-123.0744184,48.6987031],[-123.0397447,48.6763447]]],[[[-122.6178819,48.6937345],[-122.6236608,48.7185772],[-122.6525555,48.7136086],[-122.6294398,48.6962188],[-122.6178819,48.6937345]]],[[[-122.8894922,48.5893956],[-122.906829,48.6937345],[-122.8317028,48.5993326],[-122.7450186,48.6614392],[-122.9530606,48.7136086],[-123.0339658,48.6241752],[-122.8894922,48.5893956]]],[[[-123.1842183,48.6564706],[-123.1726604,48.6813132],[-123.2362288,48.688766],[-123.2188919,48.6738605],[-123.1842183,48.6564706]]],[[[-123.109092,48.6341123],[-123.114871,48.6390808],[-123.1611025,48.6490179],[-123.1379867,48.6365966],[-123.109092,48.6341123]]],[[[-122.6641134,48.6067854],[-122.6756713,48.6291438],[-122.6987871,48.621691],[-122.6987871,48.6167225],[-122.6641134,48.6067854]]],[[[-122.9646184,48.4527613],[-123.01085,48.5595845],[-123.1668814,48.6067854],[-123.1322078,48.497478],[-122.9646184,48.4527613]]],[[[-123.1842183,48.5844271],[-123.1726604,48.6018169],[-123.1784393,48.621691],[-123.2015551,48.6018169],[-123.1842183,48.5844271]]],[[[-122.7219028,48.5397104],[-122.6698924,48.5670373],[-122.710345,48.6067854],[-122.7392397,48.5844271],[-122.7219028,48.5397104]]],[[[-122.9877342,48.5943641],[-122.9935132,48.6018169],[-123.005071,48.5943641],[-122.9877342,48.5943641]]],[[[-122.9472816,48.5471632],[-122.9010501,48.5794586],[-123.0166289,48.5794586],[-122.9761763,48.5521317],[-122.9472816,48.5471632]]],[[[-122.6409976,48.5248048],[-122.5947661,48.5372261],[-122.5716503,48.5297733],[-122.6467766,48.5893956],[-122.6409976,48.5248048]]],[[[-122.802808,48.5322576],[-122.7681344,48.5571002],[-122.8143659,48.5869113],[-122.8259238,48.554616],[-122.802808,48.5322576]]],[[[-122.8779343,48.4179816],[-122.802808,48.4477927],[-122.8548185,48.4477927],[-122.8837132,48.5720058],[-122.9472816,48.4651826],[-122.8779343,48.4179816]]],[[[-122.8259238,48.4825724],[-122.7912502,48.5248048],[-122.8374817,48.5148678],[-122.8143659,48.497478],[-122.8259238,48.4825724]]],[[[-122.8317028,48.4850567],[-122.8259238,48.4900252],[-122.8317028,48.4949937],[-122.8317028,48.4850567]]],[[[-122.3809452,47.9037397],[-122.3751663,48.0354055],[-122.5254188,48.097512],[-122.5427556,48.0155314],[-122.606324,48.2068195],[-122.7334607,48.2316621],[-122.502303,48.2987371],[-122.6641134,48.4005918],[-122.7623554,48.2167565],[-122.6121029,48.15465],[-122.5485345,47.9683304],[-122.4791872,47.9956573],[-122.3809452,47.9037397]]],[[[-122.5774293,48.3956233],[-122.5600924,48.3981075],[-122.5600924,48.4030761],[-122.5774293,48.3981075],[-122.5774293,48.3956233]]],[[[-122.9472816,48.1198703],[-122.9415027,48.1198703],[-122.912608,48.1273231],[-122.9299448,48.1322916],[-122.9472816,48.1198703]]],[[[-122.6930081,48.0080786],[-122.6930081,48.1049648],[-122.6987871,48.0180157],[-122.7507976,48.0726694],[-122.7219028,48.0254684],[-122.6930081,48.0080786]]],[[[-122.30004,48.0055944],[-122.3289347,48.0229842],[-122.3347137,48.0204999],[-122.3231558,48.0080786],[-122.30004,48.0055944]]],[[[-122.5138609,47.573333],[-122.502303,47.6950618],[-122.5485345,47.7223886],[-122.5947661,47.6627664],[-122.5138609,47.573333]]],[[[-122.4849662,47.5311006],[-122.4849662,47.5435219],[-122.5080819,47.5435219],[-122.4965241,47.5311006],[-122.4849662,47.5311006]]],[[[-122.4907451,47.3298755],[-122.4618504,47.401919],[-122.4329557,47.3870135],[-122.4560715,47.3422968],[-122.3751663,47.3870135],[-122.4734083,47.5112265],[-122.5254188,47.3969505],[-122.4907451,47.3298755]]],[[[-122.8259238,47.334844],[-122.8201449,47.344781],[-122.8201449,47.3472653],[-122.8259238,47.334844]]],[[[-122.6641134,47.3249069],[-122.6583345,47.3298755],[-122.6756713,47.3273912],[-122.6641134,47.3249069]]],[[[-122.8317028,47.3149699],[-122.8259238,47.3199384],[-122.8201449,47.3298755],[-122.8259238,47.3323597],[-122.8317028,47.3149699]]],[[[-122.8779343,47.16343],[-122.8432606,47.210631],[-122.8490396,47.3000643],[-122.9241658,47.2454106],[-122.8779343,47.16343]]],[[[-122.6121029,47.2180837],[-122.5889871,47.2329893],[-122.6698924,47.277706],[-122.6698924,47.2702532],[-122.6121029,47.2180837]]],[[[-122.8374817,47.2553476],[-122.8259238,47.2702532],[-122.8374817,47.2702532],[-122.8374817,47.2553476]]],[[[-122.6698924,47.1907569],[-122.6756713,47.230505],[-122.7276818,47.2081467],[-122.7161239,47.2006939],[-122.6698924,47.1907569]]],[[[-122.8894922,47.1683985],[-122.9010501,47.1932411],[-122.9241658,47.2255365],[-122.9241658,47.1957254],[-122.8894922,47.1683985]]],[[[-122.6987871,47.1236818],[-122.6756713,47.173367],[-122.704566,47.1882726],[-122.7450186,47.1510087],[-122.6987871,47.1236818]]],[[[-122.6409976,47.1485244],[-122.6294398,47.16343],[-122.6294398,47.1683985],[-122.6409976,47.1485244]]],[[[-123.9585966,46.4082148],[-123.9470388,46.4653528],[-123.9874914,46.4976482],[-123.9990492,46.4603842],[-123.9585966,46.4082148]]]]},"id":819},{"type":"Feature","properties":{"id":657,"name":"Sherman, TX-Ada, OK","latitude":34.181478,"tvperc":86.9,"dma":657,"cableperc":39.9,"adsperc":47.8,"longitude":-96.2499835},"geometry":{"type":"Polygon","coordinates":[[[-95.3123762,33.8800884],[-95.231471,33.962069],[-95.1563448,33.9372264],[-95.1505658,34.2427905],[-95.0465448,34.2427905],[-95.0465448,34.5061221],[-94.9367449,34.5061221],[-94.9367449,34.6800204],[-95.5146392,34.6800204],[-95.5146392,34.5930712],[-95.8844916,34.5930712],[-95.8844916,34.6800204],[-96.0925335,34.6800204],[-96.0925335,34.7669695],[-96.4045964,34.7669695],[-96.4045964,34.9334149],[-96.5259542,34.8688242],[-96.6935436,34.9334149],[-96.7282172,34.8564029],[-96.9304803,34.9657103],[-96.9304803,34.5930712],[-96.8264593,34.5930712],[-96.8784698,34.3322239],[-97.3523431,34.3769406],[-97.3523431,34.5061221],[-97.560385,34.5061221],[-97.560385,33.8974783],[-97.4852588,33.9173523],[-97.3812378,33.8179819],[-97.2078695,33.9148681],[-97.1905327,33.7608439],[-97.1269643,33.7161272],[-97.0460591,33.8179819],[-97.0865117,33.8552458],[-96.9420381,33.9496477],[-96.9420381,33.4155317],[-96.3872596,33.3981419],[-96.3814807,33.7260643],[-96.1792177,33.7583597],[-96.144544,33.837856],[-95.9365021,33.8875412],[-95.7689127,33.8453088],[-95.5955444,33.9421949],[-95.5435339,33.8800884],[-95.3123762,33.8800884]]]},"id":657},{"type":"Feature","properties":{"id":612,"name":"Shreveport, LA","latitude":32.820852,"tvperc":91.7,"dma":612,"cableperc":37.3,"adsperc":55.2,"longitude":-94.0138375},"geometry":{"type":"Polygon","coordinates":[[[-94.5091031,31.9746605],[-94.3993032,31.6541909],[-93.9832193,31.5697261],[-94.0410088,31.1349804],[-93.5786933,31.1672758],[-93.3879882,31.3635324],[-92.9487885,31.3461426],[-92.7638624,31.4753241],[-92.7176308,31.5250094],[-92.9776832,31.7138132],[-92.8736623,31.9448494],[-92.9372306,32.1485588],[-92.8158728,32.1460745],[-92.7754202,32.2355079],[-92.7754202,32.4541228],[-92.8794412,32.4541228],[-92.8794412,32.6006942],[-92.8274307,32.7596869],[-92.7234098,32.7596869],[-92.7234098,33.0155657],[-92.9892411,33.01805],[-92.9776832,33.3782678],[-93.1163779,33.380752],[-93.10482,33.7782337],[-93.2781883,33.8353717],[-93.3706514,33.9571005],[-93.8214089,34.00927],[-93.8214089,34.1831682],[-93.9254299,34.1856525],[-93.9369878,34.3496137],[-94.2548296,34.3545822],[-94.2432718,34.1931053],[-94.4686505,34.190621],[-94.4628716,34.5086064],[-95.0465448,34.5061221],[-95.0465448,34.2427905],[-95.1505658,34.2427905],[-95.1563448,33.9372264],[-95.231471,33.962069],[-95.3123762,33.8800884],[-95.3065973,33.380752],[-95.12745,33.3906891],[-95.1505658,32.9012897],[-94.722924,32.903774],[-94.6709135,32.836699],[-94.6998083,32.4218274],[-94.4917663,32.3945006],[-94.6015662,31.9721763],[-94.5091031,31.9746605]]]},"id":612},{"type":"Feature","properties":{"id":624,"name":"Sioux City, IA","latitude":42.621459,"tvperc":86.5,"dma":624,"cableperc":54.1,"adsperc":32.8,"longitude":-96.376337},"geometry":{"type":"Polygon","coordinates":[[[-94.4455348,42.9078915],[-94.4455348,43.255688],[-94.9136291,43.255688],[-94.9136291,43.5016298],[-95.034987,43.5016298],[-95.3875025,43.4991456],[-95.3875025,43.255688],[-96.554849,43.2606566],[-96.4392701,43.1140852],[-96.8033435,43.0842741],[-96.8033435,42.7041822],[-97.3061115,42.8681434],[-97.8435532,42.8681434],[-98.0111426,42.7613202],[-98.3116476,42.8830489],[-98.3058687,42.435882],[-97.8319954,42.4383663],[-97.8319954,41.7427733],[-97.0171644,41.7427733],[-97.0171644,42.0905698],[-96.554849,42.0905698],[-96.554849,42.016042],[-96.2716808,42.0483374],[-96.1329861,41.9738096],[-96.1387651,41.8669863],[-95.6706707,41.8620178],[-95.6706707,42.2122986],[-94.8558397,42.2098143],[-94.9136291,42.9103758],[-94.4455348,42.9078915]]]},"id":624},{"type":"Feature","properties":{"id":725,"name":"Sioux Falls (Mitchell), SD","latitude":44.0133785,"tvperc":89.5,"dma":725,"cableperc":63.3,"adsperc":26.5,"longitude":-98.735199},"geometry":{"type":"Polygon","coordinates":[[[-101.4264979,42.0930541],[-100.1666883,42.0856013],[-100.195583,42.9973249],[-98.4965738,42.9973249],[-98.0342584,42.7638044],[-97.8435532,42.8681434],[-97.3061115,42.8681434],[-96.8033435,42.7041822],[-96.8033435,43.0842741],[-96.4392701,43.1140852],[-96.554849,43.2606566],[-95.3875025,43.255688],[-95.3875025,43.4991456],[-95.4568498,43.5016298],[-95.4626287,44.1947386],[-96.0809756,44.1972228],[-96.0925335,44.6294842],[-96.450828,44.6319684],[-96.450828,45.3002345],[-96.6935436,45.4169948],[-96.855354,45.6057986],[-96.5837437,45.819445],[-96.5606279,45.9362053],[-99.7159308,45.9411738],[-99.7159308,45.5933773],[-100.4845302,45.5511449],[-100.2764882,45.3822151],[-100.3169408,45.3176244],[-100.2591514,45.2406123],[-100.3284987,45.0940409],[-100.2764882,45.0219973],[-100.4151829,45.0021233],[-100.4209618,44.8431306],[-100.5480986,44.76115],[-100.6983511,44.828225],[-100.7330247,44.7636342],[-101.1375508,44.7462444],[-101.1664455,44.1674117],[-101.0450877,44.1674117],[-101.0450877,43.9959977],[-101.0624245,43.8419735],[-101.2300138,43.7947726],[-101.2300138,42.9973249],[-102.0852974,42.9998092],[-102.0390659,42.0955383],[-101.4264979,42.0930541]]]},"id":725},{"type":"Feature","properties":{"id":588,"name":"South Bend-Elkhart, IN","latitude":41.576527,"tvperc":79.9,"dma":588,"cableperc":40.8,"adsperc":39.6,"longitude":-86.062314},"geometry":{"type":"Polygon","coordinates":[[[-86.5226039,41.4322407],[-86.6439617,41.4322407],[-86.9329089,41.2359841],[-86.9329089,40.9130303],[-86.1700884,40.910546],[-86.1700884,40.9974951],[-85.6846572,41.0471803],[-85.6557625,41.5241584],[-85.193447,41.5266426],[-85.199226,41.7601631],[-85.7886782,41.7601631],[-85.7655624,42.0682115],[-86.2220989,42.0706957],[-86.2220989,42.244594],[-86.3665725,42.2421097],[-86.615067,41.8967975],[-86.823109,41.7601631],[-86.5226039,41.7601631],[-86.4879303,41.5713593],[-86.5226039,41.4322407]]]},"id":588},{"type":"Feature","properties":{"id":881,"name":"Spokane, WA","latitude":47.0398515,"tvperc":85.2,"dma":881,"cableperc":40.5,"adsperc":45.0,"longitude":-117.603633},"geometry":{"type":"Polygon","coordinates":[[[-114.6660563,45.4716485],[-114.5620353,45.5585976],[-114.498467,45.7026848],[-114.5678143,45.7747283],[-114.388667,45.8815515],[-114.5273617,46.1448831],[-114.4464565,46.1697257],[-114.4695722,46.2666119],[-114.3193197,46.6491881],[-114.6024879,46.6367667],[-114.6660563,46.7386214],[-114.7700773,46.696389],[-114.7874141,46.7808539],[-114.897214,46.8032122],[-114.9261087,46.9174882],[-115.3190769,47.2578319],[-115.7582765,47.4217931],[-115.6311398,47.4789311],[-115.7582765,47.5484904],[-115.6889292,47.5956913],[-115.7236029,47.6950618],[-116.0472237,47.9757832],[-116.0472237,48.2142722],[-115.9547606,48.1496815],[-115.7582765,48.2639575],[-115.5271188,47.9087082],[-115.2786243,47.8913184],[-115.1861612,47.9186452],[-115.1572665,48.0180157],[-115.0127929,48.0155314],[-115.0185718,48.2266935],[-114.8452035,48.2266935],[-114.8914351,48.6589549],[-114.6371616,48.6589549],[-114.6891721,48.7086401],[-114.6140458,48.7508725],[-114.7354036,48.8104948],[-114.7296247,49.0017829],[-120.884199,48.974456],[-120.7570622,48.9471291],[-120.6588202,48.7260299],[-120.7859569,48.6266595],[-120.6299255,48.497478],[-120.6472623,48.3956233],[-120.0635891,47.9658462],[-119.8728839,47.9608777],[-119.8959997,48.050311],[-119.7746419,48.1049648],[-119.6186105,47.9956573],[-119.5088105,48.0801222],[-119.3470001,48.050311],[-119.1331792,48.1521657],[-118.954032,48.0204999],[-119.2140844,47.8888341],[-119.3181054,47.6279867],[-119.5319263,47.5286163],[-119.5319263,47.4416672],[-119.8786629,47.4366987],[-120.0057996,47.3199384],[-120.0404733,47.0715124],[-119.9248944,46.8131493],[-119.9422313,46.6740307],[-119.8266524,46.6243454],[-119.5145895,46.7262001],[-119.3758948,46.6765149],[-119.3701159,46.7361372],[-118.2085484,46.7386214],[-118.243222,46.2939388],[-117.9889485,46.2069897],[-117.9773906,45.8616774],[-117.7462329,45.8616774],[-117.7866855,45.6902634],[-117.7288961,45.5138809],[-117.4746226,45.1660845],[-117.2665807,45.1660845],[-117.2665807,45.0816196],[-116.7811494,45.0791353],[-116.6886864,45.2679391],[-116.3419498,45.2679391],[-116.3072761,45.1089465],[-116.1454657,45.1064622],[-115.9720974,45.2207382],[-114.694951,45.1958956],[-114.59093,45.2977503],[-114.798972,45.4964911],[-114.6660563,45.4716485]]]},"id":881},{"type":"Feature","properties":{"id":619,"name":"Springfield, MO","latitude":37.1293385,"tvperc":81.9,"dma":619,"cableperc":30.8,"adsperc":51.7,"longitude":-92.5469955},"geometry":{"type":"Polygon","coordinates":[[[-91.4520423,36.4984991],[-91.1284215,36.4984991],[-91.1168636,36.8239373],[-91.2266635,36.8264215],[-91.2151056,37.0872689],[-91.0186216,37.0947217],[-91.0186216,37.1444069],[-91.1573162,37.2537144],[-91.2093267,37.5021404],[-91.3133477,37.5046247],[-91.3133477,37.5940581],[-91.1573162,37.5890895],[-91.1515373,37.698397],[-91.3133477,37.7008813],[-91.3075687,37.7878304],[-91.5271686,37.7878304],[-91.5271686,38.1530167],[-91.6311895,38.1530167],[-91.6311895,38.051162],[-92.5153678,38.0213509],[-92.6425046,38.212639],[-93.0123569,38.1902806],[-93.0759253,38.2598399],[-93.0701463,38.5306243],[-93.1799463,38.5331086],[-93.5151249,38.5132345],[-93.5209039,38.2076704],[-94.0525666,38.2151232],[-94.0756824,36.4984991],[-93.8676405,36.4984991],[-93.8676405,36.3072111],[-93.6595985,36.3022425],[-93.5844723,36.1556712],[-93.4457776,36.0811433],[-93.5209039,35.7333469],[-92.9487885,35.7258941],[-92.9430096,36.115923],[-92.4113468,36.0637535],[-92.4171258,35.9768044],[-92.3073259,35.9743201],[-92.3073259,36.0612693],[-92.1975259,36.058785],[-92.1570733,36.2600101],[-91.5676212,36.2500731],[-91.5676212,36.3370222],[-91.4520423,36.3345379],[-91.4520423,36.4984991]]]},"id":619},{"type":"Feature","properties":{"id":543,"name":"Springfield-Holyoke, MA","latitude":42.3856895,"tvperc":94.8,"dma":543,"cableperc":81.5,"adsperc":14.0,"longitude":-72.6017095},"geometry":{"type":"Polygon","coordinates":[[[-72.2832884,42.721572],[-73.0229931,42.7414461],[-72.9536458,42.6395914],[-73.0114352,42.378744],[-73.0692246,42.3812283],[-72.9998773,42.311669],[-73.0518878,42.0408846],[-72.1330359,42.0309475],[-72.1330359,42.1626134],[-72.2659516,42.1849717],[-72.2139411,42.311669],[-72.3121831,42.3439644],[-72.2312779,42.6619497],[-72.2832884,42.721572]]]},"id":543},{"type":"Feature","properties":{"id":638,"name":"St. Joseph, MO","latitude":40.055305,"tvperc":86.6,"dma":638,"cableperc":57.8,"adsperc":29.4,"longitude":-94.8792055},"geometry":{"type":"Polygon","coordinates":[[[-95.4163972,40.0410548],[-95.3412709,39.9988224],[-95.3412709,39.6535101],[-95.0523238,39.623699],[-95.1043343,39.5342656],[-94.6015662,39.5317814],[-94.6015662,39.747912],[-94.2085981,39.7454278],[-94.2028192,40.033602],[-94.6073452,40.0385705],[-94.5957873,40.386367],[-94.214377,40.3838828],[-94.2317139,40.5726866],[-95.2025763,40.5776551],[-95.1794605,40.262154],[-95.5550918,40.2646382],[-95.4799656,40.2422799],[-95.4163972,40.0410548]]]},"id":638},{"type":"Feature","properties":{"id":609,"name":"St. Louis, MO","latitude":38.434253,"tvperc":89.9,"dma":609,"cableperc":50.5,"adsperc":39.7,"longitude":-90.169254},"geometry":{"type":"Polygon","coordinates":[[[-91.4404844,39.3181349],[-91.4115897,39.1417524],[-91.2613372,39.1392682],[-91.2671161,38.8436412],[-91.4173686,38.8461254],[-91.4173686,38.7094911],[-91.6427474,38.7045226],[-91.6427474,38.1530167],[-91.5271686,38.1530167],[-91.5271686,37.7878304],[-91.3075687,37.7878304],[-91.3133477,37.7008813],[-91.1515373,37.698397],[-91.1573162,37.5890895],[-90.770127,37.6039951],[-90.7527902,37.2711042],[-90.5505272,37.2735884],[-90.5331904,37.6437433],[-90.1460012,37.641259],[-89.8454961,37.9045906],[-89.6721279,37.802736],[-89.5970016,37.9542759],[-89.5912227,38.2200917],[-89.146244,38.212639],[-89.146244,38.4734863],[-88.7012654,38.4759706],[-88.6954865,38.9156847],[-88.8052864,38.9107162],[-88.8052864,39.2162803],[-89.1404651,39.2162803],[-89.1404651,39.3479461],[-89.5334332,39.3479461],[-89.5334332,39.5243286],[-90.5794219,39.5218443],[-90.6140956,39.395147],[-90.9377164,39.4001155],[-91.2035477,39.5988564],[-91.4578212,39.4498008],[-91.4404844,39.3181349]]]},"id":609},{"type":"Feature","properties":{"id":555,"name":"Syracuse, NY","latitude":42.9849975,"tvperc":91.1,"dma":555,"cableperc":74.9,"adsperc":16.7,"longitude":-76.1014455},"geometry":{"type":"Polygon","coordinates":[[[-76.7215166,43.3426372],[-76.7157377,43.0246518],[-76.9642322,43.0122305],[-76.981569,42.8631749],[-76.8948849,42.5427052],[-76.6926219,42.5476738],[-76.6926219,42.2843421],[-76.4152326,42.2619838],[-76.4152326,42.3191218],[-76.2476433,42.2967634],[-76.2938748,42.4060709],[-75.866233,42.4160079],[-75.8893488,42.7240563],[-75.2536651,42.7836785],[-75.2478861,42.8681434],[-75.3403492,42.9352184],[-75.3056756,43.0345888],[-75.4212544,43.1737074],[-75.2998966,43.2258769],[-75.3865808,43.302889],[-75.2189914,43.4022594],[-75.2247704,43.5612521],[-75.5310543,43.4196492],[-75.7564331,43.4693344],[-75.77377,43.6879494],[-76.0222645,43.7078235],[-76.1840749,43.6780123],[-76.2360854,43.5289567],[-76.4210116,43.5215039],[-76.7215166,43.3426372]]]},"id":555},{"type":"Feature","properties":{"id":530,"name":"Tallahassee, FL-Thomasville, GA","latitude":30.462299,"tvperc":93.0,"dma":530,"cableperc":55.1,"adsperc":38.6,"longitude":-83.675708},"geometry":{"type":"Polygon","coordinates":[[[-84.7369105,30.2654892],[-84.6328896,30.0667484],[-84.3497214,29.9698622],[-84.390174,29.9971891],[-84.3381635,30.0742012],[-83.9972058,30.1064965],[-83.679364,29.9226613],[-83.471322,29.6891408],[-83.3615221,29.6692667],[-83.3210695,29.8232908],[-82.8934277,29.8282594],[-82.760512,29.9748307],[-82.7951857,30.3375328],[-82.6449332,30.3946708],[-82.7258384,30.5636005],[-82.4195544,30.5809903],[-82.4889017,30.9635665],[-82.6738279,31.1846657],[-83.0494592,31.1846657],[-83.165038,31.1474017],[-83.1997117,31.025673],[-83.575343,31.0778424],[-83.7949428,31.025673],[-84.5404265,31.0778424],[-84.5346475,31.2567092],[-84.9160578,31.2567092],[-84.9218367,31.0728739],[-84.7311316,31.0703897],[-84.7715842,30.8368692],[-84.9333946,30.6058329],[-84.6444474,30.387218],[-84.7369105,30.2654892]]]},"id":530},{"type":"Feature","properties":{"id":539,"name":"Tampa-St. Petersburg (Sarasota), FL","latitude":27.9989465,"tvperc":92.8,"dma":539,"cableperc":78.9,"adsperc":14.7,"longitude":-81.8973955},"geometry":{"type":"MultiPolygon","coordinates":[[[[-81.142408,27.64211],[-81.2059764,27.8209768],[-81.4602499,28.0395917],[-81.3793447,28.0122648],[-81.344671,28.0843084],[-81.5238182,28.1439306],[-81.5584919,28.2582066],[-81.6567339,28.2582066],[-81.6567339,28.34764],[-82.055481,28.3128604],[-82.055481,28.5215383],[-82.2750808,28.6532041],[-82.1710598,28.7972912],[-82.3155334,28.9736737],[-82.4715649,29.05317],[-82.7547331,29.0010006],[-82.7778489,28.9413783],[-82.6333753,28.8792718],[-82.6333753,28.6954365],[-82.6680489,28.4345891],[-82.8009646,28.1861631],[-82.7720699,28.1066667],[-82.7894067,27.9824537],[-82.8009646,27.9899065],[-82.8183015,27.9302842],[-82.8240804,27.9228315],[-82.8240804,27.9178629],[-82.8298593,27.8979888],[-82.8471962,27.8756305],[-82.7547331,27.8383666],[-82.6796068,27.6942795],[-82.5813648,27.8781148],[-82.7316173,27.9327685],[-82.6969437,28.0371074],[-82.5293543,27.937737],[-82.5351333,27.8333981],[-82.4715649,27.823461],[-82.4889017,27.9178629],[-82.4137755,27.9526426],[-82.3964386,27.766323],[-82.4773438,27.7464489],[-82.6218174,27.5874563],[-82.5698069,27.5477081],[-82.6911647,27.4731803],[-82.5755859,27.4061052],[-82.5409122,27.3216404],[-82.5409122,27.2719552],[-82.5004596,27.2272385],[-82.4426702,27.1030254],[-82.4715649,27.1129625],[-82.3733229,26.946517],[-82.4079965,27.0111078],[-82.257744,26.9440328],[-82.257744,27.0309819],[-82.055481,27.0309819],[-82.055481,27.3390302],[-81.5642708,27.3415145],[-81.5642708,27.0334661],[-81.2695447,27.0334661],[-81.1713027,27.2098487],[-80.9459239,27.2098487],[-81.2059764,27.4905701],[-81.142408,27.64211]]],[[[-82.6449332,28.8544292],[-82.6449332,28.8643662],[-82.6391542,28.8792718],[-82.6564911,28.8867246],[-82.66227,28.8817561],[-82.6449332,28.8544292]]],[[[-82.66227,28.8643662],[-82.6738279,28.871819],[-82.6738279,28.8767875],[-82.6738279,28.8668505],[-82.66227,28.8643662]]],[[[-82.6911647,28.8171653],[-82.66227,28.8320708],[-82.6738279,28.8395236],[-82.6680489,28.8643662],[-82.7258384,28.8544292],[-82.6911647,28.8171653]]],[[[-82.66227,28.8246181],[-82.6564911,28.8295866],[-82.6680489,28.8444921],[-82.6391542,28.8494607],[-82.66227,28.8246181]]],[[[-82.66227,28.7948069],[-82.6564911,28.8246181],[-82.6911647,28.8097125],[-82.6911647,28.7997755],[-82.66227,28.7948069]]],[[[-82.6853858,28.7873541],[-82.6738279,28.7873541],[-82.6738279,28.7898384],[-82.6680489,28.7948069],[-82.6853858,28.7948069],[-82.6853858,28.7873541]]],[[[-82.6911647,28.7699643],[-82.6853858,28.7799014],[-82.6391542,28.7898384],[-82.6969437,28.7799014],[-82.6911647,28.7699643]]],[[[-82.66227,28.757543],[-82.6449332,28.7799014],[-82.6564911,28.7699643],[-82.6853858,28.7699643],[-82.6853858,28.757543],[-82.66227,28.757543]]],[[[-82.6680489,28.7128263],[-82.6507121,28.7252476],[-82.66227,28.7351847],[-82.6738279,28.7277319],[-82.6680489,28.7128263]]],[[[-82.8240804,28.0544973],[-82.8125225,28.06195],[-82.8298593,28.0843084],[-82.8356383,28.0644343],[-82.8240804,28.0544973]]],[[[-82.7951857,28.052013],[-82.8009646,28.052013],[-82.8125225,28.0594658],[-82.8009646,28.052013],[-82.7951857,28.052013]]],[[[-82.7951857,28.052013],[-82.7894067,28.0495287],[-82.7836278,28.052013],[-82.7951857,28.052013]]],[[[-82.8240804,28.0097806],[-82.8125225,28.0321389],[-82.8183015,28.0470445],[-82.8298593,28.0197176],[-82.8240804,28.0097806]]],[[[-82.8240804,27.9650639],[-82.8298593,27.9700324],[-82.8298593,28.0122648],[-82.8298593,27.9675481],[-82.8240804,27.9650639]]],[[[-82.8183015,27.984938],[-82.8183015,27.9874222],[-82.8183015,27.9973593],[-82.8240804,27.9923907],[-82.8183015,27.984938]]],[[[-82.8183015,27.9874222],[-82.8125225,27.9874222],[-82.8183015,27.9973593],[-82.8183015,27.9874222]]],[[[-82.8183015,27.984938],[-82.8240804,27.9774852],[-82.8067436,27.9675481],[-82.8125225,27.9874222],[-82.8183015,27.984938]]],[[[-82.7836278,27.7837129],[-82.8471962,27.8731462],[-82.8471962,27.8781148],[-82.8414172,27.8905361],[-82.8471962,27.8905361],[-82.8414172,27.8955046],[-82.8471962,27.9004731],[-82.8356383,27.9004731],[-82.8471962,27.9079259],[-82.8356383,27.9079259],[-82.8414172,27.9104101],[-82.8414172,27.937737],[-82.8240804,27.9600954],[-82.8356383,27.9650639],[-82.8529751,27.8880518],[-82.8529751,27.8731462],[-82.8414172,27.8458194],[-82.8298593,27.8209768],[-82.7836278,27.7837129]]],[[[-82.8298593,27.9104101],[-82.8240804,27.9153787],[-82.8298593,27.9153787],[-82.8298593,27.9104101]]],[[[-82.7547331,27.7389962],[-82.7720699,27.7762601],[-82.7547331,27.7787443],[-82.766291,27.7861971],[-82.7778489,27.7837129],[-82.7836278,27.7787443],[-82.7547331,27.7389962]]],[[[-82.4137755,27.766323],[-82.4079965,27.7737758],[-82.4137755,27.7737758],[-82.4137755,27.7688073],[-82.4137755,27.766323]]],[[[-82.760512,27.7588703],[-82.7547331,27.766323],[-82.7547331,27.7712916],[-82.760512,27.7712916],[-82.760512,27.7588703]]],[[[-82.7547331,27.7539017],[-82.7489541,27.7588703],[-82.7431752,27.7712916],[-82.7489541,27.7712916],[-82.7547331,27.7539017]]],[[[-82.760512,27.7588703],[-82.7431752,27.7191221],[-82.7373963,27.6818582],[-82.7373963,27.7191221],[-82.7258384,27.7116693],[-82.7431752,27.7290591],[-82.7316173,27.7340276],[-82.7431752,27.7340276],[-82.760512,27.7588703]]],[[[-82.7431752,27.7464489],[-82.7489541,27.7514175],[-82.7489541,27.7539017],[-82.7489541,27.7489332],[-82.7431752,27.7464489]]],[[[-82.6275963,27.7191221],[-82.6275963,27.7340276],[-82.6275963,27.7414804],[-82.6391542,27.7365119],[-82.6275963,27.7191221]]],[[[-82.7316173,27.7216063],[-82.7258384,27.7240906],[-82.7316173,27.7240906],[-82.7316173,27.7216063]]],[[[-82.7085015,27.7141536],[-82.6969437,27.7166378],[-82.6969437,27.7191221],[-82.7085015,27.7141536]]],[[[-82.7142805,27.6942795],[-82.7085015,27.7116693],[-82.7085015,27.7166378],[-82.7200594,27.7141536],[-82.7142805,27.6942795]]],[[[-82.6969437,27.709185],[-82.6969437,27.7141536],[-82.7027226,27.7141536],[-82.6969437,27.7116693],[-82.6969437,27.709185]]],[[[-82.6969437,27.709185],[-82.7085015,27.709185],[-82.7027226,27.7067008],[-82.6969437,27.709185]]],[[[-82.7316173,27.6942795],[-82.7316173,27.6967637],[-82.7258384,27.709185],[-82.7373963,27.7017323],[-82.7316173,27.6942795]]],[[[-82.7142805,27.652047],[-82.7200594,27.6917952],[-82.7258384,27.6942795],[-82.7316173,27.6669526],[-82.7142805,27.652047]]],[[[-82.7373963,27.6122989],[-82.7027226,27.6247202],[-82.6969437,27.6396257],[-82.7373963,27.6445943],[-82.7373963,27.6122989]]],[[[-82.7547331,27.575035],[-82.760512,27.6023618],[-82.766291,27.5899405],[-82.760512,27.5800035],[-82.7547331,27.575035]]],[[[-82.6218174,27.5228655],[-82.6044806,27.5402553],[-82.6449332,27.5328025],[-82.6275963,27.5303183],[-82.6218174,27.5228655]]],[[[-82.6911647,27.4458534],[-82.7085015,27.5228655],[-82.7489541,27.5377711],[-82.7142805,27.5005071],[-82.6911647,27.4458534]]],[[[-82.5871437,27.3290932],[-82.6160385,27.3787784],[-82.6911647,27.4408849],[-82.6853858,27.4334321],[-82.5871437,27.3290932]]],[[[-82.5698069,27.2967978],[-82.5755859,27.3365459],[-82.5871437,27.3266089],[-82.5871437,27.3216404],[-82.5698069,27.2967978]]],[[[-82.564028,27.3216404],[-82.558249,27.3216404],[-82.558249,27.3290932],[-82.564028,27.3266089],[-82.564028,27.3216404]]],[[[-82.564028,27.3166719],[-82.558249,27.3216404],[-82.564028,27.3216404],[-82.564028,27.3191561],[-82.564028,27.3166719]]],[[[-82.564028,27.3166719],[-82.558249,27.3117033],[-82.558249,27.3166719],[-82.564028,27.3166719]]],[[[-82.5120175,27.2098487],[-82.5524701,27.2918293],[-82.5466911,27.3042506],[-82.558249,27.3042506],[-82.5698069,27.2794079],[-82.5120175,27.2098487]]],[[[-82.4715649,27.1129625],[-82.4773438,27.1402894],[-82.5004596,27.1800375],[-82.5120175,27.2073644],[-82.4715649,27.1129625]]]]},"id":539},{"type":"Feature","properties":{"id":581,"name":"Terre Haute, IN","latitude":39.2814045,"tvperc":88.6,"dma":581,"cableperc":38.8,"adsperc":50.6,"longitude":-87.6904085},"geometry":{"type":"Polygon","coordinates":[[[-88.6954865,38.9156847],[-88.7012654,38.6051521],[-87.6494978,38.5678882],[-87.7419609,38.4138641],[-87.424119,38.5405614],[-86.6844143,38.5256558],[-86.6844143,39.166595],[-87.0542667,39.1690793],[-87.0542667,39.3429775],[-86.9444668,39.3429775],[-86.9386878,39.4721591],[-87.0138141,39.4746434],[-87.0080351,39.8671565],[-87.0889403,39.8671565],[-87.0889403,39.9541057],[-87.4356769,39.9565899],[-87.4067822,40.1280039],[-87.4876874,40.147878],[-87.5339189,39.8820621],[-87.938445,39.8795778],[-88.0077923,39.1740478],[-88.3603078,39.1715636],[-88.3603078,38.9107162],[-88.6954865,38.9156847]]]},"id":581},{"type":"Feature","properties":{"id":547,"name":"Toledo, OH","latitude":41.384993,"tvperc":88.4,"dma":547,"cableperc":63.6,"adsperc":25.1,"longitude":-83.7585085},"geometry":{"type":"MultiPolygon","coordinates":[[[[-83.881627,40.920483],[-83.881627,40.8186284],[-83.4944378,40.8186284],[-83.4944378,40.7018681],[-83.4424273,40.6869625],[-83.1130276,40.7018681],[-83.1130276,40.9925266],[-82.8298593,40.9974951],[-82.8471962,41.4297565],[-83.0379013,41.4645361],[-82.7085015,41.5365797],[-82.8356383,41.5887492],[-82.9338803,41.5142213],[-83.4539852,41.7328363],[-83.7602692,41.7228992],[-83.7718271,42.083117],[-84.3612792,42.07318],[-84.3612792,41.7055094],[-84.8062579,41.6955724],[-84.8062579,41.253374],[-84.3439424,41.2086573],[-84.3439424,40.9900423],[-84.4017318,40.9900423],[-84.3381635,40.8583765],[-83.881627,40.920483]]],[[[-82.8067436,41.7055094],[-82.8125225,41.7228992],[-82.8356383,41.7104779],[-82.8356383,41.7079937],[-82.8067436,41.7055094]]],[[[-82.8125225,41.6707298],[-82.7778489,41.6955724],[-82.8125225,41.6930881],[-82.8240804,41.6856353],[-82.8125225,41.6707298]]],[[[-82.8298593,41.6906038],[-82.8240804,41.6906038],[-82.8240804,41.6930881],[-82.8298593,41.6906038]]],[[[-82.8471962,41.6756983],[-82.8471962,41.6781825],[-82.8587541,41.6806668],[-82.8529751,41.6781825],[-82.8471962,41.6756983]]],[[[-82.8414172,41.6284973],[-82.8298593,41.6334658],[-82.7951857,41.6657612],[-82.8356383,41.6558242],[-82.8414172,41.6284973]]]]},"id":547},{"type":"Feature","properties":{"id":605,"name":"Topeka, KS","latitude":39.0201515,"tvperc":88.8,"dma":605,"cableperc":58.0,"adsperc":31.3,"longitude":-96.5557205},"geometry":{"type":"Polygon","coordinates":[[[-95.9596178,38.1704065],[-95.9596178,38.041225],[-95.5204182,38.0387407],[-95.5030813,39.0548033],[-95.1852395,39.0448663],[-95.1794605,39.4199896],[-95.5724287,39.4199896],[-95.5666497,39.6535101],[-95.3412709,39.6535101],[-95.3412709,39.9988224],[-97.3696799,40.0013066],[-97.3696799,39.6535101],[-97.9302374,39.6535101],[-97.9302374,39.3057136],[-97.3696799,39.3057136],[-97.3696799,39.1318154],[-96.9651539,39.1318154],[-96.8900277,38.870968],[-96.9304803,38.5231715],[-96.352586,38.5206873],[-96.3583649,38.1728908],[-95.9596178,38.1704065]]]},"id":605},{"type":"Feature","properties":{"id":540,"name":"Traverse City-Cadillac, MI","latitude":45.119199,"tvperc":86.9,"dma":540,"cableperc":45.5,"adsperc":41.7,"longitude":-84.9520115},"geometry":{"type":"MultiPolygon","coordinates":[[[[-85.8638044,46.6914205],[-85.8638044,45.9685006],[-85.6557625,45.9660164],[-85.4246048,46.1026507],[-85.0085209,46.0082488],[-84.7484684,45.8393191],[-84.6560053,46.0529655],[-84.5346475,45.9685006],[-83.9047427,45.9660164],[-84.0723321,46.0927137],[-84.0261005,46.1324618],[-84.2514793,46.1746943],[-84.182132,46.2492221],[-84.2225846,46.2914545],[-84.3034898,46.4877111],[-84.5808791,46.4131833],[-84.6328896,46.4852268],[-85.0316366,46.4877111],[-85.0258577,46.696389],[-84.9565104,46.7709168],[-85.5228468,46.6740307],[-85.8638044,46.6914205]]],[[[-84.1243426,46.3187814],[-84.1936899,46.4280889],[-84.1185636,46.515038],[-84.2168057,46.5349121],[-84.286153,46.4728055],[-84.1243426,46.3187814]]],[[[-84.3439424,46.4926796],[-84.3323845,46.4976482],[-84.3439424,46.5026167],[-84.3786161,46.5001324],[-84.3728371,46.5001324],[-84.3439424,46.4926796]]],[[[-84.1532373,46.2144424],[-84.1012268,46.2541906],[-84.2110267,46.3237499],[-84.2110267,46.286486],[-84.1532373,46.229348],[-84.1532373,46.2144424]]],[[[-83.5522272,45.9138469],[-83.471322,45.9883747],[-83.6331324,46.105135],[-83.881627,45.9734692],[-83.6273535,45.9585636],[-83.5522272,45.9138469]]],[[[-84.6155527,45.8467719],[-84.6097738,45.8616774],[-84.6444474,45.8840358],[-84.6502264,45.8591932],[-84.6155527,45.8467719]]],[[[-85.4939521,45.772244],[-85.4534995,45.7946024],[-85.5286257,45.829382],[-85.5344047,45.7995709],[-85.4939521,45.772244]]],[[[-84.4190687,45.7200746],[-84.3555003,45.772244],[-84.586658,45.8169607],[-84.4999739,45.7374644],[-84.4190687,45.7200746]]],[[[-85.3783732,45.7697598],[-85.3379206,45.7946024],[-85.3610364,45.8169607],[-85.401489,45.7772126],[-85.3783732,45.7697598]]],[[[-83.881627,45.2008641],[-83.3904168,45.2083169],[-83.4886588,45.3598568],[-84.078111,45.4865541],[-84.2168057,45.6356097],[-84.4768581,45.6554838],[-84.7311316,45.7871496],[-85.0142998,45.762307],[-84.9449525,45.7101375],[-85.1183208,45.5412078],[-84.9160578,45.3921522],[-85.3668153,45.2753919],[-85.3899311,44.9474695],[-85.5286257,44.7487287],[-85.5748573,44.76115],[-85.4766152,44.9921862],[-85.597973,44.7661185],[-85.6499835,44.8630047],[-85.5517415,45.2108011],[-85.8117939,44.9474695],[-86.0660674,44.9077214],[-86.0891832,44.7412759],[-86.2567725,44.6915907],[-86.2683304,44.3462785],[-86.516825,44.0581042],[-86.4301408,43.8196152],[-85.5632994,43.8146467],[-85.5632994,43.4693344],[-85.0836471,43.4668502],[-85.0894261,43.8146467],[-84.6039948,43.8146467],[-84.6097738,44.1599589],[-84.3670582,44.1599589],[-84.3670582,44.5077554],[-83.8874059,44.5077554],[-83.881627,45.2008641]]],[[[-85.5632994,45.5710189],[-85.4881731,45.6082828],[-85.499731,45.7548542],[-85.5690783,45.7598227],[-85.6095309,45.6728736],[-85.6326467,45.5983458],[-85.5632994,45.5710189]]],[[[-85.6904361,45.695232],[-85.6384256,45.7424329],[-85.6904361,45.7474014],[-85.701994,45.7374644],[-85.6904361,45.695232]]],[[[-86.0024991,45.0542927],[-85.9793833,45.1387576],[-86.0487306,45.1586317],[-86.0602885,45.1039779],[-86.0024991,45.0542927]]],[[[-86.1354147,44.9971547],[-86.0776253,45.0294501],[-86.1180779,45.0493242],[-86.1411937,45.0418714],[-86.1354147,44.9971547]]]]},"id":540},{"type":"Feature","properties":{"id":531,"name":"Tri-Cities, TN-VA","latitude":36.732483,"tvperc":93.6,"dma":531,"cableperc":56.5,"adsperc":37.5,"longitude":-82.468517},"geometry":{"type":"MultiPolygon","coordinates":[[[[-81.3793447,36.9531188],[-81.4718077,37.0177096],[-81.7780917,36.9580873],[-81.8994495,37.1394384],[-81.7434181,37.2537144],[-81.9283442,37.3605376],[-81.9687968,37.5369201],[-82.355986,37.2661357],[-82.564028,37.1965764],[-82.8183015,37.2686199],[-83.0494592,37.1692495],[-83.0552381,37.0177096],[-83.1534802,36.9556031],[-82.9396593,37.0152253],[-82.8529751,36.9556031],[-82.8760909,36.8885281],[-83.072575,36.8537484],[-83.1361433,36.7419567],[-83.673585,36.6003538],[-82.8298593,36.592901],[-83.1245854,36.5109204],[-83.2806169,36.3941602],[-83.274838,36.3196324],[-83.1534802,36.3419907],[-83.0841328,36.2451045],[-83.170817,36.1556712],[-82.8992067,35.944509],[-82.8067436,35.9271192],[-82.6333753,36.0662378],[-82.558249,35.9544461],[-82.355986,36.115923],[-82.2115124,36.1581554],[-82.0785968,36.1035017],[-81.853218,36.3370222],[-81.7087444,36.3345379],[-81.6798497,36.5879325],[-81.5411551,36.7022085],[-81.2637658,36.764315],[-81.3793447,36.9531188]]],[[[-83.2054906,37.1767023],[-83.3961958,37.3207894],[-83.5522272,37.1667652],[-83.5117746,36.9382133],[-83.4077536,36.8910123],[-83.165038,37.0673948],[-83.2054906,37.1767023]]]]},"id":531},{"type":"Feature","properties":{"id":789,"name":"Tucson (Sierra Vista), AZ","latitude":31.923023,"tvperc":87.1,"dma":789,"cableperc":48.3,"adsperc":39.3,"longitude":-111.1907555},"geometry":{"type":"Polygon","coordinates":[[[-109.0489237,32.426796],[-110.4532069,32.426796],[-110.4532069,32.5137451],[-113.3311205,32.503808],[-113.3311205,32.0392513],[-111.0773327,31.331237],[-109.0489237,31.3337213],[-109.0489237,32.426796]]]},"id":789},{"type":"Feature","properties":{"id":671,"name":"Tulsa, OK","latitude":35.9900205,"tvperc":87.7,"dma":671,"cableperc":50.1,"adsperc":37.6,"longitude":-95.7685615},"geometry":{"type":"Polygon","coordinates":[[[-95.5146392,34.6800204],[-95.0581027,34.6800204],[-95.0581027,34.8539186],[-94.925187,34.943352],[-94.925187,35.2017151],[-94.8153871,35.2017151],[-94.8153871,35.3234439],[-95.0869974,35.4625625],[-95.12745,35.638945],[-94.4744295,35.638945],[-94.6189031,36.6674289],[-95.0003133,36.6699131],[-95.0060922,37.0003198],[-95.5204182,37.0003198],[-95.5204182,37.3828959],[-95.9653968,37.3853802],[-95.9653968,37.2984311],[-96.5259542,37.3033996],[-96.5259542,36.9978355],[-96.751333,36.9978355],[-96.751333,36.7817048],[-97.0633959,36.6823344],[-97.057617,36.592901],[-96.8900277,36.5755112],[-97.0345012,36.5059519],[-97.0345012,36.3345379],[-96.8206803,36.2475888],[-96.8206803,36.1581554],[-96.6241963,36.1606397],[-96.6241963,35.4004559],[-96.4392701,35.467531],[-96.4392701,35.2911485],[-95.9827336,35.2886642],[-95.9827336,35.1520299],[-96.0867546,35.0501752],[-96.0925335,34.6800204],[-95.8844916,34.6800204],[-95.8844916,34.5930712],[-95.7457969,34.5930712],[-95.5146392,34.5930712],[-95.5146392,34.6800204]]]},"id":671},{"type":"Feature","properties":{"id":760,"name":"Twin Falls, ID","latitude":42.994495,"tvperc":80.9,"dma":760,"cableperc":34.4,"adsperc":47.2,"longitude":-114.043651},"geometry":{"type":"Polygon","coordinates":[[[-113.0017207,41.9986522],[-113.0017207,42.5874219],[-113.2386574,42.6246858],[-113.180868,42.7613202],[-113.2386574,42.7613202],[-113.2444363,42.8482693],[-113.2444363,43.1116009],[-113.0074997,43.1116009],[-113.0074997,43.2854992],[-113.3600152,43.2854992],[-113.3600152,43.3674798],[-113.6374045,43.3674798],[-113.5911729,43.4668502],[-113.7009728,43.5836104],[-113.8049938,43.5711891],[-114.0014779,43.7649615],[-114.1054988,43.7426031],[-114.290425,43.8866902],[-114.4869091,43.9040801],[-114.5620353,43.8444578],[-114.8163088,43.9289227],[-114.8163088,43.9935134],[-114.9723403,43.9388597],[-114.9723403,43.8494263],[-114.70073,43.8047096],[-114.6833931,43.5910632],[-114.5158038,43.4916928],[-114.5331406,43.3327001],[-114.394446,43.3252473],[-114.3771092,43.19855],[-115.0879191,43.19855],[-115.0359087,41.9961679],[-113.0017207,41.9986522]]]},"id":760},{"type":"Feature","properties":{"id":709,"name":"Tyler-Longview(Lufkin & Nacogdoches), TX","latitude":32.1070105,"tvperc":91.3,"dma":709,"cableperc":38.0,"adsperc":53.7,"longitude":-94.8806935},"geometry":{"type":"Polygon","coordinates":[[[-94.8442818,31.1474017],[-94.5611136,31.0579684],[-94.0410088,31.1200749],[-93.9832193,31.5697261],[-94.3993032,31.6566752],[-94.5091031,31.9746605],[-94.6015662,31.9721763],[-94.4917663,32.3945006],[-94.6998083,32.4218274],[-94.6709135,32.836699],[-94.722924,32.903774],[-95.1505658,32.9012897],[-95.12745,33.3906891],[-95.3008183,33.3832363],[-95.3065973,32.9633963],[-95.6648917,32.960912],[-95.5955444,32.4789654],[-95.4452919,32.3522681],[-95.4452919,31.8429947],[-95.2603657,31.6094742],[-95.2719236,31.5920844],[-95.6533339,31.5423992],[-95.740018,31.502651],[-95.6533339,31.3237842],[-95.7746917,31.1200749],[-95.6302181,31.0505156],[-95.6822286,30.9859248],[-95.635997,30.9263025],[-95.433734,31.0579684],[-95.3990604,30.8592275],[-95.2488078,30.9064285],[-95.2025763,30.8244479],[-94.8442818,31.1474017]]]},"id":709},{"type":"Feature","properties":{"id":526,"name":"Utica, NY","latitude":43.205527,"tvperc":92.5,"dma":526,"cableperc":75.7,"adsperc":17.4,"longitude":-75.026249},"geometry":{"type":"Polygon","coordinates":[[[-75.4154755,42.3141533],[-74.7104444,42.5178626],[-74.6295392,42.6271701],[-74.6468761,42.8283952],[-74.7624549,42.8631749],[-74.7104444,43.2854992],[-74.8664759,43.3401529],[-74.7740128,43.4867243],[-74.854918,44.0705255],[-75.1727599,44.0978524],[-75.1091915,43.6159058],[-75.2247704,43.5612521],[-75.2189914,43.4022594],[-75.3865808,43.302889],[-75.2998966,43.2258769],[-75.4212544,43.1737074],[-75.2421072,42.8333637],[-75.4039176,42.5079256],[-75.4154755,42.3141533]]]},"id":526},{"type":"Feature","properties":{"id":626,"name":"Victoria, TX","latitude":28.805652,"tvperc":90.7,"dma":626,"cableperc":60.6,"adsperc":30.9,"longitude":-96.973793},"geometry":{"type":"Polygon","coordinates":[[[-96.8900277,28.5066327],[-96.9304803,28.586129],[-96.6415331,28.7177949],[-96.8322382,29.0208746],[-96.9767118,29.1028552],[-97.3061115,28.8469764],[-97.2020906,28.8544292],[-97.161638,28.7823856],[-97.161638,28.5513494],[-96.8900277,28.5066327]]]},"id":626},{"type":"Feature","properties":{"id":625,"name":"Waco-Temple-Bryan, TX","latitude":31.0795205,"tvperc":91.3,"dma":625,"cableperc":52.9,"adsperc":38.8,"longitude":-97.3521605},"geometry":{"type":"Polygon","coordinates":[[[-95.6533339,31.3237842],[-95.740018,31.5051353],[-95.740018,31.6541909],[-96.2370071,31.4132176],[-96.4970595,31.7957938],[-96.7166594,31.8156679],[-96.9304803,31.7088446],[-97.0345012,31.8628688],[-97.6066166,31.5871159],[-97.6875218,31.7113289],[-98.271195,31.4157019],[-98.4907949,31.7237502],[-98.7624052,31.6889706],[-98.779742,31.6094742],[-99.0918049,31.4604186],[-99.0918049,30.921334],[-98.4445633,30.921334],[-98.4387844,31.0306415],[-97.9129006,31.03561],[-97.8262164,30.911397],[-97.2714379,30.7350145],[-97.155859,30.4567773],[-96.9651539,30.5561477],[-96.6762068,30.2953003],[-96.1965545,30.397155],[-96.1561019,30.33008],[-96.0809756,30.4319347],[-96.1907756,30.5983801],[-96.1676598,30.8219636],[-95.6128813,30.9188498],[-95.6822286,30.9859248],[-95.6302181,31.0505156],[-95.7746917,31.1200749],[-95.6533339,31.3237842]]]},"id":625},{"type":"Feature","properties":{"id":511,"name":"Washington, DC (Hagerstown, MD)","latitude":39.127683,"tvperc":94.1,"dma":511,"cableperc":69.7,"adsperc":25.1,"longitude":-77.904362},"geometry":{"type":"MultiPolygon","coordinates":[[[[-76.8775481,38.1256898],[-76.6406114,37.9666972],[-76.5192536,38.0437092],[-76.6117167,38.1480482],[-76.6463903,38.1480482],[-76.6521693,38.0958787],[-76.6984008,38.1604695],[-76.7330745,38.098363],[-76.7677481,38.1679223],[-77.0104638,38.2002177],[-76.9642322,38.2573557],[-77.0740321,38.3070409],[-77.0162427,38.3592103],[-76.8313165,38.2747455],[-76.9180007,38.39399],[-76.8024218,38.3592103],[-76.779306,38.2275445],[-76.7215166,38.3120094],[-76.6984008,38.2846825],[-76.7215166,38.232513],[-76.6290535,38.2846825],[-76.6290535,38.2598399],[-76.6868429,38.232513],[-76.5539273,38.2101547],[-76.5308115,38.1331426],[-76.5076957,38.1704065],[-76.4614642,38.1281741],[-76.4499063,38.212639],[-76.4094537,38.1728908],[-76.4036747,38.1604695],[-76.4441273,38.1505324],[-76.4325695,38.1207213],[-76.4152326,38.1058158],[-76.3227695,38.0362565],[-76.37478,38.2971038],[-76.5134747,38.3244307],[-76.7041798,38.4983289],[-76.6695061,38.6175734],[-76.6463903,38.4685178],[-76.5076957,38.3890215],[-76.4845799,38.4436752],[-76.4845799,38.3293992],[-76.4210116,38.3194622],[-76.380559,38.3840529],[-76.5076957,38.5107502],[-76.5308115,38.7119754],[-76.6984008,38.7492393],[-76.6984008,38.9827598],[-77.1664952,39.3131664],[-77.1087058,39.4920332],[-77.3109688,39.6386046],[-77.2185057,39.7205852],[-77.4612213,39.7205852],[-77.4554424,39.9714955],[-77.6692633,40.2894808],[-77.8599684,40.0609289],[-78.1315787,40.1652678],[-78.3800732,39.7230694],[-78.9290728,39.7230694],[-79.113999,39.4324109],[-79.4896303,39.2063432],[-79.4665145,39.1790163],[-79.3047041,39.2088275],[-79.3567146,38.9653699],[-79.0562096,38.7616606],[-78.9926412,38.8510939],[-78.6401257,38.6051521],[-78.6921362,38.5107502],[-78.5476626,38.4262854],[-78.4840942,38.4213169],[-78.3396206,38.6275105],[-78.1200208,38.4411909],[-78.102684,38.3120094],[-77.894642,38.3890215],[-77.7097159,38.3666631],[-77.9524315,38.1182371],[-77.6577054,37.9915398],[-77.3398635,38.2523871],[-77.0624742,38.1604695],[-77.0278006,38.0909102],[-76.8775481,38.1256898]]],[[[-76.8428744,38.2548714],[-76.8428744,38.2648084],[-76.8659902,38.269777],[-76.8486533,38.2573557],[-76.8428744,38.2548714]]],[[[-76.4730221,38.1033315],[-76.4730221,38.1182371],[-76.4961378,38.1356269],[-76.4961378,38.1331426],[-76.478801,38.1157528],[-76.4730221,38.1033315]]]]},"id":511},{"type":"Feature","properties":{"id":549,"name":"Watertown, NY","latitude":44.217164,"tvperc":93.0,"dma":549,"cableperc":69.8,"adsperc":23.8,"longitude":-75.4894475},"geometry":{"type":"MultiPolygon","coordinates":[[[[-74.6410971,44.952438],[-74.8029075,45.0145446],[-74.9704969,44.9822492],[-75.4154755,44.7735713],[-75.7390963,44.5350823],[-75.866233,44.351247],[-76.3632221,44.112758],[-76.2938748,44.0581042],[-76.276538,43.9612181],[-76.2014117,44.0258088],[-76.276538,44.0531357],[-76.1262855,44.0630727],[-76.2071907,43.9761236],[-76.068496,43.9686708],[-76.2071907,43.8494263],[-76.2129696,43.9015958],[-76.2996538,43.8568791],[-76.2014117,43.6804966],[-75.77377,43.6879494],[-75.7564331,43.4693344],[-75.5310543,43.4196492],[-75.1091915,43.6159058],[-75.1727599,44.0978524],[-75.06296,44.0506514],[-74.5370762,44.1003366],[-74.6410971,44.952438]],[[-76.0627171,44.2518765],[-76.068496,44.2518765],[-76.0511592,44.2593293],[-76.0511592,44.2568451],[-76.0627171,44.2518765]],[[-76.0800539,44.2444238],[-76.0800539,44.246908],[-76.074275,44.246908],[-76.0800539,44.2444238]]],[[[-76.0280434,44.2841719],[-75.9413593,44.3264044],[-75.9182435,44.3686368],[-76.0569382,44.3264044],[-76.0280434,44.2841719]]],[[[-76.1320644,44.2493923],[-76.0800539,44.2742349],[-76.074275,44.3114988],[-76.1494012,44.2866562],[-76.1320644,44.2493923]]],[[[-76.0569382,44.2841719],[-76.0453803,44.2891405],[-76.0453803,44.2965932],[-76.0511592,44.2916247],[-76.0569382,44.2841719]]],[[[-76.3054327,44.1674117],[-76.2649801,44.179833],[-76.2938748,44.18977],[-76.3112117,44.179833],[-76.3112117,44.1698959],[-76.3054327,44.1674117]]],[[[-76.37478,44.0332616],[-76.3516643,44.0382301],[-76.3401064,44.0531357],[-76.3690011,44.0506514],[-76.37478,44.0332616]]],[[[-76.3227695,44.0307774],[-76.3169906,44.0506514],[-76.3285485,44.0431987],[-76.3401064,44.0332616],[-76.3227695,44.0307774]]],[[[-76.4441273,43.8866902],[-76.4036747,43.9015958],[-76.37478,43.9214699],[-76.4094537,43.9189856],[-76.4441273,43.8866902]]],[[[-76.3574432,43.8792375],[-76.3285485,43.8817217],[-76.2996538,43.9189856],[-76.3112117,43.9140171],[-76.3169906,43.9040801],[-76.3458853,43.894143],[-76.3574432,43.8792375]]]]},"id":549},{"type":"Feature","properties":{"id":705,"name":"Wausau-Rhinelander, WI","latitude":44.9711405,"tvperc":84.1,"dma":705,"cableperc":46.0,"adsperc":38.5,"longitude":-89.6752625},"geometry":{"type":"Polygon","coordinates":[[[-89.5970016,43.9810921],[-89.5970016,44.246908],[-89.2271492,44.2444238],[-89.2213703,45.0294501],[-88.9844336,45.0294501],[-88.9844336,45.1188835],[-88.643476,45.1163992],[-88.6781497,45.3797309],[-88.4296551,45.3772466],[-88.4238762,45.7225588],[-88.6781497,45.7225588],[-88.6839286,46.0132173],[-89.9264013,46.2989073],[-89.9264013,45.9809219],[-90.6776639,45.9809219],[-90.6776639,45.3772466],[-90.9261585,45.3797309],[-90.9261585,45.0319344],[-90.3135905,45.0344186],[-90.3193695,44.2493923],[-89.9032856,44.2493923],[-90.0246434,44.0680413],[-89.7877067,43.6432327],[-89.6027805,43.6432327],[-89.5970016,43.9810921]]]},"id":705},{"type":"Feature","properties":{"id":548,"name":"West Palm Beach-Ft. Pierce, FL","latitude":27.096694,"tvperc":96.8,"dma":548,"cableperc":71.6,"adsperc":26.8,"longitude":-80.6271745},"geometry":{"type":"MultiPolygon","coordinates":[[[[-80.3102402,27.4856016],[-80.2871244,27.4731803],[-80.3853665,27.7414804],[-80.4489348,27.8607249],[-80.3622507,27.6694369],[-80.3102402,27.4856016]]],[[[-80.8707977,27.1477421],[-80.8823556,26.3329047],[-80.0733035,26.3353889],[-80.0501878,26.8645364],[-80.1599877,27.1626477],[-80.1946613,27.1452579],[-80.2004403,27.1527107],[-80.1946613,27.1626477],[-80.1946613,27.165132],[-80.2062192,27.1725847],[-80.2004403,27.1725847],[-80.2004403,27.175069],[-80.2004403,27.1725847],[-80.1946613,27.1800375],[-80.2177771,27.2048801],[-80.2582297,27.1551949],[-80.3217981,27.2396598],[-80.2119982,27.2148172],[-80.1888824,27.175069],[-80.3160191,27.4284636],[-80.3911454,27.6843424],[-80.4893874,27.8532722],[-80.8823556,27.823461],[-80.8707977,27.64211],[-81.142408,27.64211],[-81.2117553,27.527834],[-80.8707977,27.1477421]]],[[[-80.4142612,27.7539017],[-80.4142612,27.7613545],[-80.4200401,27.7613545],[-80.4200401,27.7539017],[-80.4142612,27.7539017]]],[[[-80.3969243,27.7240906],[-80.3969243,27.7340276],[-80.4142612,27.756386],[-80.4142612,27.7389962],[-80.3969243,27.7240906]]],[[[-80.3911454,27.7116693],[-80.3911454,27.7166378],[-80.3911454,27.7216063],[-80.3969243,27.7191221],[-80.3911454,27.7116693]]],[[[-80.1542087,27.1701005],[-80.2871244,27.470696],[-80.2986823,27.470696],[-80.3160191,27.460759],[-80.2929034,27.460759],[-80.2582297,27.3489672],[-80.1542087,27.1701005]]],[[[-80.0444088,26.5614566],[-80.0386299,26.5664251],[-80.0444088,26.5664251],[-80.0444088,26.5614566]]]]},"id":548},{"type":"Feature","properties":{"id":554,"name":"Wheeling, WV-Steubenville, OH","latitude":39.96655,"tvperc":93.2,"dma":554,"cableperc":69.8,"adsperc":24.6,"longitude":-81.0435735},"geometry":{"type":"Polygon","coordinates":[[[-81.6971865,39.7553648],[-81.6393971,39.7528806],[-81.5873866,39.5864351],[-81.4718077,39.5839508],[-81.4544709,39.6460573],[-81.038387,39.5715295],[-81.1192922,39.4572535],[-81.0268291,39.4671906],[-81.0094923,39.3454618],[-80.9054713,39.3777572],[-80.8881345,39.2932923],[-80.7147662,39.4299267],[-80.5182822,39.4348952],[-80.4951664,39.576498],[-80.3911454,39.6435731],[-80.4084822,39.7181009],[-80.5182822,39.7205852],[-80.5182822,40.6397616],[-80.8592398,40.6000134],[-80.940145,40.4236309],[-81.2695447,40.433568],[-81.3388921,40.214953],[-81.6682918,40.2224058],[-81.6971865,39.7553648]]]},"id":554},{"type":"Feature","properties":{"id":627,"name":"Wichita Falls, TX-Lawton, OK","latitude":33.9059285,"tvperc":90.7,"dma":627,"cableperc":42.5,"adsperc":48.8,"longitude":-99.039775},"geometry":{"type":"Polygon","coordinates":[[[-100.5192039,33.8353717],[-100.5192039,33.3981419],[-99.4732152,33.3981419],[-99.4732152,32.9559435],[-98.4272265,32.9534592],[-98.4214475,33.4677012],[-97.9764689,33.4677012],[-97.9764689,33.8900255],[-97.8319954,33.8577301],[-97.670185,33.9918802],[-97.560385,33.8999625],[-97.560385,34.6800204],[-98.0862689,34.6800204],[-98.0920478,34.8539186],[-98.8259736,34.8564029],[-98.8259736,34.5930712],[-99.1033628,34.6377879],[-99.0397944,34.6899574],[-99.1611523,34.7098315],[-99.184268,34.8588871],[-99.4038679,34.8141704],[-99.4212047,34.724737],[-99.6696992,34.724737],[-99.6639203,34.5061221],[-99.999099,34.5607758],[-100.0511095,33.8353717],[-100.5192039,33.8353717]]]},"id":627},{"type":"Feature","properties":{"id":678,"name":"Wichita-Hutchinson, KS Plus","latitude":38.672948,"tvperc":88.4,"dma":678,"cableperc":60.7,"adsperc":28.1,"longitude":-99.005353},"geometry":{"type":"Polygon","coordinates":[[[-95.9653968,37.2984311],[-95.9596178,37.3878644],[-95.9596178,38.1704065],[-96.3583649,38.1728908],[-96.352586,38.5206873],[-96.9304803,38.5231715],[-96.8900277,38.870968],[-96.9651539,39.1318154],[-97.3696799,39.1318154],[-97.3696799,39.3057136],[-97.9302374,39.3057136],[-97.9302374,39.566561],[-99.6292466,39.566561],[-99.6234677,40.0013066],[-101.3224769,40.0037909],[-101.3224769,40.3515874],[-102.0506237,40.3491031],[-102.0390659,37.3903487],[-101.5594136,37.3878644],[-101.5536346,36.9953513],[-96.5259542,36.9978355],[-96.5259542,37.3033996],[-95.9653968,37.2984311]]]},"id":678},{"type":"Feature","properties":{"id":577,"name":"Wilkes Barre-Scranton, PA","latitude":41.2488125,"tvperc":94.4,"dma":577,"cableperc":61.8,"adsperc":33.2,"longitude":-76.530153},"geometry":{"type":"Polygon","coordinates":[[[-77.9871051,41.4744732],[-78.0911261,41.2161101],[-78.0391156,41.1540035],[-77.900421,41.253374],[-77.894642,41.1763619],[-77.5710212,41.0670544],[-77.5074529,40.9627155],[-77.1433794,41.0446961],[-77.3629793,40.8484395],[-77.3572003,40.7018681],[-77.0393585,40.6795098],[-76.9180007,40.6024977],[-76.7041798,40.6571514],[-76.4383484,40.4956745],[-76.0164856,40.5726866],[-75.9933698,40.6397616],[-75.6870858,40.7739117],[-75.2883387,40.8633451],[-74.9647179,41.0943813],[-75.1554231,41.149035],[-75.1265283,41.253374],[-75.3576861,41.2384684],[-75.3519071,41.36765],[-75.265223,41.3751027],[-75.0456231,41.616076],[-75.0745178,41.8148169],[-75.259444,41.8620178],[-75.3576861,41.9986522],[-76.9295586,42.0011364],[-76.8775481,41.5912334],[-77.9871051,41.4744732]]]},"id":577},{"type":"Feature","properties":{"id":550,"name":"Wilmington, NC","latitude":34.3480385,"tvperc":92.1,"dma":550,"cableperc":62.4,"adsperc":30.2,"longitude":-78.294559},"geometry":{"type":"MultiPolygon","coordinates":[[[[-79.0735464,34.2999285],[-78.5765573,33.8800884],[-78.2182628,33.952132],[-78.0217788,33.9173523],[-77.9293157,34.0241755],[-77.9350946,33.9297736],[-77.8715263,34.076345],[-77.8830841,34.076345],[-77.894642,34.0365969],[-77.8830841,34.0987034],[-77.8252947,34.2055266],[-77.7328316,34.3123498],[-77.6750422,34.3645193],[-77.5363476,34.4564369],[-77.6808211,34.7197685],[-78.1142419,34.7222528],[-78.2529365,34.5533231],[-78.4956521,34.8564029],[-78.9001781,34.8340445],[-78.807715,34.6899574],[-78.8423887,34.5086064],[-79.0735464,34.2999285]]],[[[-77.5190107,34.4415313],[-77.5883581,34.4142045],[-77.6519264,34.3471294],[-77.6461475,34.3496137],[-77.5190107,34.4415313]]],[[[-77.7097159,34.2974442],[-77.6808211,34.3322239],[-77.6577054,34.3471294],[-77.698158,34.3446452],[-77.7097159,34.2974442]]],[[[-77.7270527,34.29496],[-77.7097159,34.3073813],[-77.7154948,34.3222868],[-77.7328316,34.304897],[-77.7270527,34.29496]]],[[[-77.7675053,34.2527275],[-77.7617263,34.2452747],[-77.7154948,34.2924757],[-77.7443895,34.29496],[-77.7501685,34.2626646],[-77.7559474,34.257696],[-77.7675053,34.2527275]]],[[[-77.7675053,34.2527275],[-77.7559474,34.2651488],[-77.7790632,34.247759],[-77.7732842,34.2452747],[-77.7675053,34.2527275]]],[[[-77.8137368,34.1856525],[-77.7675053,34.2452747],[-77.8079579,34.2204321],[-77.7906211,34.2179479],[-77.8137368,34.1856525]]],[[[-77.8021789,34.2055266],[-77.7964,34.2179479],[-77.8137368,34.2179479],[-77.8137368,34.2154636],[-77.8021789,34.2055266]]],[[[-77.8830841,34.0788293],[-77.8715263,34.0788293],[-77.8137368,34.180684],[-77.8599684,34.1434201],[-77.8830841,34.0788293]]],[[[-78.0159998,33.8875412],[-78.0564524,33.9198366],[-78.2355997,33.9173523],[-78.2355997,33.9123838],[-78.1200208,33.9098996],[-78.0159998,33.8875412]]],[[[-78.3685154,33.8999625],[-78.2355997,33.9074153],[-78.2355997,33.9198366],[-78.3800732,33.904931],[-78.3685154,33.8999625]]],[[[-77.9582104,33.8403403],[-77.9466525,33.9173523],[-77.9697683,33.8776042],[-78.0102209,33.8676671],[-77.9582104,33.8403403]]],[[[-78.4725363,33.8751199],[-78.3916311,33.8974783],[-78.3858522,33.904931],[-78.4378627,33.894994],[-78.4725363,33.8751199]]],[[[-77.9697683,33.8800884],[-77.9871051,33.8925097],[-77.9813262,33.8875412],[-77.9813262,33.885057],[-77.9697683,33.8800884]]],[[[-78.4840942,33.8875412],[-78.4783153,33.8776042],[-78.4725363,33.8825727],[-78.4725363,33.8875412],[-78.4840942,33.8875412]]],[[[-78.4840942,33.8875412],[-78.501431,33.8825727],[-78.4956521,33.8825727],[-78.4898732,33.8776042],[-78.4840942,33.8875412]]],[[[-78.5303258,33.8577301],[-78.4840942,33.8751199],[-78.5187679,33.8776042],[-78.5129889,33.8726357],[-78.5303258,33.8577301]]],[[[-78.5418836,33.8751199],[-78.5418836,33.8602143],[-78.5361047,33.8651829],[-78.5187679,33.8676671],[-78.5418836,33.8751199]]],[[[-78.5418836,33.8751199],[-78.5592205,33.8651829],[-78.5418836,33.8602143],[-78.5476626,33.8651829],[-78.5418836,33.8751199]]],[[[-78.5418836,33.8502773],[-78.5303258,33.8552458],[-78.5245468,33.8626986],[-78.5418836,33.8577301],[-78.5418836,33.8502773]]]]},"id":550},{"type":"Feature","properties":{"id":810,"name":"Yakima-Pasco-Richland-Kennewick, WA","latitude":46.29578,"tvperc":85.4,"dma":810,"cableperc":37.6,"adsperc":48.3,"longitude":-119.748852},"geometry":{"type":"Polygon","coordinates":[[[-119.6706209,44.9946705],[-118.5206113,44.9971547],[-118.549506,45.1958956],[-118.653527,45.1958956],[-118.6997585,45.3449512],[-118.4281482,45.3548883],[-118.4050324,45.4418374],[-118.1160853,45.4716485],[-118.1160853,45.6877792],[-118.046738,45.8169607],[-117.9716117,45.8169607],[-117.9889485,46.2069897],[-118.243222,46.2939388],[-118.2085484,46.7386214],[-119.3701159,46.7361372],[-119.3701159,46.6789992],[-119.5145895,46.7262001],[-119.6243894,46.6442195],[-119.8959997,46.6317982],[-119.971126,46.7237159],[-119.9248944,46.810665],[-120.0404733,47.0715124],[-120.0115786,47.2255365],[-120.5663571,47.3075171],[-120.9073147,47.4242774],[-121.1153567,47.5981756],[-121.2309355,47.5658802],[-121.4678722,47.3671394],[-121.3465144,47.2826745],[-121.3002829,47.1485244],[-121.4100828,47.1187133],[-121.3754091,47.0541225],[-121.5256616,46.8727715],[-121.3522933,46.7137788],[-121.4563143,46.5200065],[-121.3927459,46.3908249],[-121.5256616,46.3883407],[-121.5256616,46.0430285],[-119.867105,46.0405442],[-119.867105,45.8368348],[-120.0000207,45.8119922],[-120.0057996,45.2580021],[-119.7573051,45.1685687],[-119.7919787,44.9946705],[-119.6706209,44.9946705]]]},"id":810},{"type":"Feature","properties":{"id":536,"name":"Youngstown, OH","latitude":41.0505515,"tvperc":89.0,"dma":536,"cableperc":64.0,"adsperc":25.4,"longitude":-80.543523},"geometry":{"type":"Polygon","coordinates":[[[-79.9981773,41.4893787],[-80.5182822,41.4993158],[-81.0037134,41.5018],[-80.9979344,40.9875581],[-81.0846186,40.9875581],[-81.0846186,40.7267107],[-80.9170292,40.7267107],[-80.8592398,40.6000134],[-80.5182822,40.6397616],[-80.5182822,41.1241924],[-80.0964193,41.0695387],[-79.9981773,41.1713934],[-79.9981773,41.4893787]]]},"id":536},{"type":"Feature","properties":{"id":771,"name":"Yuma, AZ-El Centro, CA","latitude":32.751631,"tvperc":81.3,"dma":771,"cableperc":38.3,"adsperc":43.8,"longitude":-114.7199745},"geometry":{"type":"Polygon","coordinates":[[[-113.3311205,32.503808],[-113.3311205,33.3782678],[-113.9552463,33.3782678],[-113.9552463,33.4652169],[-114.2673092,33.4627326],[-114.2673092,33.0304713],[-114.6024879,33.0255028],[-114.7065089,33.0876093],[-114.6718352,33.2590233],[-114.7296247,33.3012557],[-114.7238457,33.4055947],[-114.6256037,33.4329215],[-116.0876763,33.4254687],[-116.1050131,32.618084],[-114.7180668,32.7199387],[-114.8163088,32.493871],[-113.3311205,32.0392513],[-113.3311205,32.503808]]]},"id":771},{"type":"Feature","properties":{"id":596,"name":"Zanesville, OH","latitude":39.961236,"tvperc":94.3,"dma":596,"cableperc":70.3,"adsperc":24.1,"longitude":-81.9657085},"geometry":{"type":"Polygon","coordinates":[[[-81.6971865,39.7553648],[-81.7145234,40.1528465],[-82.1883967,40.1677521],[-82.2346282,39.9143575],[-82.159502,39.909389],[-82.1710598,39.8199556],[-82.0785968,39.7702704],[-81.6971865,39.7553648]]]},"id":596},{"type":"Feature","geometry":{"type":"MultiPolygon","coordinates":[[[[-179.137239,51.286006],[-179.113495,51.300801],[-179.094665,51.301229],[-179.075466,51.284619],[-179.069176,51.262874],[-179.07232,51.250963],[-179.097619,51.226135],[-179.126856,51.219862],[-179.136196,51.229216],[-179.14734,51.276781],[-179.137239,51.286006]]],[[[-178.992094,51.381311],[-178.977782,51.398929],[-178.964323,51.402492],[-178.926874,51.38364],[-178.914207,51.363992],[-178.908883,51.340582],[-178.954338,51.339247],[-178.95446,51.332731],[-178.965171,51.322682],[-178.979179,51.31438],[-178.987236,51.311038],[-178.990684,51.311648],[-178.992094,51.381311]]],[[[-177.827524,51.712086],[-177.826997,51.705972],[-177.841411,51.68956],[-177.856332,51.681015],[-177.86796,51.679374],[-177.876811,51.681411],[-177.887768,51.689483],[-177.899416,51.692557],[-177.902693,51.691581],[-177.918806,51.67439],[-177.928907,51.655368],[-177.929023,51.65052],[-177.92564,51.642481],[-177.915445,51.630684],[-177.903083,51.606497],[-177.906072,51.59767],[-177.909185,51.596671],[-177.930123,51.601499],[-177.944957,51.611539],[-177.950665,51.620001],[-177.953024,51.638175],[-177.957443,51.647149],[-177.963852,51.650231],[-178.069823,51.670676],[-178.086304,51.663618],[-178.109378,51.670461],[-178.117864,51.677831],[-178.104285,51.701539],[-178.021818,51.706906],[-177.962426,51.719772],[-177.956443,51.722862],[-177.947777,51.740381],[-177.946649,51.752681],[-177.950283,51.765682],[-177.956998,51.772541],[-177.965031,51.778162],[-177.995272,51.781535],[-178.039344,51.778925],[-178.059335,51.786829],[-178.08064,51.798739],[-178.086074,51.808047],[-178.172666,51.839985],[-178.215124,51.857801],[-178.224129,51.864881],[-178.227822,51.873526],[-178.224618,51.880675],[-178.220742,51.884841],[-178.19709,51.905464],[-178.175023,51.911584],[-178.145326,51.917216],[-178.124786,51.920093],[-178.090632,51.919399],[-178.070548,51.917408],[-178.061147,51.912539],[-178.002345,51.909968],[-177.963723,51.917919],[-177.952094,51.915348],[-177.913269,51.879748],[-177.924315,51.857522],[-177.921569,51.853883],[-177.859763,51.826944],[-177.852285,51.826045],[-177.759641,51.831195],[-177.691714,51.843975],[-177.615311,51.85508],[-177.614511,51.853033],[-177.625008,51.837529],[-177.649208,51.820727],[-177.685555,51.812745],[-177.692118,51.813897],[-177.735909,51.807991],[-177.797719,51.793297],[-177.800647,51.778294],[-177.796308,51.770831],[-177.813886,51.75428],[-177.842267,51.73248],[-177.842419,51.722645],[-177.838054,51.717198],[-177.827524,51.712086]]],[[[-178.828645,51.83615],[-178.819459,51.839575],[-178.811249,51.839018],[-178.788541,51.832602],[-178.767695,51.823179],[-178.748283,51.809942],[-178.733355,51.783947],[-178.750414,51.757752],[-178.776661,51.748612],[-178.792409,51.746071],[-178.808157,51.747078],[-178.815757,51.749176],[-178.873024,51.782623],[-178.870118,51.795261],[-178.858248,51.820966],[-178.828645,51.83615]]],[[[-176.72078,51.969518],[-176.698771,51.964454],[-176.63051,51.970352],[-176.627155,51.978294],[-176.603598,51.997056],[-176.589955,52.002741],[-176.579975,52.003238],[-176.560565,51.996732],[-176.554398,51.99066],[-176.544867,51.927245],[-176.554661,51.909834],[-176.558376,51.908725],[-176.566275,51.914702],[-176.568916,51.9213],[-176.565559,51.925862],[-176.569683,51.951324],[-176.575635,51.952641],[-176.578931,51.951328],[-176.582927,51.947964],[-176.616095,51.903013],[-176.620015,51.89563],[-176.623452,51.883205],[-176.625463,51.859824],[-176.576381,51.842275],[-176.543309,51.838624],[-176.517599,51.839557],[-176.507989,51.84597],[-176.398062,51.867842],[-176.311573,51.872463],[-176.290728,51.872136],[-176.287188,51.870313],[-176.281694,51.863919],[-176.26649,51.817716],[-176.268243,51.785498],[-176.273792,51.772019],[-176.289921,51.741678],[-176.343756,51.73152],[-176.474132,51.747208],[-176.497054,51.761426],[-176.509655,51.763326],[-176.51933,51.758482],[-176.582933,51.691822],[-176.608482,51.693349],[-176.70266,51.685404],[-176.713062,51.68333],[-176.735912,51.662154],[-176.751817,51.635017],[-176.801675,51.613488],[-176.809,51.616235],[-176.823682,51.634011],[-176.826252,51.640932],[-176.814437,51.66025],[-176.837514,51.682745],[-176.863062,51.684921],[-176.903184,51.635648],[-176.930952,51.59247],[-176.938917,51.590982],[-176.954147,51.592568],[-176.984331,51.602135],[-176.987383,51.606872],[-176.991322,51.629052],[-176.984489,51.657411],[-176.976249,51.6664],[-176.950128,51.686719],[-176.930872,51.697195],[-176.906884,51.696639],[-176.896966,51.700424],[-176.873924,51.724071],[-176.870997,51.72941],[-176.8707,51.731969],[-176.882018,51.766628],[-176.90503,51.771532],[-176.918065,51.788003],[-176.917088,51.797016],[-176.911016,51.807597],[-176.904302,51.811772],[-176.856205,51.818366],[-176.790163,51.817217],[-176.762478,51.867878],[-176.797799,51.908512],[-176.810433,51.927089],[-176.789558,51.957211],[-176.774023,51.965895],[-176.736549,51.969808],[-176.72078,51.969518]]],[[[-177.540393,51.698755],[-177.570973,51.69822],[-177.608055,51.705184],[-177.616753,51.703978],[-177.631523,51.696844],[-177.640524,51.672084],[-177.635883,51.659541],[-177.651386,51.653604],[-177.670951,51.66398],[-177.707802,51.703268],[-177.705261,51.70724],[-177.697662,51.713123],[-177.639983,51.736061],[-177.597498,51.726464],[-177.555197,51.721125],[-177.536977,51.72147],[-177.515591,51.724978],[-177.497974,51.738624],[-177.4612,51.750718],[-177.281479,51.784075],[-177.238175,51.79852],[-177.21193,51.812331],[-177.205675,51.820639],[-177.200825,51.844605],[-177.19912,51.883142],[-177.199764,51.924816],[-177.197506,51.931339],[-177.191399,51.938001],[-177.181271,51.943167],[-177.154842,51.944381],[-177.099266,51.936119],[-177.054768,51.908944],[-177.04509,51.898605],[-177.08101,51.855497],[-177.120377,51.839687],[-177.128617,51.833835],[-177.136977,51.814493],[-177.13096,51.762772],[-177.120581,51.739815],[-177.122808,51.729355],[-177.145675,51.707294],[-177.261631,51.680846],[-177.275121,51.68051],[-177.296369,51.684245],[-177.316501,51.690353],[-177.317888,51.693447],[-177.317939,51.696866],[-177.316353,51.700811],[-177.322977,51.711416],[-177.342784,51.721395],[-177.360408,51.727533],[-177.39076,51.733525],[-177.417678,51.730875],[-177.444717,51.725419],[-177.463577,51.713943],[-177.490005,51.705106],[-177.540393,51.698755]]],[[[-176.047892,51.846309],[-176.10107,51.810609],[-176.123965,51.802745],[-176.139622,51.802386],[-176.183142,51.807099],[-176.216957,51.812714],[-176.235544,51.823157],[-176.236246,51.825965],[-176.217544,51.874627],[-176.206069,51.883089],[-176.173871,51.882449],[-176.169751,51.880138],[-176.168775,51.87733],[-176.161052,51.869685],[-176.140908,51.859562],[-176.099137,51.855533],[-176.080442,51.858567],[-176.072225,51.867938],[-176.073431,51.870312],[-176.078865,51.874778],[-176.115489,51.887015],[-176.111452,51.889748],[-176.065288,51.902986],[-176.020182,51.911373],[-175.99265,51.912655],[-175.984993,51.908445],[-175.971562,51.888631],[-175.957546,51.893455],[-175.953251,51.881376],[-175.954287,51.868381],[-175.963041,51.846253],[-175.983742,51.852352],[-176.047892,51.846309]]],[[[-175.730011,51.933817],[-175.747438,51.9462],[-175.747836,51.950655],[-175.742618,51.966632],[-175.735477,51.973331],[-175.726245,51.975969],[-175.680144,51.96897],[-175.67264,51.972471],[-175.669707,51.972166],[-175.655056,51.966651],[-175.652493,51.964813],[-175.653194,51.961669],[-175.717436,51.933695],[-175.730011,51.933817]]],[[[-176.057085,51.967825],[-176.079181,51.968884],[-176.180356,52.000426],[-176.185086,52.005705],[-176.201935,52.040212],[-176.211855,52.065533],[-176.205324,52.076246],[-176.173155,52.102314],[-176.143914,52.116097],[-176.058103,52.106467],[-175.988653,52.035509],[-175.999044,52.025385],[-176.018089,52.020099],[-176.044001,52.009331],[-176.032156,51.993667],[-176.027546,51.99163],[-176.021839,51.984848],[-176.022663,51.980621],[-176.027667,51.975112],[-176.057085,51.967825]]],[[[-173.375595,52.106343],[-173.372574,52.10275],[-173.357498,52.096129],[-173.238295,52.100443],[-173.173206,52.109136],[-173.124504,52.10942],[-173.119255,52.107628],[-173.107373,52.09928],[-173.06643,52.09633],[-173.019588,52.097881],[-172.958523,52.093648],[-172.960751,52.087018],[-173.033166,52.074611],[-173.04754,52.073329],[-173.107933,52.078828],[-173.206837,52.063532],[-173.313705,52.058701],[-173.424178,52.046298],[-173.511915,52.031278],[-173.548385,52.029308],[-173.612014,52.051148],[-173.718,52.063069],[-173.799574,52.05365],[-173.816999,52.048538],[-173.820692,52.043312],[-173.831555,52.040763],[-173.901075,52.049435],[-173.937239,52.057513],[-173.935561,52.064731],[-173.97133,52.099428],[-173.992274,52.10059],[-174.001866,52.097641],[-174.011338,52.098862],[-174.035082,52.112952],[-174.04675,52.122403],[-174.052296,52.1304],[-174.048451,52.132911],[-174.036854,52.135878],[-173.984245,52.127855],[-173.890733,52.12547],[-173.830906,52.11045],[-173.824087,52.105892],[-173.818277,52.105363],[-173.802339,52.10639],[-173.721266,52.130207],[-173.654404,52.146192],[-173.624771,52.152213],[-173.602446,52.153773],[-173.59056,52.145393],[-173.514171,52.108348],[-173.49702,52.103641],[-173.467877,52.116423],[-173.375229,52.108228],[-173.375595,52.106343]]],[[[-174.451554,52.305557],[-174.455979,52.31369],[-174.45366,52.319367],[-174.443132,52.325654],[-174.432846,52.328004],[-174.384199,52.321139],[-174.367047,52.314105],[-174.358624,52.31419],[-174.340679,52.322284],[-174.331065,52.328465],[-174.3177,52.344869],[-174.320813,52.355726],[-174.330494,52.366439],[-174.329818,52.373548],[-174.324935,52.378095],[-174.185347,52.417788],[-174.155774,52.416041],[-174.068248,52.390331],[-174.016822,52.348537],[-173.989415,52.325275],[-173.985203,52.3176],[-173.986421,52.298565],[-173.987917,52.295345],[-174.036222,52.245011],[-174.060451,52.225326],[-174.084042,52.223677],[-174.106533,52.228392],[-174.177679,52.233638],[-174.182857,52.232762],[-174.198624,52.219244],[-174.200389,52.211861],[-174.196836,52.195856],[-174.1901,52.19032],[-174.175044,52.181835],[-174.135217,52.168514],[-174.090169,52.139119],[-174.082814,52.132069],[-174.080677,52.128026],[-174.0891,52.107251],[-174.09447,52.104274],[-174.102161,52.104534],[-174.109089,52.113117],[-174.11437,52.117107],[-174.142262,52.125452],[-174.206353,52.116554],[-174.218469,52.10488],[-174.302947,52.111325],[-174.334424,52.115198],[-174.348463,52.109245],[-174.365667,52.097238],[-174.382661,52.081658],[-174.411255,52.048757],[-174.45276,52.061047],[-174.507816,52.054955],[-174.508822,52.048623],[-174.556278,52.036733],[-174.580676,52.040453],[-174.593635,52.045247],[-174.615943,52.032665],[-174.71461,52.009863],[-174.736592,52.007308],[-174.783189,52.032293],[-174.885554,52.043001],[-174.967907,52.037203],[-175.000792,52.028354],[-175.014748,52.020584],[-175.014807,52.007],[-175.09551,52.000797],[-175.104889,52.003548],[-175.155673,52.011512],[-175.27485,52.018619],[-175.292821,52.01879],[-175.300639,52.01497],[-175.302683,52.011499],[-175.323322,52.007488],[-175.341624,52.021588],[-175.32707,52.027032],[-175.1959,52.051407],[-175.156744,52.057642],[-175.132635,52.059223],[-175.117115,52.054499],[-175.11768,52.053234],[-175.113721,52.046308],[-175.092867,52.034794],[-175.044344,52.057519],[-174.995237,52.061417],[-174.992309,52.058603],[-174.980497,52.061471],[-174.937497,52.078334],[-174.922299,52.09158],[-174.927549,52.101415],[-174.920042,52.109274],[-174.905409,52.116509],[-174.866725,52.103172],[-174.839715,52.091338],[-174.786809,52.091324],[-174.656294,52.107962],[-174.604871,52.122124],[-174.568402,52.138426],[-174.55708,52.153637],[-174.55467,52.160405],[-174.527081,52.17472],[-174.49688,52.179151],[-174.465189,52.180711],[-174.455707,52.176802],[-174.424054,52.169053],[-174.41529,52.169376],[-174.404588,52.18133],[-174.405464,52.18356],[-174.457804,52.202831],[-174.462962,52.213031],[-174.453746,52.218823],[-174.400139,52.219053],[-174.360631,52.212994],[-174.328599,52.211647],[-174.299044,52.21467],[-174.249848,52.243694],[-174.255832,52.274152],[-174.301818,52.278949],[-174.323471,52.28399],[-174.346089,52.285036],[-174.349404,52.281336],[-174.368754,52.280405],[-174.408277,52.289872],[-174.451554,52.305557]]],[[[-172.405243,52.389442],[-172.326444,52.366472],[-172.311427,52.356456],[-172.302393,52.342357],[-172.301445,52.329951],[-172.313133,52.320697],[-172.414419,52.27674],[-172.528095,52.254336],[-172.608935,52.253014],[-172.616839,52.255317],[-172.633153,52.266215],[-172.620261,52.298751],[-172.574154,52.345323],[-172.568051,52.34942],[-172.47461,52.383763],[-172.448182,52.391439],[-172.405243,52.389442]]],[[[-171.291387,52.514813],[-171.277165,52.522634],[-171.252053,52.529954],[-171.196013,52.500106],[-171.194639,52.498039],[-171.208919,52.469023],[-171.214565,52.4633],[-171.236843,52.450527],[-171.252316,52.449466],[-171.294554,52.451105],[-171.299348,52.448716],[-171.30417,52.449952],[-171.313083,52.472932],[-171.312658,52.493502],[-171.3075,52.501514],[-171.291387,52.514813]]],[[[-170.633753,52.697469],[-170.579913,52.682029],[-170.562734,52.674785],[-170.559523,52.667907],[-170.557324,52.652105],[-170.56361,52.640706],[-170.603862,52.601732],[-170.635419,52.595711],[-170.659041,52.593811],[-170.665266,52.59526],[-170.668075,52.600677],[-170.674453,52.603385],[-170.683854,52.602485],[-170.696488,52.598364],[-170.735824,52.580823],[-170.767378,52.558254],[-170.777143,52.546664],[-170.788495,52.54024],[-170.841936,52.558171],[-170.833364,52.599985],[-170.820641,52.633091],[-170.817943,52.636275],[-170.727717,52.679978],[-170.671545,52.698082],[-170.633753,52.697469]]],[[[-170.070287,52.724301],[-170.077734,52.720416],[-170.114087,52.716172],[-170.170646,52.717359],[-170.184564,52.721937],[-170.185684,52.723007],[-170.170683,52.784918],[-170.128714,52.787425],[-170.061868,52.773525],[-170.053443,52.769076],[-170.052922,52.758745],[-170.055363,52.745887],[-170.070287,52.724301]]],[[[-169.704736,52.886272],[-169.666512,52.864349],[-169.683482,52.826618],[-169.704105,52.793938],[-169.750136,52.790576],[-169.838232,52.81728],[-169.879866,52.816088],[-169.886671,52.808563],[-169.897078,52.802131],[-169.927446,52.792675],[-169.951498,52.788615],[-169.962883,52.789882],[-169.995422,52.804676],[-170.012487,52.831161],[-170.004218,52.846743],[-169.990149,52.856266],[-169.975345,52.858884],[-169.943521,52.861099],[-169.905631,52.85324],[-169.860214,52.858377],[-169.818139,52.878446],[-169.773504,52.89445],[-169.749177,52.893269],[-169.704736,52.886272]]],[[[-170.112853,52.902043],[-170.092221,52.919387],[-170.083985,52.92364],[-170.04656,52.923853],[-170.020493,52.917171],[-170.002071,52.910043],[-169.995982,52.902378],[-169.996712,52.891475],[-169.999094,52.884034],[-170.002368,52.880239],[-170.015514,52.87026],[-170.050274,52.857433],[-170.095331,52.870851],[-170.113189,52.891078],[-170.112853,52.902043]]],[[[-169.698128,53.033779],[-169.680033,53.035075],[-169.66493,53.023973],[-169.663576,53.021258],[-169.666078,52.997068],[-169.698274,52.958267],[-169.721744,52.947117],[-169.741096,52.951512],[-169.758008,52.967246],[-169.760725,52.971556],[-169.76274,52.97805],[-169.745743,53.02147],[-169.742538,53.024072],[-169.698128,53.033779]]],[[[-168.344468,53.155215],[-168.37315,53.128891],[-168.392379,53.123609],[-168.412522,53.110683],[-168.433734,53.093934],[-168.442859,53.085562],[-168.451161,53.075131],[-168.457103,53.055839],[-168.49749,53.035403],[-168.527404,53.028588],[-168.546059,53.02958],[-168.553195,53.033296],[-168.578895,53.029915],[-168.587808,53.027175],[-168.613964,53.008776],[-168.625257,52.998214],[-168.688468,52.9664],[-168.741851,52.951442],[-168.808854,52.926102],[-168.907003,52.884006],[-169.041338,52.839348],[-169.102465,52.824349],[-169.054243,52.863266],[-169.038767,52.869662],[-168.992403,52.87344],[-168.97171,52.878028],[-168.958983,52.886048],[-168.861078,52.968046],[-168.785236,53.045038],[-168.763689,53.070961],[-168.759691,53.081461],[-168.768544,53.093684],[-168.776176,53.097766],[-168.789424,53.10097],[-168.80203,53.108226],[-168.804901,53.120015],[-168.799469,53.143794],[-168.792327,53.15572],[-168.788756,53.160749],[-168.763331,53.182812],[-168.617143,53.260985],[-168.539398,53.25167],[-168.524991,53.252311],[-168.501365,53.25734],[-168.490957,53.264009],[-168.445083,53.26533],[-168.412851,53.257859],[-168.366519,53.252024],[-168.361758,53.252253],[-168.343994,53.26215],[-168.365388,53.309105],[-168.371218,53.316575],[-168.375674,53.318291],[-168.406531,53.346393],[-168.386886,53.431496],[-168.342127,53.475992],[-168.315847,53.481729],[-168.295793,53.489062],[-168.239572,53.518491],[-168.238321,53.521902],[-168.200443,53.534079],[-168.14462,53.545342],[-168.004624,53.566053],[-167.981038,53.561714],[-167.962723,53.554069],[-167.960861,53.55255],[-167.965714,53.54344],[-167.965038,53.538913],[-167.938981,53.526907],[-167.901871,53.520508],[-167.888901,53.519691],[-167.816998,53.517947],[-167.796866,53.521113],[-167.791026,53.521076],[-167.789164,53.519329],[-167.786387,53.513896],[-167.784099,53.501048],[-167.788066,53.492411],[-167.808117,53.473861],[-167.843611,53.453893],[-167.853225,53.445469],[-167.858337,53.43791],[-167.856837,53.428609],[-167.851698,53.421236],[-167.8448,53.417497],[-167.83952,53.410325],[-167.839887,53.394432],[-167.842328,53.386489],[-167.852217,53.378294],[-167.872879,53.36736],[-167.878128,53.366902],[-167.959096,53.341788],[-167.988487,53.329578],[-168.009301,53.317263],[-168.03976,53.304276],[-168.158943,53.26771],[-168.211705,53.256184],[-168.226915,53.254822],[-168.270744,53.242811],[-168.296229,53.227235],[-168.312376,53.215231],[-168.341678,53.185911],[-168.344468,53.155215]]],[[[-166.587393,53.959831],[-166.605438,53.955354],[-166.621979,53.953744],[-166.646786,53.923785],[-166.640466,53.912519],[-166.619003,53.893514],[-166.597182,53.88399],[-166.57509,53.879236],[-166.560546,53.878775],[-166.487847,53.895448],[-166.443699,53.909727],[-166.436526,53.916151],[-166.435153,53.920415],[-166.437083,53.955644],[-166.373689,54.01003],[-166.36746,54.008903],[-166.357117,54.002343],[-166.354614,53.999039],[-166.354341,53.995515],[-166.359925,53.977136],[-166.319895,53.960126],[-166.279407,53.982532],[-166.264519,53.97755],[-166.210964,53.933557],[-166.208767,53.92911],[-166.211207,53.912334],[-166.236513,53.881343],[-166.250935,53.876851],[-166.320004,53.869527],[-166.351999,53.858532],[-166.389196,53.832343],[-166.404896,53.809345],[-166.434846,53.798012],[-166.547438,53.749404],[-166.552078,53.728498],[-166.540531,53.715926],[-166.469112,53.735935],[-166.460324,53.745838],[-166.420471,53.762088],[-166.336768,53.78709],[-166.303201,53.791538],[-166.212603,53.817127],[-166.214312,53.82043],[-166.21233,53.827769],[-166.198751,53.8361],[-166.119922,53.855048],[-166.113037,53.853716],[-166.097565,53.84399],[-166.094147,53.8392],[-166.111317,53.776856],[-166.166703,53.733402],[-166.19906,53.727328],[-166.262974,53.70371],[-166.265182,53.698248],[-166.274896,53.687253],[-166.283267,53.684219],[-166.444909,53.640646],[-166.467583,53.646574],[-166.532639,53.630533],[-166.553983,53.623448],[-166.581011,53.530449],[-166.656234,53.487119],[-166.662276,53.485349],[-166.667921,53.486027],[-166.712475,53.498445],[-166.735039,53.50664],[-166.743054,53.51482],[-166.772655,53.496371],[-166.789062,53.4531],[-166.863119,53.443878],[-166.878087,53.429884],[-166.922674,53.441136],[-166.959082,53.455753],[-166.994329,53.429201],[-167.036104,53.449289],[-167.04821,53.448844],[-167.050025,53.433067],[-167.075386,53.424979],[-167.112008,53.416775],[-167.124277,53.425534],[-167.134134,53.426448],[-167.201432,53.3979],[-167.291831,53.364102],[-167.302982,53.336911],[-167.308126,53.33433],[-167.348653,53.333262],[-167.386984,53.340671],[-167.442804,53.321015],[-167.466304,53.295888],[-167.488215,53.269121],[-167.51547,53.267876],[-167.530884,53.275659],[-167.539247,53.277864],[-167.58918,53.288698],[-167.598428,53.288048],[-167.609903,53.2853],[-167.622173,53.250362],[-167.644179,53.250842],[-167.798984,53.284757],[-167.83509,53.29962],[-167.851511,53.308668],[-167.852333,53.315599],[-167.790928,53.33552],[-167.710446,53.381326],[-167.694484,53.388034],[-167.653113,53.392276],[-167.622089,53.385329],[-167.488252,53.420001],[-167.474457,53.431782],[-167.473328,53.438001],[-167.457366,53.442793],[-167.393985,53.439752],[-167.373527,53.432776],[-167.355624,53.424498],[-167.332792,53.433107],[-167.319143,53.451317],[-167.30129,53.466006],[-167.278827,53.478565],[-167.267902,53.478115],[-167.226182,53.468692],[-167.217606,53.465389],[-167.199966,53.463039],[-167.193801,53.467007],[-167.15852,53.503747],[-167.102305,53.515077],[-167.105816,53.540507],[-167.131239,53.547267],[-167.135695,53.551227],[-167.16164,53.605909],[-167.163196,53.613813],[-167.159808,53.617308],[-167.14043,53.626968],[-167.107836,53.633056],[-167.091377,53.633438],[-167.084579,53.626502],[-167.070082,53.619857],[-167.062187,53.620058],[-167.009635,53.635344],[-167.008671,53.64204],[-167.017863,53.648607],[-167.030011,53.653559],[-167.071823,53.66556],[-167.067674,53.687267],[-167.057695,53.698864],[-167.041245,53.707929],[-167.022385,53.715467],[-166.999282,53.71852],[-166.923324,53.719719],[-166.894976,53.717746],[-166.859022,53.674439],[-166.861769,53.659234],[-166.832725,53.657376],[-166.805874,53.665733],[-166.779991,53.719126],[-166.787318,53.734577],[-166.856491,53.747301],[-166.942766,53.769562],[-166.960681,53.776841],[-166.975635,53.775254],[-166.983294,53.771348],[-166.992846,53.762604],[-167.005778,53.755446],[-167.016863,53.754936],[-167.024981,53.757241],[-167.075859,53.786272],[-167.141966,53.826932],[-167.140992,53.866774],[-167.058168,53.929778],[-167.031252,53.945204],[-166.930452,53.976091],[-166.879488,53.988716],[-166.818635,53.993198],[-166.751681,54.01605],[-166.746095,54.016936],[-166.742587,54.015501],[-166.728918,54.003111],[-166.67664,54.017419],[-166.644627,54.014495],[-166.636936,54.012],[-166.619754,54.001264],[-166.599947,53.983695],[-166.587393,53.959831]]],[[[-165.661379,54.130935],[-165.655573,54.1191],[-165.671477,54.096235],[-165.767173,54.065935],[-165.810747,54.074764],[-165.875129,54.03642],[-165.896308,54.055714],[-165.897261,54.060634],[-165.901649,54.06287],[-165.916235,54.065708],[-165.930242,54.066554],[-165.984415,54.061722],[-166.019861,54.051441],[-166.027733,54.045917],[-166.046438,54.044186],[-166.098255,54.103538],[-166.112242,54.122528],[-166.101402,54.144148],[-166.082028,54.175184],[-166.002465,54.213629],[-165.9832,54.221175],[-165.94463,54.220855],[-165.873076,54.216455],[-165.868192,54.214884],[-165.86514,54.21216],[-165.865872,54.200014],[-165.871973,54.189783],[-165.880456,54.183648],[-165.868076,54.168731],[-165.863518,54.166162],[-165.837274,54.161028],[-165.832421,54.161333],[-165.825159,54.164499],[-165.797147,54.183246],[-165.793781,54.183433],[-165.792569,54.181605],[-165.790523,54.171758],[-165.747893,54.161297],[-165.742613,54.158352],[-165.732602,54.148121],[-165.714198,54.120815],[-165.667323,54.132123],[-165.661379,54.130935]]],[[[-169.568984,56.540935],[-169.582624,56.536939],[-169.640735,56.542162],[-169.650135,56.54423],[-169.657736,56.547319],[-169.667749,56.554535],[-169.672818,56.560866],[-169.671324,56.567328],[-169.675327,56.578414],[-169.683639,56.58334],[-169.75575,56.591922],[-169.785692,56.613245],[-169.789659,56.618217],[-169.763506,56.620739],[-169.679305,56.611593],[-169.611548,56.606924],[-169.553937,56.608682],[-169.528659,56.612181],[-169.507415,56.610702],[-169.473138,56.601741],[-169.47155,56.598864],[-169.490133,56.583482],[-169.568984,56.540935]]],[[[-170.423548,57.169327],[-170.42041,57.19176],[-170.418919,57.192844],[-170.402772,57.201933],[-170.390121,57.206248],[-170.33188,57.217488],[-170.311707,57.219122],[-170.291916,57.212056],[-170.267664,57.210649],[-170.239557,57.214658],[-170.161647,57.229656],[-170.150813,57.223168],[-170.170848,57.1811],[-170.286318,57.128169],[-170.290793,57.145052],[-170.303963,57.15491],[-170.32484,57.156769],[-170.359817,57.156118],[-170.421867,57.161202],[-170.423548,57.169327]]],[[[-165.675374,60.14936],[-165.667863,60.114676],[-165.671567,60.096877],[-165.680612,60.089962],[-165.684585,60.055237],[-165.649318,59.991837],[-165.588873,59.966005],[-165.539367,59.965175],[-165.534482,59.951276],[-165.543456,59.930376],[-165.550405,59.920007],[-165.575815,59.904672],[-165.695981,59.893513],[-165.712875,59.895364],[-165.717549,59.899137],[-165.722458,59.899813],[-165.751851,59.899947],[-165.905471,59.871937],[-166.010201,59.847061],[-166.060952,59.820508],[-166.072465,59.805462],[-166.058096,59.78711],[-166.042089,59.776212],[-166.032277,59.773729],[-166.030813,59.7706],[-166.036947,59.757859],[-166.062854,59.748586],[-166.157071,59.748886],[-166.18092,59.763728],[-166.176669,59.766495],[-166.17482,59.770681],[-166.184234,59.779432],[-166.203293,59.791676],[-166.251528,59.809807],[-166.381986,59.849087],[-166.40729,59.854604],[-166.439746,59.857816],[-166.512223,59.849939],[-166.583297,59.848705],[-166.616849,59.850711],[-166.621473,59.856438],[-166.648076,59.8711],[-166.6782,59.881248],[-166.716563,59.889011],[-166.764183,59.892061],[-166.801634,59.916321],[-166.86653,59.949544],[-166.89233,59.960507],[-166.995748,59.993495],[-167.067602,59.992295],[-167.111785,59.989349],[-167.124867,59.9917],[-167.133258,59.994695],[-167.22021,60.040133],[-167.247627,60.058862],[-167.281357,60.063892],[-167.310664,60.064874],[-167.339109,60.070159],[-167.342702,60.072395],[-167.342885,60.074979],[-167.33405,60.088609],[-167.33386,60.094065],[-167.343303,60.123181],[-167.347866,60.13114],[-167.362783,60.147556],[-167.423053,60.195072],[-167.421489,60.205431],[-167.369927,60.225496],[-167.312616,60.238454],[-167.20194,60.237822],[-167.105975,60.232895],[-167.081935,60.225765],[-167.04582,60.219088],[-166.93797,60.20587],[-166.909802,60.206513],[-166.847438,60.213592],[-166.812484,60.22778],[-166.803469,60.242802],[-166.809546,60.259658],[-166.826169,60.268644],[-166.834966,60.271406],[-166.832877,60.275449],[-166.814979,60.286283],[-166.762522,60.309837],[-166.738323,60.314301],[-166.662112,60.322993],[-166.608896,60.32125],[-166.578305,60.32185],[-166.569828,60.325955],[-166.562081,60.359022],[-166.493543,60.392389],[-166.41457,60.37187],[-166.408546,60.365899],[-166.387184,60.359671],[-166.366596,60.358227],[-166.310655,60.377611],[-166.200019,60.393404],[-166.174906,60.401003],[-166.171187,60.428854],[-166.163203,60.432641],[-166.135704,60.42451],[-166.124379,60.414253],[-166.124231,60.409953],[-166.134927,60.400129],[-166.123805,60.378116],[-166.084791,60.325288],[-166.012169,60.317691],[-165.987336,60.317833],[-165.927956,60.321592],[-165.92464,60.325249],[-165.923572,60.330503],[-165.920794,60.335398],[-165.916828,60.338002],[-165.883458,60.343902],[-165.786573,60.326821],[-165.71451,60.310496],[-165.697326,60.297238],[-165.685751,60.277564],[-165.686143,60.267811],[-165.698339,60.210676],[-165.708863,60.189125],[-165.721389,60.16962],[-165.723168,60.156603],[-165.71912,60.153521],[-165.702411,60.151285],[-165.697273,60.153592],[-165.683507,60.154221],[-165.675374,60.14936]]],[[[-172.915274,60.527122],[-172.915273,60.514621],[-172.895349,60.49975],[-172.715261,60.429864],[-172.706472,60.425179],[-172.480536,60.400184],[-172.352622,60.381435],[-172.341399,60.373145],[-172.333051,60.364359],[-172.269754,60.333887],[-172.254821,60.334082],[-172.254821,60.326466],[-172.291289,60.321193],[-172.435476,60.332653],[-172.491531,60.334874],[-172.505544,60.330428],[-172.519558,60.323758],[-172.547585,60.317088],[-172.589625,60.314863],[-172.612982,60.319309],[-172.622325,60.330424],[-172.757794,60.374881],[-172.811529,60.406621],[-172.951477,60.478649],[-172.959056,60.479695],[-172.966515,60.478167],[-172.990296,60.478702],[-173.119005,60.500067],[-173.120769,60.51301],[-173.116905,60.516005],[-173.098092,60.533367],[-173.098094,60.573993],[-173.041847,60.611497],[-172.999659,60.611498],[-172.97153,60.605249],[-172.915274,60.527122]]],[[[-165.365768,54.073317],[-165.458179,54.066313],[-165.482747,54.072218],[-165.483373,54.075036],[-165.468221,54.079641],[-165.438972,54.084136],[-165.322268,54.094634],[-165.271048,54.095665],[-165.267012,54.095467],[-165.234364,54.065423],[-165.235149,54.062767],[-165.24583,54.05611],[-165.324415,54.063907],[-165.336836,54.070126],[-165.365768,54.073317]]],[[[-165.044322,54.066629],[-165.203413,54.087752],[-165.212264,54.090158],[-165.220871,54.101574],[-165.198746,54.116474],[-165.140978,54.131079],[-165.088486,54.128005],[-165.067428,54.123174],[-165.050155,54.121708],[-165.023065,54.121919],[-165.00791,54.134934],[-164.976199,54.134595],[-164.937766,54.136682],[-164.921307,54.128569],[-164.919689,54.11608],[-164.921464,54.111083],[-164.953165,54.078056],[-164.960581,54.076026],[-165.044322,54.066629]]],[[[-165.557581,54.254138],[-165.558835,54.250763],[-165.55795,54.246826],[-165.553251,54.239601],[-165.512782,54.212929],[-165.496279,54.210938],[-165.478816,54.21331],[-165.405377,54.212837],[-165.391441,54.204253],[-165.383719,54.196731],[-165.399985,54.177741],[-165.412925,54.179221],[-165.422356,54.182799],[-165.47619,54.182701],[-165.481317,54.179962],[-165.536004,54.129606],[-165.549217,54.112196],[-165.565422,54.108122],[-165.575645,54.108618],[-165.613214,54.120908],[-165.629725,54.132558],[-165.637081,54.199436],[-165.621854,54.208105],[-165.593656,54.218375],[-165.585782,54.223067],[-165.579801,54.229575],[-165.587157,54.238166],[-165.595732,54.242713],[-165.612082,54.246537],[-165.615629,54.244834],[-165.625609,54.233756],[-165.640013,54.229673],[-165.669383,54.229036],[-165.681458,54.236914],[-165.685823,54.243406],[-165.684114,54.249907],[-165.675447,54.264639],[-165.636383,54.297567],[-165.62555,54.298964],[-165.61557,54.297445],[-165.605225,54.294219],[-165.586509,54.284361],[-165.523466,54.299895],[-165.502775,54.299469],[-165.478452,54.295333],[-165.47775,54.283707],[-165.479981,54.281838],[-165.5137,54.274086],[-165.557581,54.254138]]],[[[-162.551618,54.392217],[-162.562726,54.38284],[-162.611891,54.368077],[-162.722797,54.40034],[-162.760396,54.373254],[-162.759472,54.371116],[-162.781239,54.375085],[-162.86005,54.425452],[-162.827621,54.490859],[-162.801865,54.48944],[-162.79629,54.492254],[-162.728415,54.475354],[-162.588883,54.450064],[-162.556667,54.424621],[-162.552718,54.416113],[-162.551618,54.392217]]],[[[-159.212627,54.896066],[-159.236066,54.87648],[-159.272354,54.864204],[-159.305864,54.863698],[-159.309681,54.865813],[-159.327873,54.884749],[-159.320732,54.897269],[-159.313528,54.903388],[-159.31206,54.909601],[-159.312733,54.918686],[-159.324364,54.928329],[-159.317681,54.933707],[-159.278696,54.948514],[-159.20567,54.927438],[-159.202857,54.9255],[-159.203228,54.914842],[-159.212627,54.896066]]],[[[-162.282944,54.841216],[-162.30058,54.832594],[-162.321094,54.827928],[-162.349315,54.836049],[-162.41737,54.877491],[-162.425244,54.885021],[-162.437501,54.927627],[-162.435473,54.929249],[-162.337431,54.981636],[-162.326811,54.98533],[-162.266743,54.982133],[-162.255031,54.978353],[-162.249682,54.9759],[-162.235675,54.962601],[-162.232962,54.890984],[-162.236806,54.88163],[-162.275316,54.845565],[-162.282944,54.841216]]],[[[-159.330164,54.976378],[-159.33177,54.974598],[-159.426615,54.942266],[-159.447982,54.941374],[-159.457995,54.94573],[-159.459551,54.948652],[-159.451251,54.975285],[-159.440057,54.988502],[-159.416786,55.000296],[-159.417987,55.022013],[-159.455434,55.035809],[-159.455311,55.061452],[-159.448473,55.064343],[-159.381841,55.064032],[-159.345276,55.059397],[-159.33847,55.046683],[-159.328791,54.980598],[-159.330164,54.976378]]],[[[-159.994027,55.185247],[-159.983499,55.180379],[-159.95435,55.189291],[-159.93124,55.22006],[-159.889174,55.287138],[-159.87969,55.290183],[-159.870591,55.284889],[-159.848619,55.267548],[-159.843859,55.249367],[-159.844622,55.243828],[-159.855302,55.230378],[-159.860991,55.227884],[-159.866624,55.231202],[-159.886523,55.229149],[-159.895326,55.217872],[-159.905365,55.164689],[-159.901569,55.156858],[-159.884997,55.145598],[-159.860891,55.149337],[-159.859568,55.164912],[-159.861308,55.171748],[-159.860786,55.177086],[-159.846264,55.180834],[-159.816419,55.178051],[-159.82371,55.14413],[-159.83089,55.126467],[-159.855444,55.100758],[-159.86858,55.094888],[-159.886109,55.102558],[-159.886476,55.107087],[-159.906609,55.112544],[-159.947575,55.105215],[-159.951281,55.100644],[-159.94541,55.087939],[-159.951127,55.066642],[-160.052093,55.005777],[-160.080659,54.994425],[-160.115775,54.985078],[-160.183466,54.91568],[-160.181636,54.902992],[-160.200831,54.875282],[-160.226967,54.864075],[-160.254765,54.895974],[-160.250814,54.929816],[-160.244253,54.933532],[-160.223411,54.939124],[-160.177607,54.981446],[-160.132168,55.013743],[-160.106837,55.027002],[-160.082168,55.033578],[-160.077872,55.0376],[-160.087574,55.049967],[-160.094288,55.052996],[-160.133416,55.043947],[-160.174366,55.052577],[-160.191392,55.108574],[-160.187261,55.118376],[-160.109864,55.160777],[-160.077308,55.146495],[-160.059599,55.133663],[-160.052545,55.121716],[-160.05282,55.119373],[-160.057033,55.118488],[-160.057797,55.115353],[-160.055642,55.11158],[-160.03033,55.116109],[-160.01222,55.122946],[-160.00517,55.129378],[-160.004129,55.134482],[-160.0179,55.15613],[-160.047358,55.180879],[-160.061469,55.200378],[-160.052941,55.203035],[-160.025257,55.203914],[-160.002155,55.19448],[-159.994027,55.185247]]],[[[-161.576643,55.103831],[-161.570523,55.100493],[-161.549901,55.082564],[-161.548924,55.080115],[-161.550357,55.065734],[-161.557315,55.061193],[-161.565036,55.058874],[-161.582584,55.058224],[-161.591069,55.060818],[-161.606359,55.070264],[-161.606482,55.074208],[-161.598303,55.081341],[-161.596951,55.086584],[-161.602514,55.098267],[-161.615867,55.104388],[-161.632391,55.104896],[-161.654918,55.103244],[-161.674539,55.095912],[-161.678537,55.092829],[-161.678171,55.087741],[-161.690346,55.0785],[-161.737922,55.054054],[-161.764169,55.059509],[-161.791606,55.077307],[-161.814984,55.098639],[-161.816482,55.111319],[-161.819869,55.113965],[-161.851152,55.126378],[-161.862504,55.127598],[-161.886278,55.126933],[-161.897846,55.135768],[-161.900685,55.142139],[-161.888936,55.160724],[-161.850057,55.17526],[-161.82784,55.178473],[-161.73781,55.161935],[-161.718614,55.154166],[-161.697097,55.137133],[-161.678389,55.131747],[-161.663618,55.13026],[-161.651563,55.130916],[-161.608634,55.116906],[-161.576643,55.103831]]],[[[-159.530302,55.106194],[-159.53363,55.083987],[-159.524444,55.077358],[-159.4842,55.057695],[-159.48498,55.05405],[-159.489589,55.049229],[-159.509674,55.041408],[-159.517824,55.044735],[-159.535465,55.058735],[-159.572365,55.060122],[-159.597824,55.047],[-159.635226,55.037294],[-159.638905,55.038745],[-159.644029,55.042597],[-159.649062,55.049532],[-159.650859,55.06579],[-159.63541,55.116654],[-159.616961,55.127666],[-159.586075,55.157652],[-159.573144,55.187562],[-159.521096,55.253393],[-159.519196,55.253693],[-159.503196,55.234993],[-159.50527,55.222269],[-159.51235,55.208353],[-159.533457,55.184761],[-159.504325,55.176822],[-159.499502,55.173991],[-159.493398,55.155055],[-159.494772,55.13605],[-159.503592,55.131373],[-159.509361,55.130206],[-159.530302,55.106194]]],[[[-160.565929,55.273137],[-160.550759,55.264302],[-160.527617,55.256374],[-160.486174,55.193617],[-160.486511,55.181951],[-160.496306,55.166399],[-160.525226,55.129871],[-160.655577,55.160261],[-160.675871,55.173622],[-160.688372,55.195588],[-160.690293,55.210474],[-160.756587,55.195143],[-160.767393,55.185399],[-160.765229,55.176716],[-160.794198,55.134399],[-160.806009,55.12567],[-160.821381,55.117851],[-160.824468,55.120153],[-160.815862,55.141556],[-160.807468,55.155579],[-160.807558,55.168161],[-160.819487,55.187457],[-160.841917,55.20444],[-160.841221,55.293957],[-160.856621,55.318488],[-160.840251,55.339777],[-160.797147,55.381521],[-160.7778,55.388639],[-160.710298,55.403075],[-160.687442,55.402198],[-160.665927,55.399025],[-160.649234,55.38878],[-160.646214,55.383142],[-160.646156,55.357689],[-160.651011,55.34365],[-160.614256,55.348019],[-160.572716,55.388978],[-160.567384,55.390078],[-160.545227,55.387911],[-160.517513,55.379378],[-160.522063,55.374369],[-160.522399,55.370371],[-160.522307,55.364367],[-160.518955,55.361552],[-160.425658,55.338883],[-160.408614,55.341677],[-160.40335,55.346299],[-160.361758,55.36323],[-160.344369,55.362962],[-160.333692,55.360139],[-160.326463,55.353189],[-160.317665,55.338533],[-160.30655,55.303275],[-160.330722,55.261045],[-160.341217,55.251799],[-160.372603,55.25991],[-160.378887,55.266692],[-160.380472,55.272803],[-160.390421,55.286576],[-160.441896,55.298264],[-160.449799,55.297081],[-160.457765,55.291893],[-160.468262,55.288925],[-160.475493,55.28923],[-160.481536,55.291779],[-160.518148,55.309102],[-160.526945,55.319044],[-160.506927,55.32773],[-160.528864,55.343501],[-160.534943,55.343537],[-160.564427,55.332504],[-160.57969,55.314292],[-160.580668,55.307196],[-160.580088,55.302503],[-160.565929,55.273137]]],[[[-160.20361,55.391739],[-160.27997,55.395905],[-160.308921,55.393174],[-160.321132,55.393677],[-160.339858,55.409692],[-160.349526,55.420477],[-160.347609,55.426187],[-160.323237,55.444633],[-160.266834,55.462789],[-160.260565,55.463674],[-160.227504,55.46034],[-160.21178,55.455862],[-160.137032,55.450709],[-160.141834,55.387154],[-160.142505,55.383491],[-160.147993,55.377576],[-160.154038,55.377518],[-160.20361,55.391739]]],[[[-159.733899,55.569985],[-159.744495,55.600018],[-159.743282,55.603624],[-159.735196,55.610933],[-159.72415,55.614549],[-159.673432,55.61735],[-159.667511,55.614825],[-159.639619,55.617915],[-159.626772,55.629412],[-159.635866,55.644398],[-159.644656,55.652469],[-159.679201,55.655895],[-159.680635,55.68134],[-159.676761,55.737357],[-159.673191,55.750961],[-159.627482,55.803248],[-159.624884,55.804694],[-159.602148,55.805004],[-159.607973,55.8129],[-159.643739,55.830424],[-159.712816,55.846392],[-159.81107,55.85657],[-159.838981,55.852412],[-159.853255,55.847162],[-159.858456,55.841793],[-159.85075,55.824076],[-159.847359,55.80253],[-159.862484,55.787629],[-159.875994,55.784608],[-159.892319,55.785096],[-159.937089,55.803306],[-160.010322,55.797087],[-160.026282,55.792295],[-160.048711,55.772061],[-160.052525,55.76643],[-160.051945,55.760594],[-160.049417,55.757588],[-160.058443,55.721734],[-160.130445,55.681419],[-160.185712,55.658644],[-160.279827,55.641384],[-160.325419,55.644207],[-160.353494,55.649731],[-160.410823,55.66538],[-160.416452,55.665302],[-160.421853,55.662701],[-160.429727,55.658046],[-160.433602,55.648975],[-160.433022,55.639979],[-160.392587,55.602771],[-160.435859,55.573692],[-160.448277,55.559049],[-160.464301,55.533243],[-160.465186,55.527361],[-160.459815,55.514986],[-160.462745,55.506654],[-160.481633,55.489068],[-160.501346,55.478518],[-160.521335,55.47442],[-160.536654,55.474938],[-160.544224,55.502351],[-160.554173,55.522965],[-160.580083,55.564385],[-160.595771,55.57554],[-160.615305,55.575516],[-160.638371,55.557426],[-160.652775,55.548668],[-160.666966,55.544417],[-160.706883,55.556066],[-160.737095,55.555448],[-160.75104,55.552907],[-160.766237,55.547559],[-160.77295,55.538998],[-160.771433,55.52943],[-160.73215,55.523596],[-160.660117,55.518475],[-160.654117,55.512596],[-160.647464,55.500862],[-160.646304,55.492851],[-160.651523,55.474174],[-160.666917,55.459776],[-160.781401,55.45178],[-160.795988,55.454946],[-160.836725,55.473135],[-160.843407,55.489782],[-160.836023,55.497259],[-160.821773,55.506216],[-160.82081,55.507974],[-160.828273,55.516111],[-160.849145,55.523916],[-160.86538,55.526968],[-160.909625,55.52414],[-160.922934,55.5193],[-160.944265,55.507825],[-160.976551,55.472736],[-160.979298,55.466274],[-160.977376,55.461185],[-160.982717,55.454326],[-160.997335,55.440265],[-161.013662,55.431002],[-161.231535,55.357452],[-161.280675,55.354038],[-161.325325,55.359855],[-161.317545,55.362758],[-161.311989,55.372836],[-161.314949,55.379231],[-161.34608,55.385782],[-161.364577,55.384194],[-161.445196,55.368103],[-161.460392,55.35907],[-161.486114,55.359322],[-161.507657,55.362786],[-161.514211,55.385254],[-161.509306,55.390626],[-161.496123,55.396967],[-161.484588,55.417994],[-161.478303,55.4406],[-161.471468,55.478588],[-161.477114,55.485195],[-161.469271,55.49683],[-161.376102,55.569794],[-161.367405,55.579484],[-161.355686,55.606378],[-161.35767,55.612603],[-161.363378,55.618478],[-161.392613,55.628221],[-161.416235,55.632324],[-161.482064,55.633979],[-161.526162,55.630498],[-161.587047,55.62006],[-161.602825,55.613811],[-161.612926,55.606158],[-161.69886,55.5194],[-161.700069,55.51439],[-161.696719,55.423307],[-161.688357,55.41638],[-161.686495,55.408041],[-161.720096,55.37669],[-161.827543,55.287872],[-161.833891,55.2844],[-161.845473,55.281249],[-161.853418,55.277634],[-161.863339,55.266989],[-161.875606,55.249921],[-161.879542,55.240804],[-161.875759,55.232592],[-161.875238,55.227224],[-161.878076,55.223599],[-161.903407,55.204941],[-161.919519,55.208209],[-161.957455,55.227999],[-161.978788,55.236131],[-162.029636,55.239492],[-162.041236,55.236806],[-162.045694,55.232775],[-162.046242,55.225605],[-162.001711,55.169236],[-161.966974,55.154831],[-161.949882,55.126686],[-161.956595,55.112174],[-161.960866,55.106734],[-162.053281,55.074212],[-162.11874,55.102911],[-162.131878,55.122776],[-162.119033,55.141116],[-162.126369,55.153408],[-162.141084,55.157339],[-162.177427,55.154403],[-162.218192,55.118903],[-162.224047,55.108658],[-162.223528,55.102211],[-162.2068,55.082391],[-162.190348,55.066981],[-162.189247,55.06026],[-162.219326,55.028975],[-162.247946,55.020439],[-162.2535,55.020454],[-162.267754,55.021553],[-162.280512,55.026207],[-162.292511,55.033429],[-162.299619,55.040152],[-162.300378,55.042927],[-162.361969,55.042679],[-162.41351,55.03656],[-162.471364,55.051932],[-162.489735,55.064849],[-162.512104,55.086227],[-162.521688,55.104011],[-162.520986,55.115417],[-162.506887,55.118927],[-162.460958,55.12584],[-162.453451,55.123948],[-162.442556,55.118226],[-162.437368,55.112122],[-162.424796,55.104813],[-162.4168,55.104096],[-162.410574,55.105614],[-162.406191,55.120498],[-162.445182,55.151521],[-162.48098,55.161271],[-162.49447,55.183915],[-162.49792,55.199052],[-162.499019,55.21377],[-162.510435,55.250177],[-162.513121,55.252374],[-162.584872,55.298386],[-162.626101,55.304085],[-162.649173,55.299118],[-162.66196,55.294295],[-162.682405,55.27645],[-162.702851,55.252775],[-162.714607,55.231611],[-162.718077,55.219911],[-162.711128,55.211267],[-162.692309,55.197313],[-162.668346,55.193445],[-162.644734,55.197115],[-162.638791,55.19477],[-162.614497,55.174735],[-162.579765,55.136939],[-162.582908,55.13024],[-162.585533,55.1286],[-162.595603,55.124846],[-162.604454,55.126028],[-162.618918,55.097096],[-162.599812,55.054806],[-162.569292,55.015874],[-162.569289,54.97124],[-162.587967,54.97201],[-162.615159,54.987841],[-162.646472,54.997163],[-162.688131,54.996126],[-162.707083,54.991159],[-162.716177,54.986679],[-162.720404,54.980223],[-162.707203,54.972023],[-162.705096,54.96601],[-162.708453,54.95848],[-162.770983,54.932736],[-162.834245,54.926851],[-162.845475,54.926989],[-162.881639,54.934785],[-162.913684,54.950273],[-162.970632,55.001039],[-162.965872,55.017374],[-162.958975,55.020151],[-162.957826,55.031826],[-162.964897,55.042201],[-163.00155,55.080043],[-163.051631,55.103267],[-163.071468,55.110477],[-163.079006,55.111652],[-163.111507,55.109705],[-163.165036,55.099214],[-163.188428,55.090903],[-163.213009,55.066742],[-163.225092,55.049683],[-163.226313,55.042694],[-163.219018,55.030281],[-163.213281,55.026138],[-163.189447,55.016678],[-163.17483,55.0131],[-163.148615,55.014023],[-163.067008,54.979302],[-163.050467,54.969071],[-163.036062,54.942544],[-163.065602,54.926172],[-163.14958,54.885906],[-163.214398,54.847487],[-163.299809,54.829232],[-163.352997,54.810174],[-163.373207,54.800841],[-163.372806,54.790936],[-163.342655,54.765104],[-163.322849,54.75028],[-163.228391,54.753513],[-163.219765,54.755072],[-163.188853,54.773717],[-163.184295,54.774912],[-163.144089,54.761499],[-163.107558,54.732752],[-163.057228,54.688101],[-163.05097,54.672263],[-163.059085,54.661072],[-163.096744,54.661597],[-163.125738,54.66818],[-163.140925,54.694829],[-163.185401,54.700398],[-163.194952,54.699025],[-163.208775,54.693136],[-163.280633,54.695367],[-163.317996,54.719938],[-163.327457,54.743414],[-163.331516,54.747518],[-163.344791,54.751211],[-163.364626,54.749464],[-163.380618,54.746176],[-163.39197,54.74198],[-163.423067,54.720426],[-163.428377,54.714819],[-163.425477,54.710081],[-163.439361,54.655928],[-163.472016,54.656468],[-163.488861,54.65511],[-163.572383,54.623211],[-163.581481,54.616863],[-163.585967,54.611644],[-163.670838,54.627825],[-163.747316,54.635011],[-163.80359,54.636498],[-163.861206,54.632911],[-163.952391,54.630461],[-163.966307,54.631681],[-164.084894,54.620131],[-164.179617,54.599188],[-164.23247,54.585494],[-164.257585,54.572722],[-164.331404,54.530431],[-164.337538,54.524259],[-164.341474,54.495266],[-164.336042,54.484509],[-164.33653,54.480977],[-164.352704,54.465023],[-164.41682,54.431713],[-164.456554,54.419856],[-164.499034,54.414225],[-164.51997,54.414652],[-164.582778,54.405702],[-164.601607,54.402451],[-164.640457,54.391166],[-164.743977,54.394216],[-164.789357,54.402012],[-164.844931,54.417583],[-164.876075,54.443495],[-164.877373,54.449908],[-164.904077,54.499195],[-164.910059,54.507542],[-164.936122,54.521253],[-164.944636,54.532903],[-164.949781,54.575697],[-164.948789,54.579877],[-164.932187,54.598745],[-164.91876,54.605306],[-164.831936,54.629028],[-164.761347,54.640634],[-164.741815,54.645441],[-164.727654,54.650957],[-164.709465,54.661518],[-164.629661,54.756031],[-164.576896,54.824564],[-164.561546,54.850835],[-164.56405,54.875539],[-164.550256,54.888785],[-164.48678,54.922441],[-164.43528,54.933126],[-164.427303,54.932849],[-164.373441,54.915349],[-164.361631,54.907391],[-164.35333,54.898327],[-164.343534,54.894139],[-164.295033,54.902122],[-164.20707,54.927578],[-164.204897,54.93124],[-164.164342,54.953532],[-164.119196,54.969416],[-164.109333,54.963999],[-164.086798,54.963396],[-164.061164,54.964708],[-164.030708,54.969818],[-163.994179,54.983315],[-163.96473,54.997337],[-163.930369,55.017646],[-163.909222,55.032089],[-163.894695,55.039115],[-163.884869,55.039909],[-163.872144,55.037399],[-163.85426,55.037796],[-163.815779,55.044625],[-163.790733,55.052583],[-163.774093,55.05578],[-163.740737,55.048266],[-163.646834,55.044467],[-163.568159,55.049145],[-163.532962,55.048881],[-163.527109,55.040871],[-163.534638,55.025305],[-163.530087,55.01666],[-163.4615,54.982511],[-163.442854,54.969875],[-163.429548,54.954759],[-163.418042,54.938499],[-163.398294,54.902371],[-163.399292,54.894012],[-163.408027,54.88458],[-163.415872,54.859652],[-163.414691,54.85609],[-163.410594,54.854576],[-163.391397,54.855331],[-163.334234,54.872948],[-163.318885,54.88012],[-163.319161,54.899026],[-163.319956,54.903085],[-163.336739,54.91749],[-163.344402,54.919333],[-163.34773,54.925093],[-163.343735,54.950416],[-163.338395,54.956191],[-163.323106,54.959929],[-163.314592,54.958862],[-163.290908,54.945977],[-163.279586,54.944849],[-163.2399,54.954617],[-163.237414,54.959292],[-163.240008,54.962885],[-163.293205,55.006865],[-163.297876,55.057619],[-163.310694,55.105612],[-163.314069,55.105146],[-163.318731,55.110811],[-163.319873,55.119622],[-163.314652,55.126312],[-163.268767,55.145465],[-163.200867,55.166057],[-163.157532,55.17551],[-163.105011,55.183979],[-163.081634,55.180409],[-163.080719,55.176861],[-163.070494,55.174114],[-163.032256,55.172147],[-162.957182,55.171271],[-162.882292,55.183251],[-162.86152,55.198339],[-162.84014,55.224043],[-162.843172,55.242564],[-162.851839,55.247317],[-162.8566,55.248721],[-162.869478,55.248086],[-162.880892,55.239564],[-162.89402,55.243046],[-162.900454,55.246416],[-162.901644,55.247652],[-162.900027,55.252466],[-162.888118,55.270424],[-162.881779,55.273776],[-162.750371,55.307623],[-162.731816,55.307829],[-162.704747,55.320296],[-162.680487,55.337004],[-162.64991,55.364151],[-162.619883,55.40867],[-162.580524,55.446514],[-162.575826,55.446833],[-162.533216,55.467625],[-162.504041,55.482556],[-162.483687,55.495237],[-162.403581,55.557465],[-162.326436,55.613918],[-162.286002,55.649288],[-162.246972,55.680013],[-162.193078,55.702178],[-162.147059,55.718415],[-162.090664,55.753427],[-162.079678,55.7634],[-161.972624,55.800526],[-161.898956,55.833464],[-161.85843,55.865402],[-161.816225,55.888993],[-161.807833,55.891954],[-161.773409,55.89731],[-161.712283,55.904232],[-161.640007,55.919503],[-161.585604,55.937324],[-161.450442,55.954485],[-161.380557,55.965618],[-161.290777,55.98313],[-161.280307,55.979323],[-161.27833,55.974912],[-161.262763,55.958734],[-161.230444,55.947467],[-161.211273,55.951712],[-161.096617,55.954752],[-161.076383,55.942079],[-161.049162,55.945407],[-161.027739,55.954554],[-161.023376,55.959468],[-160.898682,55.999014],[-160.873229,56.001448],[-160.86325,55.996237],[-160.814205,55.953834],[-160.812893,55.950858],[-160.814113,55.930633],[-160.818201,55.910749],[-160.835077,55.915747],[-160.849665,55.916227],[-160.923856,55.900574],[-160.95156,55.852772],[-160.9464,55.834881],[-160.940845,55.822529],[-160.930591,55.814358],[-160.806014,55.738241],[-160.765228,55.757174],[-160.730726,55.747664],[-160.668102,55.723556],[-160.661205,55.723427],[-160.65556,55.730041],[-160.655468,55.739868],[-160.663037,55.745491],[-160.675794,55.751411],[-160.695227,55.755075],[-160.751236,55.779364],[-160.757705,55.785841],[-160.769155,55.858268],[-160.734182,55.870995],[-160.697591,55.862396],[-160.639088,55.8583],[-160.564014,55.863719],[-160.550343,55.867549],[-160.532582,55.869891],[-160.508433,55.869379],[-160.494678,55.864193],[-160.477892,55.841099],[-160.479355,55.822361],[-160.438735,55.789608],[-160.385878,55.796445],[-160.342876,55.778166],[-160.293924,55.765556],[-160.277382,55.765861],[-160.264568,55.775723],[-160.26893,55.784278],[-160.293498,55.801788],[-160.315655,55.814544],[-160.317826,55.818983],[-160.272533,55.831673],[-160.273176,55.856881],[-160.325637,55.867858],[-160.380573,55.889456],[-160.420735,55.90862],[-160.486594,55.924168],[-160.535759,55.939617],[-160.533685,55.95995],[-160.527094,55.973011],[-160.526362,55.982433],[-160.529292,55.986103],[-160.534541,55.989498],[-160.559597,55.996838],[-160.567604,55.99167],[-160.570895,55.988929],[-160.574397,55.986552],[-160.576655,55.985416],[-160.58084,55.984079],[-160.583491,55.986468],[-160.568356,56.004062],[-160.488708,56.077214],[-160.482208,56.085234],[-160.451417,56.125564],[-160.411381,56.194138],[-160.396338,56.231775],[-160.383094,56.251352],[-160.357156,56.279582],[-160.340249,56.291271],[-160.315896,56.302227],[-160.274604,56.317151],[-160.222878,56.346868],[-160.208383,56.358022],[-160.196329,56.37255],[-160.146252,56.400176],[-160.082592,56.411094],[-160.001477,56.442201],[-159.976758,56.453951],[-159.938337,56.474192],[-159.828049,56.543935],[-159.815477,56.548941],[-159.636156,56.59739],[-159.534961,56.626529],[-159.43938,56.641332],[-159.369434,56.657073],[-159.324421,56.670356],[-159.264871,56.703136],[-159.279894,56.715667],[-159.263113,56.723321],[-159.156455,56.763324],[-159.106652,56.781126],[-159.093468,56.783704],[-159.038354,56.806006],[-159.018304,56.815094],[-158.957471,56.851184],[-158.955338,56.849762],[-158.953543,56.843418],[-158.933589,56.827905],[-158.91073,56.814797],[-158.893212,56.805788],[-158.893211,56.805788],[-158.868797,56.796648],[-158.853294,56.79262],[-158.78359,56.78075],[-158.660298,56.789015],[-158.642293,56.81285],[-158.642845,56.836608],[-158.646812,56.846992],[-158.663659,56.857055],[-158.699788,56.927362],[-158.679293,56.988625],[-158.659945,57.034585],[-158.637364,57.061364],[-158.518429,57.16055],[-158.453711,57.21179],[-158.376249,57.265542],[-158.355066,57.27485],[-158.229883,57.321534],[-158.14971,57.344916],[-158.06703,57.382915],[-158.060041,57.387456],[-158.049932,57.390141],[-158.034246,57.39023],[-158.010538,57.401456],[-157.99467,57.414234],[-157.956239,57.449383],[-157.937241,57.472048],[-157.931624,57.476208],[-157.786046,57.542189],[-157.772496,57.547055],[-157.703852,57.563455],[-157.678891,57.563888],[-157.684833,57.557746],[-157.680416,57.537727],[-157.649389,57.500331],[-157.615137,57.488691],[-157.58691,57.487156],[-157.573129,57.514525],[-157.573472,57.522732],[-157.588339,57.582152],[-157.599644,57.60795],[-157.607387,57.612537],[-157.652202,57.614794],[-157.684282,57.609974],[-157.691291,57.611131],[-157.710645,57.639946],[-157.703782,57.721768],[-157.671061,57.772866],[-157.642226,57.868777],[-157.623886,57.960502],[-157.611802,58.034263],[-157.596601,58.08867],[-157.583636,58.124307],[-157.580924,58.128096],[-157.556556,58.148445],[-157.533329,58.160335],[-157.514474,58.162978],[-157.493784,58.162148],[-157.39735,58.173383],[-157.383099,58.184607],[-157.352316,58.219097],[-157.366928,58.232669],[-157.374511,58.232117],[-157.389237,58.228091],[-157.407918,58.211871],[-157.423325,58.21136],[-157.442712,58.218875],[-157.515475,58.255638],[-157.541564,58.271883],[-157.547209,58.277535],[-157.556343,58.303749],[-157.556865,58.330715],[-157.536176,58.391597],[-157.524477,58.414506],[-157.488108,58.471705],[-157.481487,58.480771],[-157.46088,58.499693],[-157.451918,58.505618],[-157.397197,58.527333],[-157.380259,58.524398],[-157.358487,58.533876],[-157.330683,58.551516],[-157.313572,58.565043],[-157.281327,58.600236],[-157.267437,58.609794],[-157.251462,58.620786],[-157.178834,58.66044],[-157.077914,58.708103],[-157.061928,58.726102],[-157.008226,58.817139],[-157.003401,58.836822],[-157.003607,58.839306],[-157.010984,58.8484],[-157.016088,58.86349],[-157.012392,58.875889],[-156.985833,58.888654],[-156.980888,58.891031],[-156.966649,58.904074],[-156.975946,58.940896],[-157.029517,58.956203],[-157.039206,58.945921],[-157.040625,58.913391],[-157.070584,58.887816],[-157.070601,58.887808],[-157.116866,58.867533],[-157.189554,58.847724],[-157.200998,58.845012],[-157.21571,58.841526],[-157.241396,58.837558],[-157.259663,58.835665],[-157.275451,58.836136],[-157.353132,58.817729],[-157.429531,58.791071],[-157.484062,58.785962],[-157.532654,58.772638],[-157.537543,58.768542],[-157.542326,58.760962],[-157.550603,58.754514],[-157.696472,58.729975],[-157.721786,58.723212],[-157.753583,58.711924],[-157.799597,58.69559],[-157.855396,58.678277],[-158.001016,58.642893],[-158.036593,58.634248],[-158.101646,58.62109],[-158.140307,58.61502],[-158.190283,58.61371],[-158.213861,58.615828],[-158.232276,58.619902],[-158.273036,58.63347],[-158.297189,58.643147],[-158.327038,58.659835],[-158.332093,58.665313],[-158.33286,58.669274],[-158.330216,58.675043],[-158.332394,58.686814],[-158.343545,58.713634],[-158.351481,58.727693],[-158.376873,58.748043],[-158.400475,58.761182],[-158.423828,58.769847],[-158.45521,58.776972],[-158.512547,58.78311],[-158.538516,58.788394],[-158.550626,58.792915],[-158.564833,58.802715],[-158.566397,58.807137],[-158.56587,58.815429],[-158.559499,58.841819],[-158.559132,58.860776],[-158.565718,58.875828],[-158.598645,58.90123],[-158.619684,58.911048],[-158.717436,58.872462],[-158.729581,58.871218],[-158.745305,58.874098],[-158.767748,58.864264],[-158.789632,58.814257],[-158.790786,58.808424],[-158.790378,58.804712],[-158.782365,58.791157],[-158.774626,58.778593],[-158.7698,58.774141],[-158.771246,58.765109],[-158.784886,58.747739],[-158.800959,58.732842],[-158.812116,58.727845],[-158.827105,58.724495],[-158.848225,58.722736],[-158.861207,58.69558],[-158.827852,58.626432],[-158.769131,58.54865],[-158.721173,58.497971],[-158.704052,58.482759],[-158.795316,58.408032],[-158.830598,58.397095],[-158.880927,58.39067],[-158.896067,58.390065],[-158.944154,58.396885],[-159.046105,58.417466],[-159.063346,58.423139],[-159.080496,58.444256],[-159.187347,58.555609],[-159.24229,58.619067],[-159.357625,58.73452],[-159.390664,58.762362],[-159.450831,58.797736],[-159.501768,58.824304],[-159.532347,58.833609],[-159.556355,58.837414],[-159.580287,58.840691],[-159.643549,58.845063],[-159.601899,58.884671],[-159.589811,58.890359],[-159.586966,58.900314],[-159.594788,58.912402],[-159.60261,58.920935],[-159.61612,58.931601],[-159.64243,58.938712],[-159.657362,58.938712],[-159.691493,58.931601],[-159.712114,58.929468],[-159.723491,58.932312],[-159.732932,58.930739],[-159.753754,58.855724],[-159.808777,58.861542],[-159.792923,58.823971],[-159.806305,58.805595],[-159.908386,58.779903],[-159.995667,58.848301],[-159.985352,58.870464],[-160.054047,58.887001],[-160.093109,58.860798],[-160.150528,58.866062],[-160.15448,58.916874],[-160.232788,58.901127],[-160.286346,58.945007],[-160.322922,58.953953],[-160.256592,58.99448],[-160.31778,59.070477],[-160.476578,59.026047],[-160.641785,58.964489],[-160.753067,58.910431],[-160.835358,58.823494],[-160.855194,58.882523],[-160.999741,58.856655],[-161.03452,58.843894],[-161.094249,58.821979],[-161.18338,58.789276],[-161.337982,58.742912],[-161.345396,58.73545],[-161.372711,58.707958],[-161.372314,58.666172],[-161.521347,58.633141],[-161.550537,58.61116],[-161.62645,58.602581],[-161.682907,58.564671],[-161.751999,58.551842],[-161.766296,58.599224],[-161.871216,58.637478],[-162.066269,58.6208],[-162.171722,58.648441],[-161.994644,58.688828],[-161.939163,58.655613],[-161.877213,58.666138],[-161.859055,58.708637],[-161.769501,58.774937],[-161.756622,58.826477],[-161.783981,58.969421],[-161.828171,59.062702],[-161.981964,59.150997],[-162.048584,59.254177],[-162.018982,59.292278],[-161.942993,59.263828],[-161.956528,59.361771],[-161.904053,59.387341],[-161.837936,59.423836],[-161.828125,59.428188],[-161.790375,59.468197],[-161.738312,59.46701],[-161.70253,59.490906],[-161.75798,59.557152],[-161.854752,59.646214],[-161.911163,59.741741],[-162.017059,59.829426],[-162.092361,59.881104],[-162.100708,59.944675],[-162.10856,59.953861],[-162.121072,59.965241],[-162.143049,59.967506],[-162.171759,59.984163],[-162.190616,60.00203],[-162.207225,60.021834],[-162.228371,60.056313],[-162.234642,60.077333],[-162.234043,60.091345],[-162.231426,60.095297],[-162.220054,60.101078],[-162.202141,60.11645],[-162.186148,60.149605],[-162.188441,60.156509],[-162.216366,60.17419],[-162.239267,60.1801],[-162.252564,60.178623],[-162.258105,60.172713],[-162.257318,60.163353],[-162.258328,60.157939],[-162.287089,60.122173],[-162.29385,60.11658],[-162.30109,60.112146],[-162.316922,60.10759],[-162.321481,60.10797],[-162.360185,60.14736],[-162.371131,60.169019],[-162.37187,60.173451],[-162.371032,60.178616],[-162.40227,60.186425],[-162.426344,60.185331],[-162.445727,60.176448],[-162.447904,60.17048],[-162.463026,60.15302],[-162.476214,60.145536],[-162.484234,60.137964],[-162.492346,60.121804],[-162.494327,60.110675],[-162.481175,60.087544],[-162.476759,60.04769],[-162.503647,59.99923],[-162.530118,59.99011],[-162.585518,59.97723],[-162.622569,59.971809],[-162.644231,59.972954],[-162.682717,59.979432],[-162.738592,59.976321],[-162.740059,59.968797],[-162.748554,59.962664],[-162.760007,59.958013],[-162.828585,59.939142],[-162.90726,59.923682],[-162.974977,59.906443],[-163.033128,59.884135],[-163.109595,59.861633],[-163.172633,59.845058],[-163.349027,59.81989],[-163.38767,59.81588],[-163.559148,59.801391],[-163.662607,59.79571],[-163.704795,59.794805],[-163.772229,59.795624],[-163.930798,59.803853],[-164.079837,59.828034],[-164.115117,59.836688],[-164.133393,59.845612],[-164.160319,59.864679],[-164.201811,59.916119],[-164.208475,59.934461],[-164.209843,59.942874],[-164.208306,59.949046],[-164.198545,59.955109],[-164.178705,59.96181],[-164.161024,59.964076],[-164.12543,59.964626],[-164.11508,59.973166],[-164.13181,59.991177],[-164.1916,60.024496],[-164.302968,60.054233],[-164.336111,60.055527],[-164.385471,60.07719],[-164.461194,60.137824],[-164.498556,60.170546],[-164.493861,60.177397],[-164.494317,60.184833],[-164.505677,60.194304],[-164.517647,60.199493],[-164.541699,60.205279],[-164.558343,60.207042],[-164.59607,60.222874],[-164.619501,60.234938],[-164.634362,60.24298],[-164.646332,60.253303],[-164.651996,60.262745],[-164.653098,60.267902],[-164.698889,60.296298],[-164.72657,60.291475],[-164.777233,60.293833],[-164.850355,60.303615],[-164.899296,60.316787],[-164.962678,60.33966],[-165.005576,60.359812],[-165.057585,60.386287],[-165.129403,60.433707],[-165.132893,60.438867],[-165.124792,60.449191],[-165.120728,60.451196],[-165.069693,60.460893],[-165.04907,60.461516],[-165.015155,60.471414],[-164.99787,60.480459],[-164.961439,60.508391],[-164.956788,60.527837],[-164.960843,60.533845],[-164.965488,60.536701],[-164.97128,60.539558],[-164.986952,60.542406],[-165.05744,60.544631],[-165.190449,60.498001],[-165.244442,60.496298],[-165.362975,60.506866],[-165.377559,60.513164],[-165.405071,60.53465],[-165.420349,60.550692],[-165.419788,60.552418],[-165.415193,60.55816],[-165.381052,60.577987],[-165.367676,60.581158],[-165.346721,60.580603],[-165.312937,60.576313],[-165.289651,60.575755],[-165.268717,60.579488],[-165.178617,60.623927],[-165.170458,60.629091],[-165.147184,60.65116],[-165.063148,60.688645],[-165.052642,60.690068],[-165.0433,60.687468],[-165.027535,60.686008],[-164.991665,60.69884],[-164.97125,60.711434],[-164.966591,60.717438],[-164.96541,60.724306],[-164.971839,60.72973],[-165.010452,60.744789],[-165.023904,60.753128],[-165.032074,60.760022],[-165.040843,60.77266],[-165.042584,60.78443],[-165.037889,60.78901],[-165.032615,60.786704],[-165.020309,60.785539],[-164.977663,60.79036],[-164.944914,60.800379],[-164.92418,60.809331],[-164.939313,60.823463],[-165.009703,60.81506],[-165.02143,60.815086],[-165.02962,60.826001],[-165.030183,60.83805],[-165.003679,60.87558],[-164.945958,60.92106],[-164.939496,60.924774],[-164.925994,60.925063],[-164.917542,60.928144],[-164.903903,60.942213],[-164.921256,60.946509],[-164.940065,60.945369],[-165.007096,60.922058],[-165.03204,60.903986],[-165.016941,60.891071],[-165.080907,60.860224],[-165.132488,60.850145],[-165.176774,60.847149],[-165.177531,60.858865],[-165.22348,60.89645],[-165.216942,60.914322],[-165.157111,60.917363],[-165.155232,60.929186],[-165.172467,60.940328],[-165.194945,60.9739],[-165.194964,60.979915],[-165.190271,60.983073],[-165.133937,61.01125],[-165.115681,61.016097],[-165.097425,61.016658],[-165.096828,61.014944],[-165.083282,61.012933],[-165.020265,61.011153],[-164.998172,61.013826],[-164.961527,61.024166],[-164.951103,61.03102],[-164.950573,61.048079],[-164.927825,61.084392],[-164.902245,61.077902],[-164.87045,61.079564],[-164.868009,61.096394],[-164.883441,61.105924],[-164.891286,61.108246],[-164.941253,61.110863],[-164.981718,61.109691],[-164.991273,61.107232],[-164.997636,61.10443],[-164.998547,61.079492],[-164.993599,61.076241],[-164.991227,61.072192],[-164.995695,61.058035],[-165.011271,61.051984],[-165.029551,61.05401],[-165.057842,61.059746],[-165.119781,61.07864],[-165.167636,61.113502],[-165.175321,61.120926],[-165.17711,61.125494],[-165.167072,61.133487],[-165.165857,61.136567],[-165.16886,61.144913],[-165.172994,61.146919],[-165.203757,61.150341],[-165.2897,61.181714],[-165.307976,61.181823],[-165.325552,61.169306],[-165.344389,61.123691],[-165.350154,61.104545],[-165.350113,61.097407],[-165.347082,61.084847],[-165.342321,61.079994],[-165.336996,61.077709],[-165.338136,61.073432],[-165.343442,61.070564],[-165.370544,61.066821],[-165.403007,61.06706],[-165.498726,61.079149],[-165.549613,61.088162],[-165.578127,61.100361],[-165.590682,61.111169],[-165.631996,61.220708],[-165.634048,61.237557],[-165.627549,61.258125],[-165.620589,61.268586],[-165.623317,61.278431],[-165.635791,61.285456],[-165.662892,61.29457],[-165.787442,61.310063],[-165.809373,61.306827],[-165.816434,61.303363],[-165.831365,61.306719],[-165.858993,61.318865],[-165.879599,61.335044],[-165.915445,61.387686],[-165.921194,61.40308],[-165.92195,61.409638],[-165.918612,61.419087],[-165.844525,61.440601],[-165.800525,61.449657],[-165.791085,61.449852],[-165.767226,61.45695],[-165.748503,61.476446],[-165.746352,61.489304],[-165.754317,61.498704],[-165.807627,61.529171],[-165.912496,61.5562],[-165.964035,61.555919],[-165.981879,61.551249],[-165.985948,61.54665],[-165.999535,61.53972],[-166.034748,61.535221],[-166.075524,61.532672],[-166.08868,61.522885],[-166.079983,61.513464],[-166.058242,61.500419],[-166.075398,61.49298],[-166.108269,61.492475],[-166.124202,61.504645],[-166.158345,61.541537],[-166.165232,61.550618],[-166.178627,61.574807],[-166.18185,61.581342],[-166.182688,61.588481],[-166.158976,61.700437],[-166.153178,61.714931],[-166.143757,61.724352],[-166.134285,61.723919],[-166.13302,61.721918],[-166.134402,61.709068],[-166.138684,61.667101],[-166.140133,61.639562],[-166.139409,61.632315],[-166.132162,61.63159],[-166.053983,61.638201],[-166.031834,61.641199],[-166.015134,61.645866],[-165.967894,61.654432],[-165.903783,61.663632],[-165.82214,61.67061],[-165.809933,61.673029],[-165.81,61.68936],[-165.856791,61.690734],[-165.934968,61.706299],[-165.993851,61.723105],[-166.006693,61.729879],[-166.092081,61.800733],[-166.094045,61.805296],[-166.094312,61.813859],[-166.085334,61.816498],[-165.955265,61.832408],[-165.870982,61.826013],[-165.758413,61.825444],[-165.74709,61.82772],[-165.736904,61.832901],[-165.736429,61.839188],[-165.730439,61.842075],[-165.696038,61.847055],[-165.640216,61.848041],[-165.608427,61.855892],[-165.600043,61.859663],[-165.612337,61.871907],[-165.667939,61.900275],[-165.703482,61.921572],[-165.725818,61.947184],[-165.741481,61.971392],[-165.756806,62.006337],[-165.756386,62.014032],[-165.748641,62.047145],[-165.743522,62.06228],[-165.734117,62.076873],[-165.706155,62.108365],[-165.672037,62.13989],[-165.620746,62.172616],[-165.500322,62.255451],[-165.373713,62.338196],[-165.337722,62.359031],[-165.311967,62.378812],[-165.294962,62.403353],[-165.26927,62.427352],[-165.199804,62.469637],[-165.096155,62.522452],[-165.046045,62.54042],[-164.868059,62.571142],[-164.770232,62.592082],[-164.777244,62.609083],[-164.796056,62.611486],[-164.842846,62.604504],[-164.89374,62.599671],[-164.914064,62.60253],[-164.928813,62.608992],[-164.935992,62.613456],[-164.940464,62.618431],[-164.942068,62.624956],[-164.932145,62.651071],[-164.91291,62.657496],[-164.865896,62.645817],[-164.857109,62.635513],[-164.837337,62.631446],[-164.81711,62.636697],[-164.857182,62.76883],[-164.86364,62.77262],[-164.870348,62.774135],[-164.8773,62.78432],[-164.877773,62.797774],[-164.87564,62.806254],[-164.850838,62.83951],[-164.836318,62.852168],[-164.795229,62.858486],[-164.768253,62.871331],[-164.751982,62.893169],[-164.742134,62.920144],[-164.745514,62.944865],[-164.765769,62.954907],[-164.766117,62.958228],[-164.716841,63.006264],[-164.685213,63.022191],[-164.583735,63.058457],[-164.580201,63.070127],[-164.611616,63.077673],[-164.641186,63.07268],[-164.643672,63.074975],[-164.644886,63.079268],[-164.640324,63.091257],[-164.633943,63.09782],[-164.493118,63.17767],[-164.423449,63.211977],[-164.363592,63.22628],[-164.209475,63.251472],[-164.140096,63.259336],[-164.066991,63.262276],[-164.036565,63.261204],[-163.970266,63.248291],[-163.909405,63.232514],[-163.885059,63.222308],[-163.788882,63.217482],[-163.755283,63.217461],[-163.73265,63.213257],[-163.725805,63.21062],[-163.724072,63.206592],[-163.70398,63.188107],[-163.650294,63.157564],[-163.616272,63.141213],[-163.590122,63.146091],[-163.529938,63.1354],[-163.520806,63.12328],[-163.507217,63.113685],[-163.474794,63.099053],[-163.433968,63.089296],[-163.417683,63.083874],[-163.364979,63.055805],[-163.316203,63.037763],[-163.130853,63.049387],[-163.053996,63.058334],[-163.0405,63.062151],[-162.998302,63.089286],[-162.919727,63.120153],[-162.901643,63.125597],[-162.844559,63.154191],[-162.83785,63.159224],[-162.834926,63.164621],[-162.840187,63.187579],[-162.839167,63.193004],[-162.834354,63.198076],[-162.821122,63.205596],[-162.769536,63.217069],[-162.758741,63.217187],[-162.747621,63.213572],[-162.72408,63.214615],[-162.688083,63.220608],[-162.662614,63.229906],[-162.587754,63.275727],[-162.37771,63.272891],[-162.374087,63.186423],[-162.184665,63.186448],[-162.177514,63.096467],[-161.990032,63.096024],[-161.990906,63.012675],[-160.851144,63.012689],[-160.941899,62.998883],[-160.942287,62.898827],[-160.993241,62.897962],[-161.000397,62.551764],[-161.04528,62.550449],[-161.047821,62.206673],[-160.910169,62.204383],[-160.913973,61.949378],[-160.534142,61.947257],[-159.265098,61.945564],[-159.26095,62.032026],[-158.531113,62.031708],[-158.532398,62.118595],[-157.51702,62.123543],[-157.074237,62.129913],[-157.073592,62.029567],[-155.107471,62.029371],[-153.735846,62.02937],[-153.740629,62.121565],[-153.395401,62.124776],[-153.39432,62.209115],[-153.070317,62.208517],[-153.067697,62.295211],[-153.001262,62.295331],[-153.001339,62.72744],[-151.893149,62.722992],[-151.888963,62.795348],[-151.387904,62.910327],[-149.506984,63.332164],[-148.035867,63.330788],[-148.032727,63.469757],[-146.975489,63.479746],[-146.489541,63.482913],[-146.484119,63.173325],[-146.32926,63.190562],[-146.140827,63.184013],[-146.111233,63.22125],[-145.148881,63.222211],[-145.148422,63.133568],[-144.575427,63.133381],[-144.576439,63.117871],[-143.876857,63.113153],[-143.126854,63.115888],[-143.088616,63.008567],[-143.001212,62.993787],[-143.027483,62.935424],[-143.196314,62.826152],[-143.007728,62.766011],[-143.138459,62.691159],[-143.159193,62.636952],[-143.104753,62.613456],[-142.842155,62.597198],[-142.736106,62.702023],[-142.629088,62.683657],[-142.314531,62.683952],[-142.320598,62.598671],[-141.963703,62.510628],[-141.978417,62.165011],[-142.017011,62.127586],[-141.830194,62.12758],[-141.828648,61.90103],[-141.00202,61.901922],[-141.00185,60.391688],[-141.213615,60.392456],[-141.213691,60.435809],[-141.763696,60.435027],[-141.765581,60.527746],[-141.963079,60.521376],[-142.817324,60.515849],[-143.167061,60.518816],[-143.889952,60.0423],[-143.885474,59.996787],[-143.891429,59.995798],[-143.931211,59.998343],[-143.978568,60.006347],[-143.989235,60.00883],[-143.988639,60.013993],[-143.991356,60.017725],[-144.001244,60.020906],[-144.013823,60.024398],[-144.043536,60.025174],[-144.055365,60.037003],[-144.052424,60.047001],[-144.033324,60.059533],[-144.140503,60.1144],[-144.204654,60.137301],[-144.229803,60.142788],[-144.253878,60.165894],[-144.253979,60.182934],[-144.318856,60.189295],[-144.358774,60.188132],[-144.369311,60.185659],[-144.379225,60.16909],[-144.441936,60.163069],[-144.453957,60.166004],[-144.47816,60.181595],[-144.501059,60.189815],[-144.534892,60.18942],[-144.545101,60.186999],[-144.553786,60.181914],[-144.555093,60.178485],[-144.558163,60.177797],[-144.596256,60.181666],[-144.654899,60.204882],[-144.666556,60.222572],[-144.662685,60.229296],[-144.662364,60.23948],[-144.666134,60.243885],[-144.715474,60.271215],[-144.75345,60.283515],[-144.782521,60.291972],[-144.892815,60.292821],[-144.914016,60.280934],[-144.942134,60.289728],[-144.912707,60.363178],[-144.871428,60.407269],[-144.855457,60.416886],[-144.834059,60.443751],[-144.848662,60.455192],[-144.874451,60.457304],[-144.887342,60.456048],[-144.903296,60.442581],[-144.964135,60.444466],[-144.983585,60.446902],[-145.012409,60.44792],[-145.12555,60.429389],[-145.152365,60.421558],[-145.181041,60.407531],[-145.191183,60.395239],[-145.202891,60.374915],[-145.169934,60.329987],[-145.112199,60.2962],[-145.122441,60.289876],[-145.222896,60.297911],[-145.364296,60.335961],[-145.503315,60.387954],[-145.510457,60.408988],[-145.50393,60.410607],[-145.501549,60.416799],[-145.502351,60.420811],[-145.536942,60.430533],[-145.561523,60.443124],[-145.594158,60.45183],[-145.668841,60.465431],[-145.735938,60.47466],[-145.799318,60.462031],[-145.853469,60.44563],[-145.882293,60.444633],[-145.9469,60.455395],[-145.957404,60.461101],[-145.96106,60.465017],[-145.960508,60.46751],[-145.914403,60.49235],[-145.863092,60.501821],[-145.802387,60.520173],[-145.712891,60.583249],[-145.736494,60.59521],[-145.764045,60.591588],[-145.780628,60.579182],[-145.798819,60.561918],[-145.820659,60.550051],[-145.828622,60.549746],[-145.964543,60.513557],[-146.039209,60.492968],[-146.074409,60.480085],[-146.109713,60.470345],[-146.216786,60.450228],[-146.247144,60.451188],[-146.312552,60.457438],[-146.317354,60.460608],[-146.351292,60.454293],[-146.355334,60.449349],[-146.356252,60.425527],[-146.350104,60.40778],[-146.330118,60.407098],[-146.308784,60.414246],[-146.284201,60.417656],[-146.133957,60.431523],[-146.127029,60.430815],[-146.123595,60.428031],[-146.126199,60.42429],[-146.094249,60.410296],[-146.133058,60.383774],[-146.19868,60.359928],[-146.268052,60.347958],[-146.302167,60.349234],[-146.392859,60.327476],[-146.458322,60.30725],[-146.490407,60.294939],[-146.539897,60.270968],[-146.607295,60.241182],[-146.62798,60.239633],[-146.64103,60.240897],[-146.650455,60.242982],[-146.689126,60.271279],[-146.693637,60.279608],[-146.693149,60.284593],[-146.68147,60.292247],[-146.649855,60.305063],[-146.594979,60.321203],[-146.571617,60.321755],[-146.540306,60.338811],[-146.524194,60.350667],[-146.542704,60.357974],[-146.575438,60.357272],[-146.607038,60.351673],[-146.624217,60.341407],[-146.655894,60.340462],[-146.717151,60.349598],[-146.725114,60.359939],[-146.723671,60.387606],[-146.721082,60.396416],[-146.637386,60.467178],[-146.610443,60.485613],[-146.590633,60.491039],[-146.528853,60.492135],[-146.523866,60.487332],[-146.505445,60.476961],[-146.455047,60.465318],[-146.368003,60.480671],[-146.316364,60.497499],[-146.289686,60.515692],[-146.155893,60.526296],[-146.079963,60.543056],[-145.95134,60.576779],[-145.886523,60.585713],[-145.872572,60.584836],[-145.844229,60.586509],[-145.800411,60.593996],[-145.794744,60.601121],[-145.795287,60.603151],[-145.815708,60.612217],[-145.83232,60.614851],[-145.856046,60.610936],[-145.88835,60.610304],[-145.896266,60.611789],[-145.897785,60.613653],[-145.89616,60.628684],[-145.895243,60.629213],[-145.897145,60.651214],[-145.883904,60.658185],[-145.86777,60.666784],[-145.841345,60.685893],[-145.841418,60.689787],[-145.84454,60.690169],[-145.851783,60.689858],[-145.85816,60.688484],[-145.87582,60.683453],[-145.894257,60.674164],[-145.899208,60.671118],[-145.922006,60.651954],[-145.924923,60.648898],[-145.936921,60.632053],[-145.937067,60.63049],[-145.965559,60.622748],[-146.002533,60.615082],[-146.004621,60.616231],[-146.005755,60.616854],[-146.007675,60.619742],[-146.007747,60.625326],[-145.999198,60.640832],[-145.968734,60.668235],[-145.937031,60.682822],[-145.931436,60.685478],[-145.911538,60.696647],[-145.899162,60.705642],[-145.901279,60.715373],[-145.905477,60.715045],[-145.978105,60.684712],[-146.016402,60.667222],[-146.02502,60.665311],[-146.05567,60.658685],[-146.086293,60.65203],[-146.116912,60.643327],[-146.130941,60.639181],[-146.143249,60.633869],[-146.147236,60.631407],[-146.187676,60.624521],[-146.253074,60.622315],[-146.25838,60.626288],[-146.263142,60.631932],[-146.268684,60.64124],[-146.270257,60.644928],[-146.27025,60.648035],[-146.262982,60.651569],[-146.188159,60.687333],[-146.178676,60.691483],[-146.14064,60.707652],[-146.124073,60.712417],[-146.101061,60.719277],[-146.043736,60.743636],[-146.045326,60.75404],[-146.048704,60.76377],[-146.064557,60.776944],[-146.067221,60.773918],[-146.070967,60.770956],[-146.085107,60.761063],[-146.08978,60.758156],[-146.12039,60.741981],[-146.16022,60.726383],[-146.168059,60.72535],[-146.191156,60.73199],[-146.199026,60.734359],[-146.201912,60.735912],[-146.2001,60.743081],[-146.20874,60.74439],[-146.216811,60.7417],[-146.22825,60.735643],[-146.230706,60.722008],[-146.239512,60.716889],[-146.257663,60.713068],[-146.303398,60.713214],[-146.313858,60.717926],[-146.3173,60.721124],[-146.317949,60.723817],[-146.312283,60.734401],[-146.346573,60.735747],[-146.386892,60.714598],[-146.402873,60.693084],[-146.41252,60.69045],[-146.474142,60.681539],[-146.499849,60.680134],[-146.517848,60.688102],[-146.532396,60.689748],[-146.578813,60.690212],[-146.607153,60.686377],[-146.623266,60.68042],[-146.649059,60.683438],[-146.667754,60.692761],[-146.699219,60.732176],[-146.703597,60.741903],[-146.605008,60.758608],[-146.566731,60.751198],[-146.500678,60.772113],[-146.464824,60.770722],[-146.358618,60.786193],[-146.304445,60.798038],[-146.255415,60.809962],[-146.183158,60.846969],[-146.171897,60.862823],[-146.173131,60.866071],[-146.188185,60.869374],[-146.262572,60.867787],[-146.268659,60.863842],[-146.290202,60.842694],[-146.313757,60.827833],[-146.333424,60.821921],[-146.394369,60.812271],[-146.550577,60.809402],[-146.555964,60.810066],[-146.620419,60.869019],[-146.664368,60.870854],[-146.700741,60.848345],[-146.718132,60.835667],[-146.719532,60.830166],[-146.714748,60.820385],[-146.71979,60.814475],[-146.724844,60.81212],[-146.754847,60.807882],[-146.800612,60.80516],[-146.819018,60.816346],[-146.819008,60.841568],[-146.816305,60.855628],[-146.787431,60.865597],[-146.774155,60.876225],[-146.757004,60.878454],[-146.727226,60.86627],[-146.69769,60.872534],[-146.711287,60.896465],[-146.736025,60.910301],[-146.746758,60.935454],[-146.745543,60.957582],[-146.701356,60.987009],[-146.65343,61.047752],[-146.661518,61.060776],[-146.690552,61.064076],[-146.78373,61.042936],[-146.848112,61.000587],[-146.862709,60.982523],[-146.861961,60.976177],[-146.868826,60.971448],[-146.879853,60.965161],[-146.929789,60.944263],[-146.973072,60.934835],[-147.038952,60.942079],[-147.055754,60.945468],[-147.070552,60.963312],[-147.06323,60.974057],[-147.047088,60.991209],[-147.062671,61.004336],[-147.094863,61.010189],[-147.112607,61.002974],[-147.136884,60.980968],[-147.144639,60.963492],[-147.135571,60.946248],[-147.143314,60.939831],[-147.171624,60.932877],[-147.181257,60.933099],[-147.20493,60.94266],[-147.215273,60.948077],[-147.220809,60.953121],[-147.226487,60.96216],[-147.219575,60.969505],[-147.220325,60.981702],[-147.221616,60.983541],[-147.252984,60.979621],[-147.273646,60.974595],[-147.278004,60.961063],[-147.280437,60.916963],[-147.378086,60.877845],[-147.451569,60.894219],[-147.452904,60.897366],[-147.451699,60.92588],[-147.453406,60.941468],[-147.47309,60.957552],[-147.491546,60.957998],[-147.507268,60.927235],[-147.50601,60.92117],[-147.502365,60.920429],[-147.493812,60.912379],[-147.517424,60.894819],[-147.525056,60.896057],[-147.543002,60.903331],[-147.549756,60.908009],[-147.536798,61.019346],[-147.534034,61.03109],[-147.515782,61.061408],[-147.502323,61.072056],[-147.513776,61.096127],[-147.525097,61.101176],[-147.558201,61.099797],[-147.554439,61.091719],[-147.557226,61.081402],[-147.59126,61.016591],[-147.6188,60.97004],[-147.613846,60.951496],[-147.597749,60.913905],[-147.587309,60.874463],[-147.602405,60.849978],[-147.626585,60.845065],[-147.668593,60.841563],[-147.671928,60.845283],[-147.677292,60.86996],[-147.66296,60.874951],[-147.665855,60.883774],[-147.730391,60.911256],[-147.760843,60.913227],[-147.787115,60.873511],[-147.779717,60.863435],[-147.766961,60.853544],[-147.750212,60.852141],[-147.732124,60.824711],[-147.729421,60.818252],[-147.733252,60.816975],[-147.743256,60.813887],[-147.777157,60.811018],[-147.828765,60.815947],[-147.85592,60.820882],[-147.913399,60.825152],[-147.915116,60.818955],[-147.920445,60.812442],[-148.033953,60.783198],[-148.098148,60.786556],[-148.133987,60.791268],[-148.144355,60.797089],[-148.151597,60.818122],[-148.148298,60.828701],[-148.101841,60.899347],[-148.08522,60.918613],[-148.065132,60.937963],[-148.017276,60.971807],[-147.950619,61.029211],[-147.947785,61.040625],[-147.961969,61.059537],[-147.973392,61.067391],[-147.982673,61.070246],[-147.991241,61.069533],[-148.001637,61.060103],[-148.003216,61.053797],[-148.065505,61.003979],[-148.09009,61.00511],[-148.095004,61.011384],[-148.105388,61.035123],[-148.125128,61.070698],[-148.149024,61.076672],[-148.165969,61.069277],[-148.164452,61.042665],[-148.177649,60.999608],[-148.19897,60.971584],[-148.218954,60.953573],[-148.241664,60.937738],[-148.265584,60.936331],[-148.281248,60.917792],[-148.294475,60.862751],[-148.30971,60.837737],[-148.340711,60.809072],[-148.35046,60.803991],[-148.375416,60.80347],[-148.389517,60.805622],[-148.396614,60.813694],[-148.426555,60.827113],[-148.446278,60.808705],[-148.450122,60.796405],[-148.45089,60.789487],[-148.441666,60.777956],[-148.431078,60.771842],[-148.405576,60.780301],[-148.395962,60.779701],[-148.381999,60.775768],[-148.366407,60.765833],[-148.365314,60.740969],[-148.384094,60.687754],[-148.374018,60.67264],[-148.347881,60.680327],[-148.326357,60.709539],[-148.280136,60.753337],[-148.269523,60.757389],[-148.229756,60.76414],[-148.147662,60.758536],[-148.120366,60.748952],[-148.106987,60.73977],[-148.091315,60.676249],[-148.093732,60.661533],[-148.142596,60.622632],[-148.229961,60.595062],[-148.237828,60.600206],[-148.254852,60.595124],[-148.292837,60.565496],[-148.306123,60.550702],[-148.328167,60.531913],[-148.333245,60.530464],[-148.345627,60.502973],[-148.346378,60.48873],[-148.328987,60.476182],[-148.293534,60.483001],[-148.255425,60.49341],[-148.247867,60.500504],[-148.250132,60.507573],[-148.238554,60.521443],[-148.192033,60.557371],[-148.114766,60.596029],[-148.102747,60.598026],[-148.086378,60.595518],[-147.979019,60.519146],[-147.963617,60.50275],[-147.971198,60.486479],[-147.97725,60.480937],[-147.941709,60.444029],[-147.992939,60.352596],[-148.025597,60.279029],[-148.064494,60.276233],[-148.115864,60.279522],[-148.150132,60.29621],[-148.153122,60.303062],[-148.153624,60.3116],[-148.150109,60.320739],[-148.150231,60.324182],[-148.170881,60.335266],[-148.192669,60.339103],[-148.216921,60.331594],[-148.215848,60.318269],[-148.211194,60.306961],[-148.215152,60.301014],[-148.284807,60.270971],[-148.312625,60.263084],[-148.325572,60.261824],[-148.3621,60.221849],[-148.339155,60.21335],[-148.332652,60.214],[-148.321208,60.218469],[-148.275752,60.24927],[-148.216863,60.260006],[-148.208328,60.259342],[-148.192,60.2525],[-148.188298,60.248574],[-148.192569,60.241826],[-148.200779,60.236711],[-148.228931,60.235911],[-148.234227,60.223689],[-148.19053,60.206957],[-148.165099,60.206173],[-148.158947,60.211675],[-148.153775,60.226236],[-148.153037,60.235528],[-148.139869,60.241081],[-148.090238,60.215863],[-148.1173,60.191335],[-148.133624,60.18839],[-148.13499,60.184596],[-148.130641,60.169789],[-148.126291,60.167063],[-148.090876,60.168649],[-148.080188,60.171568],[-148.079884,60.184234],[-148.085791,60.190041],[-148.082874,60.192357],[-148.061865,60.200094],[-148.051918,60.202062],[-148.003433,60.176167],[-148.006656,60.168461],[-148.018404,60.157419],[-148.02887,60.150518],[-148.032495,60.148423],[-148.064401,60.148508],[-148.09723,60.12012],[-148.121797,60.073548],[-148.095719,60.065935],[-148.079466,60.073251],[-148.053431,60.090762],[-148.040178,60.112361],[-148.01227,60.124734],[-147.961701,60.1409],[-147.912824,60.132576],[-147.89232,60.119515],[-147.887734,60.109683],[-147.892576,60.101161],[-147.973112,60.064636],[-147.998659,60.062305],[-148.013551,60.038159],[-148.023817,60.007108],[-148.016035,59.999344],[-147.986164,59.999344],[-147.924401,60.03623],[-147.892229,60.063265],[-147.879679,60.069593],[-147.860607,60.076356],[-147.848072,60.078962],[-147.822043,60.066955],[-147.816451,60.061824],[-147.815238,60.058562],[-147.823738,60.045035],[-147.863929,60.006619],[-147.917538,59.985997],[-148.005827,59.961542],[-148.03177,59.955862],[-148.036776,59.956664],[-148.050706,59.968908],[-148.050143,59.976767],[-148.056373,59.990423],[-148.069919,59.989098],[-148.08582,59.977512],[-148.104818,59.969237],[-148.135095,59.959055],[-148.153742,59.954643],[-148.224838,59.950195],[-148.251099,59.952416],[-148.252869,59.955614],[-148.213497,59.994643],[-148.193842,59.998979],[-148.179545,59.996653],[-148.147614,59.994952],[-148.1323,59.997697],[-148.128693,60.003442],[-148.138918,60.012416],[-148.175808,60.026337],[-148.212668,60.018101],[-148.273844,60.013318],[-148.317941,60.028731],[-148.305725,60.054468],[-148.290367,60.059995],[-148.292816,60.151289],[-148.305868,60.161607],[-148.316849,60.165437],[-148.346535,60.162108],[-148.358188,60.15651],[-148.369109,60.120922],[-148.382325,60.063299],[-148.401204,59.9976],[-148.429106,59.969158],[-148.445588,59.963755],[-148.470205,59.973708],[-148.480171,59.979653],[-148.482505,59.983308],[-148.476974,59.989515],[-148.480436,59.999394],[-148.508825,60.002875],[-148.544134,60.002809],[-148.556294,59.984931],[-148.555253,59.980657],[-148.599121,59.950889],[-148.635842,59.939661],[-148.673822,59.944828],[-148.676172,59.947216],[-148.675485,59.95207],[-148.664283,59.965128],[-148.661876,59.967436],[-148.66083,59.969735],[-148.662712,59.971825],[-148.668146,59.973497],[-148.674841,59.972699],[-148.688758,59.968006],[-148.715511,59.96212],[-148.725872,59.963727],[-148.727688,59.96505],[-148.729731,59.972376],[-148.737453,59.980879],[-148.743229,59.985389],[-148.749742,59.988497],[-148.755366,59.989237],[-148.759807,59.988941],[-148.763803,59.987905],[-148.766911,59.986869],[-148.769871,59.983464],[-148.797927,59.9774],[-148.801223,59.975844],[-148.810654,59.963105],[-148.838304,59.9499],[-148.872181,59.950321],[-148.884265,59.955388],[-148.888537,59.966362],[-148.901981,59.973319],[-148.913089,59.983207],[-148.914569,59.986891],[-148.912676,59.992894],[-148.917819,59.995595],[-148.938327,59.999074],[-148.957554,59.998371],[-148.977589,59.989881],[-148.990301,59.981013],[-149.01679,59.976134],[-149.028418,59.978821],[-149.029394,59.984098],[-149.027274,59.991698],[-149.031273,59.998492],[-149.043265,59.999115],[-149.067833,59.982177],[-149.09507,59.983019],[-149.100687,59.985727],[-149.101785,59.990943],[-149.102321,59.993149],[-149.101717,59.994155],[-149.098699,59.996167],[-149.095278,59.997374],[-149.090072,59.999445],[-149.089077,60.004504],[-149.072716,60.019653],[-149.041599,60.030726],[-149.037439,60.04053],[-149.040358,60.048744],[-149.04929,60.0587],[-149.0587,60.061419],[-149.096621,60.044631],[-149.133115,60.044918],[-149.204853,60.009212],[-149.223781,59.982763],[-149.23539,59.938792],[-149.287588,59.906506],[-149.327029,59.987029],[-149.325822,60.001033],[-149.341584,60.076762],[-149.360414,60.101665],[-149.393171,60.099845],[-149.416829,60.088926],[-149.416829,59.997934],[-149.427748,59.996114],[-149.435027,59.990655],[-149.462855,59.950151],[-149.475659,59.952698],[-149.507429,59.964519],[-149.549677,59.919681],[-149.584254,59.866905],[-149.542398,59.823229],[-149.511461,59.806851],[-149.527839,59.750436],[-149.598813,59.755895],[-149.640669,59.799571],[-149.666147,59.850527],[-149.706184,59.910582],[-149.7535,59.861446],[-149.738941,59.732237],[-149.75168,59.717678],[-149.75911,59.697825],[-149.778024,59.68593],[-149.798304,59.677545],[-149.842672,59.7013],[-149.839032,59.752255],[-149.889988,59.785013],[-149.97734,59.801391],[-150.028296,59.788652],[-150.042854,59.772274],[-150.015557,59.754075],[-149.97916,59.744976],[-149.948223,59.717678],[-149.962781,59.69766],[-150.002818,59.683101],[-150.022836,59.655804],[-150.031935,59.613947],[-150.068332,59.637605],[-150.09563,59.648524],[-150.108369,59.603028],[-150.168424,59.561172],[-150.223019,59.539334],[-150.253956,59.521136],[-150.310371,59.508397],[-150.343128,59.512036],[-150.334029,59.541154],[-150.315831,59.562992],[-150.317651,59.599389],[-150.347696,59.600928],[-150.355493,59.598412],[-150.412448,59.554628],[-150.431518,59.514287],[-150.478742,59.458498],[-150.4989,59.456298],[-150.516317,59.462326],[-150.521537,59.467924],[-150.521626,59.474672],[-150.518382,59.477136],[-150.515867,59.482167],[-150.516286,59.486778],[-150.522994,59.494744],[-150.536119,59.498457],[-150.543537,59.510256],[-150.550245,59.527026],[-150.549825,59.538764],[-150.533056,59.56308],[-150.537248,59.581108],[-150.54186,59.586977],[-150.547729,59.590331],[-150.556114,59.590331],[-150.575818,59.579431],[-150.589315,59.565154],[-150.594543,59.553167],[-150.60223,59.545891],[-150.614808,59.545472],[-150.631158,59.549245],[-150.639543,59.547149],[-150.638704,59.532056],[-150.631577,59.521575],[-150.615152,59.510199],[-150.595056,59.499777],[-150.589645,59.500083],[-150.584636,59.49451],[-150.579595,59.47954],[-150.579869,59.475709],[-150.584342,59.467715],[-150.585567,59.450057],[-150.581182,59.445233],[-150.601162,59.425657],[-150.650046,59.420885],[-150.651586,59.421751],[-150.65401,59.445458],[-150.656329,59.454437],[-150.667211,59.4579],[-150.683235,59.458541],[-150.716564,59.450849],[-150.729062,59.442197],[-150.739958,59.425211],[-150.745004,59.400729],[-150.769853,59.372966],[-150.79547,59.362845],[-150.819565,59.357276],[-150.834627,59.35198],[-150.877447,59.31812],[-150.911598,59.311614],[-150.912817,59.305214],[-150.895552,59.286227],[-150.887825,59.273526],[-150.887821,59.26792],[-150.897808,59.255648],[-150.942212,59.233136],[-150.959531,59.232537],[-150.975164,59.236141],[-150.988397,59.230549],[-150.995406,59.224149],[-151.001196,59.224149],[-151.006682,59.233292],[-151.008815,59.245787],[-151.007292,59.251577],[-150.996808,59.257739],[-150.999063,59.271082],[-151.023097,59.269045],[-151.03243,59.275762],[-151.044411,59.293611],[-151.0461,59.299359],[-151.057756,59.301721],[-151.070305,59.287852],[-151.068166,59.284102],[-151.071902,59.281058],[-151.087319,59.26879],[-151.091532,59.269187],[-151.105635,59.263143],[-151.101102,59.240605],[-151.102395,59.228713],[-151.107558,59.217792],[-151.126247,59.209923],[-151.163408,59.202636],[-151.186254,59.202813],[-151.190948,59.206632],[-151.192634,59.211208],[-151.206053,59.219319],[-151.223629,59.224347],[-151.261636,59.220304],[-151.273779,59.229663],[-151.280544,59.230476],[-151.28488,59.227586],[-151.287063,59.224789],[-151.287771,59.219417],[-151.292812,59.214273],[-151.305724,59.209544],[-151.341601,59.222231],[-151.379612,59.242024],[-151.387261,59.25045],[-151.390544,59.264917],[-151.399549,59.276005],[-151.407203,59.279349],[-151.429415,59.268552],[-151.437695,59.253989],[-151.449207,59.248457],[-151.488612,59.237714],[-151.509551,59.234395],[-151.518488,59.230309],[-151.525127,59.224947],[-151.520245,59.21693],[-151.504699,59.21269],[-151.499592,59.207839],[-151.497805,59.204264],[-151.498826,59.200178],[-151.502657,59.195071],[-151.521455,59.195483],[-151.558151,59.200085],[-151.574664,59.195327],[-151.579261,59.187666],[-151.576452,59.172601],[-151.580351,59.165233],[-151.590729,59.161725],[-151.698875,59.163081],[-151.710625,59.158097],[-151.720931,59.156078],[-151.739068,59.156005],[-151.748451,59.158601],[-151.764908,59.17551],[-151.761451,59.205235],[-151.75853,59.215743],[-151.761301,59.221327],[-151.838335,59.209135],[-151.874356,59.211931],[-151.915684,59.227522],[-151.917248,59.231254],[-151.910958,59.236707],[-151.906191,59.237963],[-151.905106,59.247075],[-151.925051,59.254428],[-151.952723,59.250447],[-151.959279,59.247625],[-151.978748,59.253779],[-151.991618,59.313617],[-151.96313,59.344958],[-151.952705,59.349413],[-151.924018,59.354417],[-151.903021,59.360454],[-151.890738,59.373156],[-151.887102,59.382532],[-151.908015,59.395274],[-151.905153,59.401035],[-151.886513,59.421033],[-151.826047,59.439049],[-151.770875,59.447917],[-151.75142,59.446554],[-151.740538,59.438432],[-151.728486,59.439679],[-151.720421,59.443117],[-151.706462,59.462811],[-151.694726,59.46837],[-151.634472,59.482443],[-151.570032,59.468945],[-151.542349,59.467061],[-151.528493,59.472338],[-151.50589,59.477048],[-151.485624,59.475459],[-151.470992,59.47225],[-151.466272,59.48405],[-151.46963,59.502811],[-151.436359,59.530329],[-151.420966,59.537728],[-151.365776,59.541255],[-151.32367,59.550943],[-151.272459,59.555823],[-151.266733,59.562632],[-151.264811,59.568598],[-151.271737,59.576468],[-151.278905,59.589029],[-151.278827,59.59298],[-151.274795,59.596986],[-151.201678,59.591503],[-151.203835,59.577961],[-151.20913,59.573623],[-151.208364,59.562061],[-151.192803,59.562432],[-151.164259,59.587013],[-151.158254,59.594141],[-151.165427,59.601329],[-151.188032,59.608687],[-151.205459,59.630284],[-151.207639,59.64067],[-151.203186,59.645989],[-151.173984,59.651793],[-151.126122,59.668336],[-151.121362,59.674735],[-151.122791,59.677782],[-151.11649,59.696132],[-151.098253,59.709442],[-151.018888,59.756593],[-150.927312,59.793431],[-150.948132,59.792194],[-150.982996,59.783543],[-151.001663,59.788391],[-151.006717,59.792986],[-151.027756,59.796196],[-151.063758,59.793146],[-151.113845,59.777231],[-151.172439,59.751346],[-151.214539,59.729847],[-151.329812,59.683644],[-151.377054,59.681313],[-151.42484,59.670521],[-151.43661,59.66636],[-151.439187,59.663247],[-151.441127,59.653543],[-151.448669,59.648171],[-151.461253,59.643039],[-151.503822,59.633662],[-151.643061,59.646966],[-151.686486,59.660864],[-151.746815,59.686234],[-151.7963,59.704156],[-151.829137,59.720151],[-151.850272,59.739035],[-151.859327,59.749567],[-151.869468,59.769159],[-151.867713,59.778411],[-151.857339,59.791145],[-151.83334,59.814129],[-151.813619,59.844297],[-151.803059,59.878533],[-151.792594,59.88881],[-151.777855,59.897493],[-151.757693,59.917637],[-151.742742,59.944626],[-151.71801,60.009473],[-151.702898,60.032253],[-151.661437,60.057139],[-151.623799,60.088033],[-151.606881,60.099558],[-151.545579,60.128394],[-151.517887,60.145008],[-151.488721,60.167616],[-151.421702,60.212931],[-151.406607,60.228183],[-151.387919,60.267066],[-151.381959,60.296951],[-151.383231,60.326348],[-151.381604,60.358728],[-151.377281,60.365522],[-151.366874,60.372655],[-151.30609,60.387257],[-151.301868,60.384712],[-151.299782,60.385481],[-151.293074,60.416163],[-151.286819,60.434648],[-151.283967,60.452196],[-151.280992,60.512627],[-151.27881,60.520107],[-151.264461,60.543263],[-151.268373,60.548977],[-151.303125,60.561326],[-151.323951,60.574135],[-151.330409,60.580539],[-151.339069,60.594244],[-151.344477,60.613458],[-151.345508,60.622954],[-151.350154,60.63466],[-151.362397,60.653526],[-151.387839,60.674501],[-151.404451,60.695004],[-151.410273,60.711023],[-151.40927,60.720558],[-151.3848,60.729946],[-151.370515,60.733572],[-151.30923,60.740724],[-151.279635,60.747676],[-151.270505,60.751286],[-151.261383,60.757768],[-151.259343,60.762896],[-151.261319,60.769801],[-151.252902,60.773993],[-151.212186,60.780342],[-151.106079,60.783749],[-151.062558,60.787429],[-151.037007,60.793649],[-151.025634,60.797497],[-151.024799,60.801787],[-151.012016,60.80934],[-150.895508,60.853166],[-150.886964,60.858187],[-150.883774,60.861865],[-150.845731,60.877893],[-150.808418,60.891336],[-150.770594,60.911362],[-150.705812,60.937792],[-150.678438,60.958267],[-150.603069,60.974434],[-150.582471,60.982095],[-150.515058,60.999443],[-150.511099,61.005145],[-150.501923,61.007957],[-150.454661,61.016566],[-150.431873,61.023939],[-150.401859,61.036227],[-150.377171,61.039144],[-150.353702,61.031822],[-150.341709,61.024201],[-150.310334,60.989547],[-150.286369,60.966696],[-150.262096,60.947839],[-150.244072,60.938585],[-150.217179,60.930001],[-150.187657,60.924796],[-150.085166,60.91402],[-150.070289,60.913679],[-150.04557,60.910004],[-150.049148,60.915816],[-150.047088,60.918924],[-150.039866,60.920777],[-149.952655,60.930393],[-149.912166,60.937843],[-149.875188,60.960244],[-149.853693,60.967395],[-149.83558,60.968855],[-149.816817,60.966947],[-149.770264,60.967607],[-149.764966,60.963412],[-149.753082,60.962059],[-149.735376,60.987813],[-149.736395,60.994692],[-149.739692,61.016961],[-149.751943,61.024072],[-149.784393,61.038147],[-149.785126,61.040798],[-149.805816,61.058641],[-149.831922,61.076197],[-149.857168,61.07902],[-149.915666,61.101428],[-149.9601,61.115346],[-150.039304,61.144291],[-150.065646,61.151079],[-150.075451,61.156269],[-150.068004,61.166132],[-150.009941,61.203637],[-149.987002,61.222753],[-149.986576,61.228323],[-149.985874,61.237515],[-150.074793,61.2535],[-150.132634,61.257915],[-150.204894,61.259548],[-150.254296,61.254501],[-150.266124,61.251237],[-150.273575,61.251559],[-150.286978,61.257443],[-150.303688,61.257467],[-150.303639,61.255871],[-150.312226,61.254029],[-150.334576,61.251301],[-150.394411,61.249107],[-150.425,61.245552],[-150.468812,61.244627],[-150.484391,61.247262],[-150.495726,61.251245],[-150.56167,61.281487],[-150.590166,61.281487],[-150.591842,61.279485],[-150.606961,61.277732],[-150.628459,61.284407],[-150.646221,61.296689],[-150.655804,61.298173],[-150.66262,61.295356],[-150.67125,61.273652],[-150.679902,61.265888],[-150.690497,61.259297],[-150.711291,61.251089],[-150.827295,61.22839],[-150.84241,61.224213],[-150.848842,61.220588],[-150.895905,61.208915],[-150.926773,61.206351],[-150.939251,61.210299],[-150.941944,61.209947],[-150.946243,61.208644],[-150.947155,61.206299],[-150.947425,61.20314],[-150.951153,61.198778],[-150.960114,61.194037],[-150.971775,61.192041],[-150.990086,61.188907],[-151.01262,61.183258],[-151.024905,61.178391],[-151.072775,61.141669],[-151.0785,61.133381],[-151.119722,61.091117],[-151.121692,61.083574],[-151.127357,61.076896],[-151.142587,61.062778],[-151.166606,61.046404],[-151.190318,61.042737],[-151.252384,61.039968],[-151.293622,61.035715],[-151.307796,61.031008],[-151.312653,61.026364],[-151.33092,61.015124],[-151.349004,61.010004],[-151.362243,61.009412],[-151.42512,61.013107],[-151.467851,61.012423],[-151.4803,61.010902],[-151.538227,60.991835],[-151.573698,60.975876],[-151.621005,60.957453],[-151.637346,60.946727],[-151.641066,60.942177],[-151.679518,60.922491],[-151.692644,60.917743],[-151.713913,60.916546],[-151.720815,60.904257],[-151.736015,60.891507],[-151.783271,60.868713],[-151.791698,60.86306],[-151.800264,60.853672],[-151.796723,60.838734],[-151.787394,60.822307],[-151.77731,60.810461],[-151.751817,60.788729],[-151.703802,60.732376],[-151.702833,60.727778],[-151.705553,60.718052],[-151.710444,60.712657],[-151.716379,60.710415],[-151.744321,60.712403],[-151.749493,60.714175],[-151.760301,60.721441],[-151.784039,60.726814],[-151.803814,60.729004],[-151.811286,60.732222],[-151.822596,60.742352],[-151.831185,60.747303],[-151.851967,60.754074],[-151.860179,60.753282],[-151.864958,60.750458],[-151.849634,60.738286],[-151.847965,60.735694],[-151.848614,60.733976],[-151.870471,60.727284],[-151.916914,60.717916],[-151.917922,60.722809],[-151.915911,60.730245],[-151.918758,60.73227],[-151.923384,60.733735],[-151.944439,60.73305],[-151.944599,60.728176],[-151.948287,60.722476],[-151.961757,60.721431],[-151.968381,60.72834],[-152.079433,60.692804],[-152.11414,60.634069],[-152.13616,60.578475],[-152.148434,60.575977],[-152.163517,60.576934],[-152.195084,60.569675],[-152.261497,60.538237],[-152.309221,60.506384],[-152.315149,60.499824],[-152.331365,60.473525],[-152.333375,60.460641],[-152.330263,60.443134],[-152.325821,60.434806],[-152.312226,60.420397],[-152.30195,60.414328],[-152.234199,60.393888],[-152.300622,60.369604],[-152.307615,60.366489],[-152.315855,60.359071],[-152.352294,60.356101],[-152.366213,60.353304],[-152.371475,60.350176],[-152.376743,60.345613],[-152.386334,60.327889],[-152.385979,60.315845],[-152.392009,60.302108],[-152.411281,60.287864],[-152.42113,60.285331],[-152.444165,60.285717],[-152.456291,60.284042],[-152.481794,60.274681],[-152.528206,60.251346],[-152.539843,60.241644],[-152.549236,60.227631],[-152.556752,60.224217],[-152.624648,60.218687],[-152.626275,60.220852],[-152.626901,60.222728],[-152.627683,60.2257],[-152.642361,60.228766],[-152.660055,60.242004],[-152.670403,60.24432],[-152.698634,60.240661],[-152.715881,60.241274],[-152.747026,60.233311],[-152.743388,60.224323],[-152.754884,60.21091],[-152.754884,60.202901],[-152.749545,60.189552],[-152.734251,60.174801],[-152.699879,60.165272],[-152.688392,60.16582],[-152.678085,60.163504],[-152.674176,60.151731],[-152.687485,60.140305],[-152.686373,60.137717],[-152.658418,60.121591],[-152.634972,60.115799],[-152.596784,60.101071],[-152.575271,60.082363],[-152.569121,60.071748],[-152.575153,60.04826],[-152.590169,60.035978],[-152.608599,60.025429],[-152.612721,60.015115],[-152.611651,60.008521],[-152.649479,59.988253],[-152.679402,59.968054],[-152.693674,59.932773],[-152.700822,59.920309],[-152.706431,59.915284],[-152.745083,59.904232],[-152.793584,59.89672],[-152.806934,59.888029],[-152.810058,59.878322],[-152.860867,59.875033],[-152.875167,59.877471],[-152.882672,59.881986],[-152.900414,59.881812],[-152.920417,59.877741],[-152.950662,59.876759],[-152.967267,59.881494],[-153.002521,59.886726],[-153.019977,59.88623],[-153.046986,59.882425],[-153.079187,59.871103],[-153.144747,59.859829],[-153.212865,59.862784],[-153.225937,59.858343],[-153.228615,59.853355],[-153.256944,59.83649],[-153.278808,59.828066],[-153.285802,59.820535],[-153.285412,59.816755],[-153.278535,59.810924],[-153.257736,59.810807],[-153.236556,59.821867],[-153.217481,59.824721],[-153.197352,59.824827],[-153.182307,59.822389],[-153.144372,59.807616],[-153.113586,59.815631],[-153.088515,59.833376],[-153.021945,59.834133],[-153.009084,59.830643],[-153.003964,59.826747],[-152.992126,59.810027],[-152.994466,59.791261],[-153.031319,59.723625],[-153.051559,59.691562],[-153.10894,59.678316],[-153.12174,59.678009],[-153.155019,59.654344],[-153.214156,59.634271],[-153.240018,59.632426],[-153.253408,59.638415],[-153.26274,59.643426],[-153.275175,59.667303],[-153.286525,59.670251],[-153.301687,59.668717],[-153.314002,59.666336],[-153.315123,59.664896],[-153.315083,59.66249],[-153.307199,59.653954],[-153.298205,59.636345],[-153.298047,59.632502],[-153.302756,59.627679],[-153.308837,59.625706],[-153.342938,59.621312],[-153.366613,59.633729],[-153.381595,59.638032],[-153.392022,59.638856],[-153.409422,59.636328],[-153.414898,59.6386],[-153.418099,59.642147],[-153.415507,59.650918],[-153.393849,59.658847],[-153.384886,59.667188],[-153.378235,59.688936],[-153.374778,59.731587],[-153.439977,59.784652],[-153.454972,59.792099],[-153.458549,59.764467],[-153.44962,59.74381],[-153.445336,59.728865],[-153.442219,59.71742],[-153.441214,59.701316],[-153.444003,59.689957],[-153.464556,59.651712],[-153.476098,59.64273],[-153.542466,59.630236],[-153.563866,59.638903],[-153.586518,59.651541],[-153.604813,59.638734],[-153.610739,59.628341],[-153.609253,59.62164],[-153.592193,59.610842],[-153.558292,59.60579],[-153.553163,59.597046],[-153.555148,59.587858],[-153.577828,59.555991],[-153.585406,59.551475],[-153.618151,59.552571],[-153.635262,59.555694],[-153.650943,59.555427],[-153.719309,59.550264],[-153.76148,59.543411],[-153.766242,59.522342],[-153.733853,59.505754],[-153.706419,59.477994],[-153.699025,59.463603],[-153.727546,59.435346],[-153.747201,59.429657],[-153.807119,59.419466],[-153.823384,59.418035],[-153.862199,59.424124],[-153.896576,59.418486],[-153.911268,59.413732],[-153.925307,59.405254],[-153.945539,59.386061],[-153.951389,59.387017],[-153.954717,59.392532],[-153.959893,59.39685],[-153.990003,59.396777],[-153.993994,59.394049],[-153.996261,59.39082],[-153.998506,59.384723],[-154.007207,59.382528],[-154.025696,59.381521],[-154.035965,59.386362],[-154.044563,59.388295],[-154.05215,59.387138],[-154.062453,59.382753],[-154.087803,59.367967],[-154.100989,59.366016],[-154.117672,59.365508],[-154.121808,59.360544],[-154.121394,59.353099],[-154.103014,59.342719],[-154.033703,59.343999],[-154.028739,59.337381],[-154.030807,59.32704],[-154.077942,59.313364],[-154.113577,59.299627],[-154.122681,59.287622],[-154.13684,59.262666],[-154.141192,59.216598],[-154.130585,59.210503],[-154.172944,59.172496],[-154.214818,59.151562],[-154.24422,59.144161],[-154.260121,59.14302],[-154.263291,59.138462],[-154.256528,59.118462],[-154.251233,59.111239],[-154.243785,59.114868],[-154.239842,59.119324],[-154.227238,59.125407],[-154.180691,59.123235],[-154.173669,59.1202],[-154.166745,59.100548],[-154.166406,59.090582],[-154.171502,59.083423],[-154.195271,59.069491],[-154.197422,59.061155],[-154.18958,59.044207],[-154.171462,59.021963],[-154.159835,59.010595],[-154.158207,59.017853],[-154.132449,59.024745],[-154.108278,59.036827],[-154.063489,59.07214],[-154.031822,59.073681],[-154.008547,59.072904],[-153.949958,59.066782],[-153.932824,59.062677],[-153.850238,59.052917],[-153.83818,59.055296],[-153.815724,59.064851],[-153.809866,59.070797],[-153.802782,59.072224],[-153.793972,59.071416],[-153.750936,59.05284],[-153.74868,59.058729],[-153.746201,59.065199],[-153.704162,59.07578],[-153.695664,59.073994],[-153.648029,59.028924],[-153.616066,59.006737],[-153.547283,58.983716],[-153.523522,58.979221],[-153.505618,58.981734],[-153.479939,58.995286],[-153.463266,58.986903],[-153.450672,58.976119],[-153.438144,58.969911],[-153.422015,58.970648],[-153.398479,58.966056],[-153.393101,58.951097],[-153.388765,58.945337],[-153.365371,58.927753],[-153.352283,58.921705],[-153.33478,58.920521],[-153.322843,58.907849],[-153.304788,58.878919],[-153.305216,58.874637],[-153.302433,58.871212],[-153.294726,58.865432],[-153.286163,58.863077],[-153.267407,58.867218],[-153.254798,58.861756],[-153.25225,58.85585],[-153.252662,58.855797],[-153.317823,58.847441],[-153.326138,58.84932],[-153.336826,58.848878],[-153.34483,58.846953],[-153.350964,58.843551],[-153.358917,58.836767],[-153.369389,58.821255],[-153.37073,58.799301],[-153.385126,58.766173],[-153.402472,58.742607],[-153.426641,58.721127],[-153.445002,58.70931],[-153.458816,58.708561],[-153.468963,58.712234],[-153.477755,58.712767],[-153.55265,58.687176],[-153.577544,58.670532],[-153.587799,58.651742],[-153.591635,58.640084],[-153.601257,58.634633],[-153.677597,58.611603],[-153.771636,58.605639],[-153.806232,58.606595],[-153.832837,58.611671],[-153.851432,58.611872],[-153.897155,58.606237],[-153.902558,58.597377],[-153.919134,58.516659],[-153.909588,58.514562],[-153.930473,58.497482],[-153.934852,58.494414],[-153.96037,58.487831],[-153.97402,58.488348],[-153.977617,58.491931],[-154.001918,58.492346],[-154.056526,58.489222],[-154.065121,58.48643],[-154.073032,58.478259],[-154.075051,58.472188],[-154.075235,58.458106],[-154.073592,58.446866],[-154.07066,58.440018],[-154.055759,58.418782],[-154.040013,58.404297],[-154.034147,58.402638],[-154.023713,58.403952],[-154.007305,58.402187],[-153.985416,58.390877],[-153.999323,58.376372],[-154.097254,58.345322],[-154.133866,58.350632],[-154.139223,58.354108],[-154.150373,58.357581],[-154.167997,58.358378],[-154.175194,58.344527],[-154.177161,58.32147],[-154.174999,58.320107],[-154.166648,58.320569],[-154.149073,58.314539],[-154.103412,58.280161],[-154.145277,58.210931],[-154.177652,58.189832],[-154.219755,58.184631],[-154.241874,58.156328],[-154.21625,58.142849],[-154.210078,58.136062],[-154.222465,58.132566],[-154.269027,58.12877],[-154.291163,58.13568],[-154.340449,58.090921],[-154.384327,58.120823],[-154.42657,58.144901],[-154.436518,58.148294],[-154.460121,58.146067],[-154.466436,58.142328],[-154.459389,58.129089],[-154.452096,58.121582],[-154.449212,58.093218],[-154.462929,58.05835],[-154.477979,58.052379],[-154.501246,58.050112],[-154.539367,58.055887],[-154.568627,58.025787],[-154.581547,58.019285],[-154.643965,58.033147],[-154.650618,58.045387],[-154.644666,58.056433],[-154.646223,58.060141],[-154.653383,58.064037],[-154.668895,58.065272],[-154.676108,58.065114],[-154.716162,58.055256],[-154.721884,58.050544],[-154.72898,58.038455],[-154.731059,58.028454],[-154.730726,58.021837],[-154.745581,58.01222],[-154.765287,58.00371],[-154.774719,58.002168],[-154.807767,58.000939],[-154.819518,58.003494],[-154.823518,58.009348],[-154.825051,58.016586],[-154.82823,58.018849],[-154.876559,58.027722],[-154.891812,58.027676],[-154.990431,58.013424],[-155.026275,57.999302],[-155.118648,57.953925],[-155.094686,57.92928],[-155.072566,57.911968],[-155.064199,57.909294],[-155.061806,57.90433],[-155.068148,57.883773],[-155.082139,57.872248],[-155.097095,57.865356],[-155.15242,57.855375],[-155.237933,57.827131],[-155.272917,57.823981],[-155.298385,57.82602],[-155.303044,57.828454],[-155.326369,57.830545],[-155.338153,57.825384],[-155.341235,57.819644],[-155.334944,57.780692],[-155.310981,57.764811],[-155.302789,57.761658],[-155.285339,57.758726],[-155.284691,57.757388],[-155.291651,57.735809],[-155.305814,57.72405],[-155.37861,57.710766],[-155.468287,57.744637],[-155.506533,57.76097],[-155.533627,57.77688],[-155.539766,57.783942],[-155.545676,57.786769],[-155.568437,57.789511],[-155.585411,57.786981],[-155.596857,57.783539],[-155.609353,57.777699],[-155.617188,57.769715],[-155.635323,57.715441],[-155.634543,57.704764],[-155.626373,57.693623],[-155.615203,57.688074],[-155.629912,57.656376],[-155.699986,57.642085],[-155.724167,57.633445],[-155.735509,57.594149],[-155.730951,57.588562],[-155.731412,57.555546],[-155.732779,57.549732],[-155.786939,57.547007],[-155.877856,57.547173],[-155.915261,57.535331],[-155.945812,57.539249],[-155.96789,57.544429],[-155.985988,57.553721],[-155.988113,57.558328],[-156.010818,57.571379],[-156.033806,57.569883],[-156.044031,57.564455],[-156.048584,57.500808],[-156.045324,57.487037],[-156.036722,57.470941],[-156.014396,57.455285],[-156.012841,57.451394],[-156.021875,57.43966],[-156.091668,57.439829],[-156.099067,57.443691],[-156.13748,57.471734],[-156.183932,57.482112],[-156.19574,57.480059],[-156.210883,57.474409],[-156.211485,57.459475],[-156.220105,57.445295],[-156.226886,57.440667],[-156.254462,57.438961],[-156.339425,57.417641],[-156.362039,57.400474],[-156.377439,57.390865],[-156.481632,57.338705],[-156.511412,57.33502],[-156.533544,57.328527],[-156.539718,57.320059],[-156.551239,57.2908],[-156.538684,57.283041],[-156.507301,57.281164],[-156.420864,57.311142],[-156.336427,57.336081],[-156.32191,57.293369],[-156.332718,57.265192],[-156.342943,57.248056],[-156.358139,57.252188],[-156.376507,57.252284],[-156.399423,57.241627],[-156.401488,57.233169],[-156.398751,57.214756],[-156.388592,57.20662],[-156.355756,57.192844],[-156.3413,57.191857],[-156.33843,57.190325],[-156.334404,57.1823],[-156.355401,57.159679],[-156.357358,57.15757],[-156.368524,57.149986],[-156.43511,57.12743],[-156.456497,57.106041],[-156.44461,57.100087],[-156.441566,57.094698],[-156.441599,57.085158],[-156.509239,57.054911],[-156.535587,57.047905],[-156.562827,57.020314],[-156.547667,57.004629],[-156.5472,56.986488],[-156.55052,56.98461],[-156.555077,56.98355],[-156.63784,56.993905],[-156.753642,56.991225],[-156.762718,56.986342],[-156.781421,56.971879],[-156.7869,56.965035],[-156.788341,56.960693],[-156.786802,56.941443],[-156.79731,56.911717],[-156.804432,56.905881],[-156.825982,56.897667],[-156.839322,56.901854],[-156.876316,56.942828],[-156.885372,56.953284],[-156.885686,56.957965],[-156.882464,56.960072],[-156.882893,56.962582],[-156.886307,56.964869],[-156.893683,56.965965],[-156.909725,56.965581],[-156.918796,56.963583],[-156.935692,56.954873],[-156.935629,56.920087],[-156.986171,56.911131],[-157.00595,56.90422],[-157.015665,56.898486],[-157.034624,56.884487],[-157.073453,56.838345],[-157.159494,56.833477],[-157.163811,56.826066],[-157.163272,56.823542],[-157.14099,56.802275],[-157.140277,56.790874],[-157.161372,56.774134],[-157.183636,56.769079],[-157.201724,56.767511],[-157.283764,56.800766],[-157.290511,56.804713],[-157.291231,56.811077],[-157.298283,56.818567],[-157.332735,56.838398],[-157.378771,56.861696],[-157.394663,56.864426],[-157.405679,56.864216],[-157.436932,56.858522],[-157.45759,56.848204],[-157.472407,56.833356],[-157.469925,56.824889],[-157.462361,56.809603],[-157.457622,56.804291],[-157.447768,56.801246],[-157.436358,56.803781],[-157.42112,56.801691],[-157.41856,56.799821],[-157.411488,56.778351],[-157.41344,56.769185],[-157.517478,56.760839],[-157.530765,56.753775],[-157.544855,56.738945],[-157.551196,56.730314],[-157.563802,56.703426],[-157.550792,56.681029],[-157.542295,56.67532],[-157.507589,56.667169],[-157.498689,56.667285],[-157.48099,56.671419],[-157.479153,56.67008],[-157.45216,56.64322],[-157.452196,56.638863],[-157.45486,56.634748],[-157.462105,56.625685],[-157.466497,56.623266],[-157.496523,56.616897],[-157.536486,56.615317],[-157.546085,56.619025],[-157.589315,56.622262],[-157.605231,56.621315],[-157.615041,56.62002],[-157.636018,56.612838],[-157.674587,56.609507],[-157.705382,56.62878],[-157.71428,56.640575],[-157.715998,56.648492],[-157.719048,56.653084],[-157.736799,56.675616],[-157.754141,56.679468],[-157.763698,56.679247],[-157.920045,56.658636],[-157.933988,56.654571],[-158.042012,56.596744],[-158.042839,56.58185],[-158.039356,56.574884],[-158.001041,56.572097],[-157.975222,56.585722],[-157.958745,56.588304],[-157.906647,56.590925],[-157.83842,56.56076],[-157.828139,56.546332],[-157.817826,56.51421],[-157.823072,56.501982],[-157.859766,56.483668],[-157.865642,56.483285],[-157.886126,56.487805],[-157.954625,56.515845],[-158.027621,56.511779],[-158.112276,56.521322],[-158.11957,56.518346],[-158.131729,56.501944],[-158.123352,56.496457],[-158.113709,56.493001],[-158.111603,56.49011],[-158.118682,56.466558],[-158.12744,56.460805],[-158.246144,56.466124],[-158.284699,56.481089],[-158.328798,56.484208],[-158.402954,56.455193],[-158.498837,56.38011],[-158.501705,56.37586],[-158.50204,56.365178],[-158.489546,56.341865],[-158.432795,56.343505],[-158.397337,56.328921],[-158.338137,56.323923],[-158.329735,56.326028],[-158.322563,56.325242],[-158.207387,56.294354],[-158.203083,56.283833],[-158.21654,56.269451],[-158.253331,56.253125],[-158.276842,56.248698],[-158.334506,56.23294],[-158.339765,56.217807],[-158.331039,56.213609],[-158.264792,56.209597],[-158.19096,56.226407],[-158.17493,56.236227],[-158.119493,56.241995],[-158.115282,56.242102],[-158.112718,56.240286],[-158.117797,56.230742],[-158.237025,56.187387],[-158.314128,56.163697],[-158.374324,56.134522],[-158.395996,56.109834],[-158.394388,56.091949],[-158.394922,56.064721],[-158.398324,56.062957],[-158.424451,56.068899],[-158.438644,56.093672],[-158.438315,56.095702],[-158.431105,56.100264],[-158.432229,56.102881],[-158.439944,56.10778],[-158.455297,56.108742],[-158.46181,56.106644],[-158.475258,56.093405],[-158.472706,56.087583],[-158.448413,56.055278],[-158.417889,56.036796],[-158.407723,56.014521],[-158.413645,56.004951],[-158.431471,55.994452],[-158.43933,55.99362],[-158.445696,55.99758],[-158.467335,56.027219],[-158.475543,56.028366],[-158.501967,56.02517],[-158.50485,56.015544],[-158.496366,56.010601],[-158.494015,56.00732],[-158.495114,55.989207],[-158.49905,55.981685],[-158.50984,55.979617],[-158.59562,56.045252],[-158.598367,56.048822],[-158.594188,56.110445],[-158.584362,56.115657],[-158.574659,56.11864],[-158.575042,56.121129],[-158.600405,56.130444],[-158.628303,56.120943],[-158.640447,56.114079],[-158.659738,56.098553],[-158.666818,56.078415],[-158.660914,56.034928],[-158.651674,56.031358],[-158.643216,56.023415],[-158.638704,56.015932],[-158.636689,56.005007],[-158.639497,55.98607],[-158.653214,55.958615],[-158.673246,55.951485],[-158.737009,55.953313],[-158.74856,55.959365],[-158.751215,55.963759],[-158.735348,55.996208],[-158.729567,56.002854],[-158.747305,56.009908],[-158.854132,56.003343],[-158.898116,55.951041],[-158.909396,55.934887],[-158.999598,55.927011],[-159.138748,55.90932],[-159.271514,55.890704],[-159.347681,55.877802],[-159.374842,55.871522],[-159.3964,55.856767],[-159.400096,55.852357],[-159.406126,55.831956],[-159.40938,55.810434],[-159.404326,55.796992],[-159.411505,55.788911],[-159.423468,55.789025],[-159.434787,55.792909],[-159.470216,55.828911],[-159.472801,55.83905],[-159.471973,55.843506],[-159.465282,55.852845],[-159.453945,55.89682],[-159.482226,55.901826],[-159.493883,55.900109],[-159.528349,55.888458],[-159.534415,55.881299],[-159.498022,55.855299],[-159.494404,55.765798],[-159.503768,55.747878],[-159.521589,55.736021],[-159.537152,55.728459],[-159.551432,55.711543],[-159.552016,55.704794],[-159.535961,55.689831],[-159.530117,55.665394],[-159.545115,55.646517],[-159.564413,55.633045],[-159.61777,55.595798],[-159.696713,55.573306],[-159.729333,55.56965],[-159.733899,55.569985]]],[[[-155.566315,55.78949],[-155.589157,55.761887],[-155.611038,55.759983],[-155.649109,55.776165],[-155.718597,55.772358],[-155.728104,55.779018],[-155.75,55.82185],[-155.743125,55.831488],[-155.663374,55.860488],[-155.637695,55.894184],[-155.62056,55.907509],[-155.568207,55.907509],[-155.560593,55.897041],[-155.559895,55.882898],[-155.584396,55.848499],[-155.564407,55.809475],[-155.566315,55.78949]]],[[[-154.571701,56.494165],[-154.633586,56.471817],[-154.668517,56.452544],[-154.691485,56.436711],[-154.704129,56.42423],[-154.73655,56.403848],[-154.742887,56.401678],[-154.765021,56.401361],[-154.775766,56.404075],[-154.789003,56.411015],[-154.799907,56.419387],[-154.805481,56.427488],[-154.806114,56.434182],[-154.777505,56.462199],[-154.739644,56.496332],[-154.70614,56.521273],[-154.534726,56.60054],[-154.524629,56.603925],[-154.514078,56.604059],[-154.449965,56.600361],[-154.413435,56.586768],[-154.402289,56.580543],[-154.399389,56.576411],[-154.404015,56.572287],[-154.393868,56.562388],[-154.391294,56.557931],[-154.39248,56.554053],[-154.436794,56.534556],[-154.529507,56.502655],[-154.571701,56.494165]]],[[[-157.006523,56.53891],[-157.017711,56.543081],[-157.053384,56.550425],[-157.113193,56.552658],[-157.121393,56.551963],[-157.142219,56.54239],[-157.150309,56.5336],[-157.168777,56.53021],[-157.326059,56.525169],[-157.328898,56.528155],[-157.32611,56.540375],[-157.298635,56.560051],[-157.288702,56.566039],[-157.250098,56.582142],[-157.146636,56.583651],[-157.091146,56.581134],[-157.077383,56.579035],[-157.02607,56.559757],[-156.990969,56.547939],[-156.975549,56.540446],[-156.972896,56.536505],[-156.98609,56.532749],[-157.003409,56.535639],[-157.006523,56.53891]]],[[[-153.952958,56.507174],[-153.993909,56.501796],[-154.120244,56.501838],[-154.143711,56.506172],[-154.163987,56.507844],[-154.19728,56.502002],[-154.232464,56.491052],[-154.304371,56.502322],[-154.343096,56.510171],[-154.3474,56.512046],[-154.361378,56.52564],[-154.362361,56.542512],[-154.341401,56.563705],[-154.310913,56.585447],[-154.29002,56.595376],[-154.244234,56.609194],[-154.223759,56.612955],[-154.210336,56.609684],[-154.206001,56.606908],[-154.184819,56.603773],[-154.136739,56.60935],[-154.113397,56.616745],[-154.103243,56.617695],[-154.095833,56.617786],[-154.090014,56.614798],[-154.081829,56.603716],[-154.079016,56.589977],[-154.075187,56.583745],[-154.041572,56.556209],[-154.025334,56.551763],[-154.009274,56.551445],[-153.940505,56.558317],[-153.915288,56.564921],[-153.878764,56.565925],[-153.870804,56.558015],[-153.868461,56.551493],[-153.887678,56.533637],[-153.952958,56.507174]]],[[[-152.322172,57.768315],[-152.342674,57.762306],[-152.348644,57.764393],[-152.349169,57.76848],[-152.357233,57.773918],[-152.381076,57.776744],[-152.443786,57.776142],[-152.46555,57.767169],[-152.471,57.763466],[-152.497314,57.738596],[-152.497056,57.734387],[-152.467679,57.68139],[-152.44303,57.668049],[-152.401492,57.686513],[-152.398569,57.68721],[-152.394474,57.684665],[-152.428946,57.642162],[-152.461018,57.606311],[-152.468172,57.600996],[-152.467756,57.598221],[-152.459929,57.594373],[-152.439667,57.590399],[-152.426062,57.593357],[-152.40247,57.607981],[-152.38714,57.612428],[-152.361903,57.6188],[-152.322733,57.623402],[-152.265346,57.62643],[-152.179531,57.624809],[-152.161617,57.623287],[-152.152393,57.619485],[-152.159677,57.593614],[-152.163996,57.584607],[-152.259641,57.527156],[-152.29147,57.517103],[-152.314889,57.486065],[-152.323683,57.467861],[-152.326134,57.441514],[-152.361592,57.427761],[-152.416473,57.435293],[-152.495215,57.452379],[-152.517004,57.432184],[-152.570527,57.448909],[-152.600375,57.468833],[-152.646017,57.466134],[-152.662831,57.463679],[-152.684413,57.466597],[-152.716765,57.478467],[-152.720471,57.481572],[-152.719447,57.488028],[-152.722846,57.494087],[-152.743084,57.50571],[-152.770196,57.50429],[-152.798914,57.494255],[-152.809036,57.494505],[-152.825515,57.497048],[-152.838905,57.50227],[-152.886205,57.510697],[-152.939629,57.520088],[-152.954939,57.520449],[-152.9663,57.51217],[-152.967222,57.509993],[-152.94901,57.498212],[-152.939573,57.497763],[-152.921748,57.501397],[-152.890173,57.486705],[-152.762676,57.45756],[-152.742678,57.447852],[-152.722651,57.433352],[-152.67325,57.413246],[-152.630018,57.405573],[-152.620377,57.401601],[-152.601148,57.382165],[-152.606522,57.36366],[-152.630441,57.322668],[-152.657569,57.303551],[-152.695698,57.281318],[-152.707768,57.276046],[-152.712008,57.27812],[-152.774155,57.290432],[-152.787994,57.279905],[-152.818187,57.265368],[-152.886384,57.291337],[-152.900688,57.302976],[-152.909051,57.324222],[-152.984715,57.339918],[-153.008525,57.339733],[-153.056007,57.329229],[-153.079288,57.32196],[-153.09904,57.310513],[-153.11628,57.297312],[-153.101322,57.286901],[-153.096133,57.286866],[-153.039134,57.293314],[-153.017643,57.297715],[-153.015994,57.300231],[-153.012992,57.299453],[-152.97091,57.282624],[-152.944201,57.259083],[-152.943463,57.256956],[-152.950982,57.248991],[-152.997739,57.231176],[-153.056971,57.214756],[-153.077916,57.211444],[-153.125477,57.211841],[-153.163333,57.216713],[-153.169724,57.220236],[-153.201722,57.221679],[-153.209732,57.218773],[-153.215107,57.213356],[-153.215967,57.209297],[-153.213802,57.205059],[-153.166002,57.180643],[-153.123865,57.175445],[-153.097019,57.183289],[-153.073982,57.187091],[-152.949333,57.187346],[-152.880321,57.164798],[-152.874839,57.16095],[-152.869797,57.150849],[-152.90054,57.132076],[-152.911371,57.126813],[-152.950736,57.119788],[-152.997246,57.119491],[-153.118673,57.091033],[-153.128881,57.092571],[-153.132708,57.094936],[-153.133988,57.099351],[-153.146361,57.100883],[-153.18001,57.094523],[-153.21544,57.075943],[-153.220953,57.068239],[-153.22224,57.061798],[-153.221204,57.060367],[-153.213318,57.055891],[-153.205384,57.056148],[-153.200217,57.042039],[-153.204319,57.03364],[-153.235282,57.007398],[-153.301142,56.991192],[-153.312583,56.991486],[-153.348707,57.008373],[-153.349037,57.011196],[-153.320929,57.036838],[-153.324265,57.043308],[-153.365239,57.07208],[-153.396921,57.060399],[-153.402608,57.070092],[-153.404263,57.080511],[-153.384699,57.115354],[-153.380389,57.120468],[-153.345533,57.139565],[-153.328206,57.141993],[-153.284012,57.173867],[-153.282735,57.175815],[-153.286351,57.184288],[-153.310143,57.194426],[-153.350266,57.192339],[-153.36818,57.185337],[-153.368921,57.180832],[-153.366525,57.176708],[-153.48652,57.085915],[-153.4896,57.074702],[-153.49885,57.065363],[-153.535942,57.077988],[-153.563562,57.089769],[-153.577006,57.093177],[-153.654497,57.084602],[-153.675981,57.06983],[-153.675736,57.054778],[-153.66381,57.053694],[-153.601294,57.056656],[-153.595819,57.056309],[-153.580831,57.049048],[-153.543429,56.995245],[-153.556762,56.968862],[-153.600664,56.942629],[-153.627483,56.937127],[-153.671317,56.932926],[-153.701197,56.926394],[-153.730713,56.893996],[-153.715263,56.878442],[-153.704603,56.878046],[-153.695896,56.881009],[-153.688713,56.871975],[-153.696693,56.861519],[-153.714644,56.852925],[-153.778199,56.834386],[-153.796111,56.842655],[-153.800935,56.846894],[-153.807353,56.848584],[-153.817978,56.848651],[-153.849289,56.838915],[-153.854196,56.836412],[-153.90358,56.793418],[-153.924041,56.767216],[-153.963274,56.7476],[-153.97178,56.744861],[-153.990158,56.743263],[-154.016213,56.743466],[-154.02261,56.755946],[-154.037153,56.763414],[-154.050518,56.763523],[-154.064292,56.760091],[-154.085088,56.751193],[-154.106565,56.745572],[-154.129017,56.742168],[-154.136965,56.742359],[-154.148745,56.745677],[-154.125431,56.783298],[-154.072878,56.841099],[-154.067425,56.845303],[-154.055228,56.850465],[-154.040948,56.854135],[-154.030502,56.855052],[-153.984547,56.889626],[-153.935992,56.915772],[-153.894564,56.926986],[-153.862954,56.944374],[-153.850464,56.957278],[-153.873411,56.963403],[-153.902802,56.968445],[-153.913627,56.965391],[-153.917703,56.962169],[-153.934781,56.958928],[-153.976871,56.955144],[-153.979743,56.962189],[-153.976869,56.996831],[-153.932221,57.06297],[-153.887461,57.086958],[-153.875356,57.089802],[-153.858891,57.088844],[-153.804787,57.113158],[-153.783465,57.131822],[-153.776707,57.142858],[-153.779087,57.158821],[-153.788521,57.161381],[-153.80629,57.157424],[-153.822875,57.142372],[-153.823978,57.13979],[-153.861711,57.119224],[-153.982792,57.066277],[-153.993807,57.050502],[-154.024288,57.016608],[-154.055554,56.987209],[-154.076623,56.970589],[-154.123489,56.95617],[-154.145167,56.945034],[-154.159014,56.945323],[-154.165409,56.943244],[-154.21211,56.909749],[-154.22356,56.896064],[-154.227193,56.883026],[-154.226494,56.876257],[-154.231771,56.872294],[-154.276739,56.853648],[-154.298965,56.846479],[-154.305713,56.846871],[-154.300193,56.852023],[-154.298422,56.863176],[-154.300002,56.892252],[-154.306936,56.911783],[-154.312888,56.918673],[-154.385285,56.959767],[-154.40749,56.968334],[-154.476315,56.984204],[-154.511672,56.988548],[-154.524695,56.991623],[-154.528538,57.001892],[-154.516842,57.030312],[-154.515213,57.077985],[-154.529844,57.168882],[-154.533699,57.183513],[-154.539552,57.196351],[-154.574343,57.239919],[-154.594977,57.257161],[-154.613723,57.2678],[-154.691855,57.28411],[-154.698264,57.284294],[-154.740161,57.276517],[-154.777368,57.280008],[-154.792054,57.286696],[-154.79384,57.288862],[-154.751537,57.307781],[-154.74309,57.31477],[-154.700598,57.401162],[-154.699629,57.412873],[-154.702588,57.420528],[-154.69331,57.446085],[-154.629678,57.510197],[-154.618704,57.514972],[-154.602546,57.518751],[-154.591678,57.518597],[-154.540923,57.539621],[-154.52206,57.577786],[-154.511233,57.578646],[-154.500282,57.574423],[-154.468328,57.570339],[-154.431841,57.584783],[-154.411385,57.598452],[-154.344244,57.630901],[-154.22566,57.661366],[-154.196959,57.664639],[-154.186597,57.658578],[-154.08613,57.649054],[-154.056226,57.65243],[-154.031592,57.660854],[-153.994572,57.656905],[-153.983015,57.649835],[-153.982581,57.648251],[-153.984847,57.604595],[-153.982199,57.553156],[-153.971114,57.539436],[-153.94755,57.540244],[-153.939099,57.538271],[-153.929265,57.533253],[-153.925905,57.529051],[-153.922982,57.520153],[-153.922183,57.499036],[-153.919897,57.485202],[-153.909415,57.442413],[-153.8958,57.422108],[-153.802932,57.350896],[-153.795299,57.349047],[-153.774275,57.360243],[-153.773191,57.372442],[-153.811506,57.412375],[-153.872922,57.445743],[-153.874177,57.447817],[-153.888891,57.504682],[-153.87595,57.542769],[-153.869096,57.551844],[-153.848082,57.560589],[-153.824823,57.577617],[-153.813136,57.588581],[-153.823753,57.597651],[-153.846828,57.612648],[-153.852502,57.613517],[-153.877756,57.629529],[-153.879943,57.634072],[-153.874286,57.64611],[-153.868275,57.649688],[-153.858545,57.651138],[-153.749178,57.646224],[-153.705322,57.640923],[-153.667261,57.639008],[-153.663007,57.639858],[-153.648693,57.654125],[-153.658008,57.66148],[-153.676721,57.669663],[-153.797971,57.696508],[-153.862886,57.706943],[-153.888099,57.705447],[-153.918344,57.695663],[-153.930279,57.696791],[-153.932964,57.703778],[-153.93522,57.813047],[-153.823385,57.865013],[-153.755054,57.883565],[-153.721176,57.890615],[-153.648798,57.880103],[-153.571362,57.832101],[-153.550823,57.78689],[-153.551088,57.76311],[-153.553251,57.759512],[-153.557647,57.734741],[-153.554226,57.72245],[-153.549605,57.717967],[-153.515205,57.716505],[-153.493401,57.728316],[-153.469892,57.766536],[-153.462463,57.795292],[-153.480377,57.814665],[-153.48735,57.834274],[-153.479457,57.84202],[-153.45156,57.839284],[-153.406716,57.828663],[-153.35358,57.809731],[-153.343408,57.810866],[-153.324872,57.831048],[-153.322687,57.83619],[-153.324881,57.848421],[-153.328137,57.849851],[-153.395813,57.858772],[-153.446406,57.875035],[-153.462011,57.880588],[-153.512024,57.909156],[-153.528697,57.921717],[-153.536524,57.93077],[-153.533204,57.941117],[-153.520392,57.963387],[-153.513347,57.968751],[-153.484603,57.9765],[-153.469421,57.977282],[-153.461113,57.972769],[-153.452645,57.963509],[-153.273676,57.890408],[-153.268149,57.888741],[-153.236952,57.891818],[-153.127278,57.856748],[-153.122513,57.856639],[-153.09342,57.861569],[-153.089419,57.865233],[-153.198618,57.929923],[-153.233229,57.940993],[-153.270325,57.958566],[-153.299009,57.985626],[-153.302198,57.991706],[-153.297756,57.996425],[-153.276536,57.998447],[-153.23473,57.996972],[-153.221576,57.989319],[-153.217306,57.983659],[-153.129494,57.946551],[-153.069857,57.934428],[-153.052671,57.936711],[-153.050941,57.939998],[-153.024425,57.956954],[-152.876197,57.932446],[-152.871663,57.933279],[-152.856284,57.947385],[-152.852785,57.974583],[-152.855096,57.994501],[-152.840896,57.996759],[-152.723425,57.99172],[-152.722524,57.987364],[-152.739766,57.944798],[-152.751978,57.933466],[-152.804807,57.899175],[-152.823299,57.890928],[-152.892517,57.842525],[-152.902633,57.830146],[-152.909791,57.810405],[-152.916334,57.771216],[-152.904312,57.750825],[-152.892875,57.742012],[-152.881998,57.73832],[-152.874498,57.737961],[-152.850336,57.740041],[-152.847811,57.746625],[-152.852269,57.752318],[-152.854718,57.770271],[-152.849997,57.821462],[-152.841361,57.830221],[-152.822543,57.843203],[-152.790211,57.858058],[-152.758168,57.840272],[-152.753437,57.834452],[-152.725302,57.8354],[-152.650456,57.863721],[-152.625607,57.881232],[-152.626441,57.89045],[-152.639887,57.899688],[-152.641805,57.902499],[-152.639375,57.91422],[-152.635378,57.91861],[-152.587705,57.926961],[-152.585985,57.908101],[-152.567395,57.900358],[-152.549661,57.900137],[-152.526283,57.913266],[-152.487666,57.941968],[-152.470336,57.962099],[-152.432608,57.976029],[-152.421408,57.975683],[-152.415177,57.973081],[-152.411618,57.969282],[-152.422573,57.948662],[-152.437604,57.939834],[-152.437416,57.936978],[-152.426458,57.930851],[-152.388626,57.924486],[-152.362161,57.9262],[-152.324103,57.916604],[-152.333209,57.90255],[-152.364777,57.883921],[-152.377063,57.886728],[-152.38613,57.890706],[-152.39475,57.894602],[-152.4037,57.901146],[-152.414977,57.902231],[-152.44824,57.902605],[-152.468511,57.888621],[-152.433653,57.824314],[-152.429326,57.820114],[-152.417424,57.815464],[-152.364079,57.829372],[-152.351152,57.834768],[-152.324284,57.824444],[-152.310927,57.783452],[-152.317267,57.771987],[-152.322172,57.768315]]],[[[178.918827,51.588337],[178.920826,51.586137],[179.002896,51.552486],[179.076803,51.498518],[179.101442,51.485497],[179.143656,51.469442],[179.164531,51.464635],[179.178081,51.464812],[179.191082,51.462935],[179.218031,51.43894],[179.226883,51.423941],[179.23027,51.413419],[179.236253,51.409606],[179.263934,51.405838],[179.33498,51.404933],[179.386221,51.404401],[179.400809,51.400557],[179.462765,51.376176],[179.467581,51.371629],[179.450191,51.365142],[179.399469,51.359433],[179.389855,51.361004],[179.384679,51.36421],[179.366788,51.371837],[179.261618,51.357688],[179.220471,51.376667],[179.218185,51.387377],[179.2065,51.393284],[179.097477,51.44058],[179.060354,51.454875],[179.034532,51.47853],[179.013516,51.49728],[178.969019,51.531237],[178.951626,51.541963],[178.843631,51.578642],[178.831825,51.580534],[178.795194,51.575429],[178.785061,51.571866],[178.767787,51.576123],[178.706047,51.593182],[178.634021,51.623981],[178.631609,51.625782],[178.625536,51.637303],[178.645511,51.657634],[178.664013,51.661935],[178.675528,51.659064],[178.681998,51.649946],[178.689903,51.644422],[178.738019,51.632734],[178.785825,51.633434],[178.804128,51.635034],[178.864937,51.623133],[178.90391,51.614914],[178.919136,51.605546],[178.917608,51.594949],[178.918827,51.588337]]],[[[178.308563,51.775701],[178.304892,51.777434],[178.246209,51.817078],[178.236931,51.828209],[178.305568,51.821748],[178.310298,51.819993],[178.319389,51.815737],[178.33219,51.809037],[178.335631,51.807031],[178.372348,51.774146],[178.380741,51.763907],[178.367465,51.772758],[178.36368,51.773948],[178.339082,51.771529],[178.335664,51.769926],[178.318757,51.772322],[178.308563,51.775701]]],[[[178.567447,51.925939],[178.539395,51.903246],[178.518861,51.899759],[178.502493,51.899644],[178.484831,51.909898],[178.468045,51.931635],[178.454664,51.960501],[178.446964,51.978222],[178.463385,51.987849],[178.478586,51.987549],[178.552612,51.973968],[178.570619,51.968064],[178.591597,51.952652],[178.590245,51.945457],[178.567447,51.925939]]],[[[179.521868,51.896765],[179.484634,51.921268],[179.475569,51.937456],[179.482464,51.982834],[179.486565,51.983959],[179.515025,51.983751],[179.526743,51.981164],[179.539223,51.985178],[179.571049,52.011111],[179.582857,52.016841],[179.622283,52.024975],[179.647641,52.026259],[179.663327,52.022941],[179.704433,52.004877],[179.773922,51.970693],[179.77847,51.962217],[179.777158,51.9587],[179.767251,51.947572],[179.758993,51.946595],[179.751525,51.923933],[179.743012,51.911749],[179.734772,51.907606],[179.649484,51.87367],[179.639077,51.871931],[179.614364,51.871772],[179.521868,51.896765]]],[[[177.543534,51.956175],[177.571796,51.95159],[177.579823,51.950836],[177.607535,51.95472],[177.611553,51.950829],[177.610618,51.936713],[177.606529,51.925069],[177.601005,51.922254],[177.560513,51.916364],[177.484313,51.923413],[177.409536,51.930821],[177.373934,51.91976],[177.348816,51.904469],[177.326781,51.873636],[177.327179,51.871049],[177.334229,51.866769],[177.334017,51.844444],[177.321687,51.828543],[177.311768,51.825971],[177.303314,51.829458],[177.294035,51.837301],[177.296018,51.839866],[177.293424,51.84561],[177.27337,51.857123],[177.235523,51.87326],[177.212422,51.876431],[177.203996,51.880531],[177.200423,51.894746],[177.203323,51.896562],[177.233904,51.909624],[177.272695,51.920054],[177.291312,51.91943],[177.341518,51.955016],[177.345577,51.963005],[177.413484,51.979724],[177.483712,51.984877],[177.497441,51.993328],[177.503441,52.008829],[177.505747,52.016374],[177.505319,52.038768],[177.545604,52.101091],[177.563396,52.121959],[177.602673,52.13732],[177.661607,52.112746],[177.675952,52.092167],[177.667256,52.076274],[177.659451,52.069439],[177.653614,52.070323],[177.641864,52.068316],[177.632555,52.064844],[177.609087,52.028518],[177.601645,52.016377],[177.577226,52.00497],[177.572068,52.001812],[177.538223,51.978897],[177.532729,51.97007],[177.539627,51.959418],[177.543534,51.956175]]],[[[178.174473,51.991684],[178.132547,51.986982],[178.105874,51.998357],[178.10273,52.003927],[178.09461,52.033294],[178.107266,52.045744],[178.1176,52.048612],[178.119144,52.051659],[178.141695,52.051034],[178.175781,52.036777],[178.179962,52.033247],[178.190963,52.003546],[178.174473,51.991684]]],[[[177.28016,52.127579],[177.281807,52.135126],[177.288827,52.14419],[177.306009,52.156108],[177.329296,52.166669],[177.340528,52.170323],[177.367356,52.175299],[177.383655,52.174276],[177.408835,52.167632],[177.425775,52.157203],[177.437924,52.146873],[177.445983,52.13513],[177.446563,52.114453],[177.443023,52.105259],[177.435577,52.097011],[177.428801,52.091738],[177.402034,52.079668],[177.386805,52.075196],[177.355215,52.071396],[177.332629,52.075209],[177.321366,52.080428],[177.30519,52.090324],[177.2906,52.10215],[177.283488,52.114159],[177.28016,52.127579]]],[[[175.95056,52.368357],[175.966521,52.359728],[175.94418,52.336437],[175.911286,52.334831],[175.90277,52.336823],[175.890684,52.344514],[175.873317,52.361138],[175.874353,52.371004],[175.906734,52.375651],[175.95056,52.368357]]],[[[173.772402,52.506877],[173.754979,52.496127],[173.739385,52.493257],[173.707741,52.477377],[173.695719,52.458935],[173.691601,52.445935],[173.69386,52.438694],[173.702252,52.434804],[173.704299,52.432192],[173.712323,52.421033],[173.719161,52.397703],[173.725696,52.356579],[173.651293,52.35637],[173.644793,52.357598],[173.640825,52.359428],[173.606767,52.378249],[173.595397,52.391893],[173.588794,52.400973],[173.559891,52.401165],[173.543778,52.392666],[173.512162,52.385035],[173.483843,52.383485],[173.465442,52.384621],[173.455586,52.389656],[173.3955,52.402647],[173.385704,52.404072],[173.356927,52.403873],[173.356103,52.405563],[173.380058,52.431843],[173.440111,52.453664],[173.445696,52.455031],[173.467698,52.444473],[173.476243,52.441909],[173.501022,52.440926],[173.525161,52.448137],[173.530105,52.449968],[173.550002,52.467067],[173.549605,52.469989],[173.545302,52.476],[173.555739,52.479472],[173.587554,52.476785],[173.623883,52.506948],[173.680586,52.512878],[173.73627,52.512422],[173.769503,52.512072],[173.772799,52.509905],[173.772402,52.506877]]],[[[174.159252,52.707387],[174.158146,52.706059],[174.109409,52.70856],[174.071842,52.718295],[174.066195,52.731042],[174.069186,52.734888],[174.092073,52.74206],[174.09665,52.743485],[174.13315,52.733786],[174.145326,52.72855],[174.155764,52.715375],[174.159252,52.707387]]],[[[174.003651,52.744283],[174.021702,52.730286],[174.004827,52.719857],[173.9726,52.729423],[173.96088,52.738136],[173.952793,52.747885],[173.954075,52.75141],[173.983432,52.749053],[174.003651,52.744283]]],[[[173.881412,52.775028],[173.897452,52.77178],[173.931553,52.758574],[173.940037,52.75186],[173.932926,52.746649],[173.930912,52.750227],[173.925271,52.752433],[173.894753,52.75078],[173.875585,52.761898],[173.861653,52.773579],[173.867436,52.775128],[173.881412,52.775028]]],[[[172.512996,52.905181],[172.469022,52.911337],[172.461667,52.92716],[172.629077,53.001324],[172.643266,53.004979],[172.746566,53.01075],[173.107249,52.993228],[173.121988,52.990352],[173.13151,52.987521],[173.159648,52.974163],[173.172406,52.960545],[173.211752,52.939489],[173.235265,52.943628],[173.251326,52.944362],[173.295399,52.926987],[173.421682,52.845477],[173.42767,52.830763],[173.423819,52.828799],[173.413016,52.827891],[173.302331,52.823286],[173.284417,52.827933],[173.22907,52.856156],[173.224051,52.856403],[173.204948,52.848911],[173.187952,52.8315],[173.173543,52.804378],[173.166899,52.795229],[173.142678,52.786254],[173.134521,52.784357],[173.11856,52.78444],[172.998472,52.796979],[172.903628,52.761667],[172.809387,52.78929],[172.763366,52.823656],[172.76739,52.848372],[172.766693,52.862669],[172.754236,52.87749],[172.640372,52.925441],[172.585075,52.921327],[172.5487,52.914322],[172.512996,52.905181]]],[[[-152.401892,58.120755],[-152.425391,58.127614],[-152.482674,58.129813],[-152.514794,58.114321],[-152.529036,58.093779],[-152.530388,58.087766],[-152.541533,58.083666],[-152.554461,58.08462],[-152.557237,58.086462],[-152.569595,58.1148],[-152.557497,58.160683],[-152.559884,58.170941],[-152.562829,58.177979],[-152.584222,58.187477],[-152.597506,58.179686],[-152.615103,58.116224],[-152.631214,58.081924],[-152.656801,58.061049],[-152.706831,58.050577],[-152.771303,58.046883],[-152.777906,58.050364],[-152.779473,58.065269],[-152.792041,58.072665],[-152.809062,58.078917],[-152.882423,58.096074],[-152.95868,58.116441],[-152.973149,58.125427],[-152.983857,58.134358],[-152.99734,58.134341],[-153.075746,58.099571],[-153.076485,58.096077],[-153.057201,58.073576],[-153.036131,58.055619],[-153.020589,58.045202],[-152.9647,58.03465],[-152.876788,58.002307],[-152.871836,57.999275],[-152.871416,57.997157],[-152.947547,57.983519],[-152.982406,57.984697],[-153.097462,58.004516],[-153.202525,58.030122],[-153.209885,58.034925],[-153.214568,58.042418],[-153.218115,58.043909],[-153.289701,58.05033],[-153.344807,58.040619],[-153.365574,58.039052],[-153.419783,58.059638],[-153.418343,58.064053],[-153.412933,58.069811],[-153.316127,58.14039],[-153.281874,58.147555],[-153.274215,58.148102],[-153.262643,58.145099],[-153.227567,58.123364],[-153.199117,58.102005],[-153.168617,58.088385],[-153.156402,58.090087],[-153.14874,58.106121],[-153.167605,58.127818],[-153.209672,58.15035],[-153.223709,58.16212],[-153.202801,58.20808],[-153.170101,58.216704],[-153.073927,58.195107],[-153.060846,58.194502],[-153.036662,58.199235],[-153.000579,58.211768],[-152.998094,58.214122],[-153.006979,58.221847],[-153.061678,58.235649],[-153.082507,58.244495],[-153.101841,58.257938],[-153.10241,58.260344],[-153.099284,58.264065],[-153.044316,58.306336],[-153.00439,58.300135],[-152.993217,58.296254],[-152.982356,58.287495],[-152.94127,58.279614],[-152.888204,58.2831],[-152.878858,58.288533],[-152.869811,58.304906],[-152.884023,58.307087],[-152.91245,58.307191],[-152.921122,58.313268],[-152.936757,58.330513],[-152.93644,58.334923],[-152.925586,58.339686],[-152.895407,58.345305],[-152.870555,58.335743],[-152.821964,58.328501],[-152.804789,58.33951],[-152.774048,58.366826],[-152.78742,58.369015],[-152.839234,58.372477],[-152.883107,58.400443],[-152.88886,58.409384],[-152.886358,58.410585],[-152.864939,58.40434],[-152.844173,58.402842],[-152.812207,58.403464],[-152.787776,58.411313],[-152.774509,58.419721],[-152.771106,58.429515],[-152.733845,58.460662],[-152.723169,58.46208],[-152.68994,58.459861],[-152.610955,58.475775],[-152.601666,58.490423],[-152.600534,58.494946],[-152.60903,58.496167],[-152.619197,58.493674],[-152.622794,58.494189],[-152.653673,58.506572],[-152.66622,58.544087],[-152.665999,58.564493],[-152.638569,58.587448],[-152.61613,58.601852],[-152.56771,58.621304],[-152.560171,58.61968],[-152.550418,58.610996],[-152.549635,58.601024],[-152.545009,58.594253],[-152.50282,58.593451],[-152.453817,58.618515],[-152.354709,58.63828],[-152.337964,58.637404],[-152.329835,58.632102],[-152.337212,58.589095],[-152.372317,58.531175],[-152.38761,58.52287],[-152.418267,58.515244],[-152.467197,58.476609],[-152.498571,58.449538],[-152.505516,58.441876],[-152.512483,58.427349],[-152.493991,58.354684],[-152.476814,58.350955],[-152.387343,58.359499],[-152.364682,58.364613],[-152.34486,58.39163],[-152.348389,58.401502],[-152.355073,58.413052],[-152.358724,58.415585],[-152.35609,58.42347],[-152.328063,58.434372],[-152.320554,58.433829],[-152.301713,58.428697],[-152.279508,58.415872],[-152.227835,58.376424],[-152.234718,58.362024],[-152.224965,58.357372],[-152.200953,58.355332],[-152.129257,58.396414],[-152.125339,58.396396],[-152.090437,58.372628],[-152.08925,58.367644],[-152.11953,58.32977],[-152.138294,58.295712],[-152.147142,58.266992],[-152.146519,58.24912],[-152.116569,58.248537],[-152.107962,58.260525],[-152.107635,58.28024],[-152.082342,58.309945],[-151.986171,58.350413],[-151.981781,58.347971],[-151.966218,58.332737],[-151.963817,58.328999],[-151.964103,58.269049],[-151.972053,58.230702],[-151.986127,58.213774],[-152.081083,58.154275],[-152.112205,58.148559],[-152.194827,58.174128],[-152.223175,58.194794],[-152.224439,58.202365],[-152.219826,58.206289],[-152.207488,58.206284],[-152.203699,58.212055],[-152.23383,58.243329],[-152.24289,58.241192],[-152.280629,58.242344],[-152.311415,58.221115],[-152.265111,58.135732],[-152.273605,58.12563],[-152.343522,58.119174],[-152.401892,58.120755]]],[[[-147.215312,60.327109],[-147.218799,60.334726],[-147.214679,60.343793],[-147.211582,60.34626],[-147.147514,60.37247],[-147.112667,60.380982],[-147.098703,60.378697],[-147.091897,60.374969],[-147.089363,60.369126],[-147.092717,60.363396],[-147.10401,60.356727],[-147.095483,60.341964],[-147.073932,60.338982],[-147.013164,60.343863],[-147.006138,60.343119],[-147.003839,60.34031],[-147.004091,60.334348],[-147.015307,60.322548],[-147.089866,60.292106],[-147.103118,60.28019],[-147.104107,60.277155],[-147.080463,60.265355],[-147.064768,60.270188],[-146.962633,60.311911],[-146.944024,60.31602],[-146.916164,60.314898],[-146.911772,60.309807],[-146.911377,60.297593],[-146.948089,60.269974],[-147.002067,60.232453],[-147.139641,60.179058],[-147.202416,60.151128],[-147.253868,60.113852],[-147.365424,60.042867],[-147.388508,60.011116],[-147.388686,60.004301],[-147.438369,59.97468],[-147.493235,59.955388],[-147.499783,59.951069],[-147.505311,59.937494],[-147.499625,59.926296],[-147.494317,59.922756],[-147.483056,59.920873],[-147.476312,59.921563],[-147.448681,59.915892],[-147.443678,59.913543],[-147.45236,59.880518],[-147.46692,59.8701],[-147.533041,59.852401],[-147.541643,59.853282],[-147.540437,59.857264],[-147.542664,59.861336],[-147.571278,59.868709],[-147.596339,59.868872],[-147.62198,59.866484],[-147.651738,59.851223],[-147.657015,59.844035],[-147.657048,59.839497],[-147.660388,59.832248],[-147.677139,59.821368],[-147.693869,59.81907],[-147.727499,59.81978],[-147.738538,59.822949],[-147.745417,59.821844],[-147.810788,59.802233],[-147.831008,59.790043],[-147.874097,59.78326],[-147.912883,59.79224],[-147.924906,59.799712],[-147.928064,59.803496],[-147.908247,59.852832],[-147.895411,59.869145],[-147.877936,59.879678],[-147.856693,59.886661],[-147.808272,59.888148],[-147.797213,59.909477],[-147.809035,59.92348],[-147.804252,59.936497],[-147.739635,59.968008],[-147.728869,59.969509],[-147.707445,59.964151],[-147.690642,59.963236],[-147.68628,59.964476],[-147.659569,59.980064],[-147.662645,59.986676],[-147.647042,60.005649],[-147.555529,60.051131],[-147.479543,60.076653],[-147.45149,60.08792],[-147.433254,60.096159],[-147.406,60.112631],[-147.388701,60.126473],[-147.319715,60.190581],[-147.315691,60.202891],[-147.322841,60.214784],[-147.312081,60.222871],[-147.281373,60.226812],[-147.249786,60.228589],[-147.24431,60.231298],[-147.219108,60.253513],[-147.20615,60.269508],[-147.217704,60.293504],[-147.19494,60.304563],[-147.183277,60.32068],[-147.185243,60.323083],[-147.195608,60.326224],[-147.211625,60.324936],[-147.215312,60.327109]]],[[[-147.674351,60.41443],[-147.690773,60.405054],[-147.681888,60.388167],[-147.630081,60.38955],[-147.62202,60.383794],[-147.618906,60.368848],[-147.639474,60.340579],[-147.671135,60.308929],[-147.703599,60.285589],[-147.698608,60.245552],[-147.704731,60.227874],[-147.720124,60.202002],[-147.760681,60.156396],[-147.766484,60.15418],[-147.783583,60.161073],[-147.820159,60.179555],[-147.845681,60.195434],[-147.832285,60.197855],[-147.827991,60.20063],[-147.828962,60.207442],[-147.855453,60.216419],[-147.908985,60.224359],[-147.945158,60.222324],[-147.956228,60.228667],[-147.950532,60.243791],[-147.933269,60.273632],[-147.837456,60.414452],[-147.792822,60.476193],[-147.782548,60.4833],[-147.778269,60.484007],[-147.765825,60.476505],[-147.779329,60.457078],[-147.750864,60.440981],[-147.738151,60.441277],[-147.715312,60.447915],[-147.70916,60.451883],[-147.717097,60.467282],[-147.726642,60.472216],[-147.72646,60.502533],[-147.721824,60.508635],[-147.613843,60.565906],[-147.566372,60.580849],[-147.562801,60.579821],[-147.555392,60.574059],[-147.551709,60.559612],[-147.565775,60.534713],[-147.607756,60.50692],[-147.623835,60.465878],[-147.619972,60.436821],[-147.674351,60.41443]]],[[[-147.486045,60.619348],[-147.501603,60.654772],[-147.486484,60.686582],[-147.479814,60.693593],[-147.449559,60.700046],[-147.444468,60.699654],[-147.384779,60.710017],[-147.308537,60.666793],[-147.302915,60.660673],[-147.337429,60.632685],[-147.344494,60.628544],[-147.457407,60.61909],[-147.486045,60.619348]]],[[[-147.932931,60.655714],[-147.970684,60.673799],[-148.020259,60.72495],[-147.965419,60.751996],[-147.957239,60.747706],[-147.952039,60.741879],[-147.906021,60.735515],[-147.848176,60.698116],[-147.846103,60.694509],[-147.860057,60.677233],[-147.868067,60.670825],[-147.932931,60.655714]]],[[[-147.141802,60.853991],[-147.192354,60.861635],[-147.217749,60.869741],[-147.253128,60.872969],[-147.309086,60.873924],[-147.32564,60.877153],[-147.321084,60.880198],[-147.226303,60.910421],[-147.210324,60.908776],[-147.193399,60.902949],[-147.178969,60.903704],[-147.131319,60.912932],[-147.115336,60.911938],[-147.077772,60.899503],[-147.071788,60.893833],[-147.089645,60.874693],[-147.126799,60.858011],[-147.141802,60.853991]]]]},"properties":{"id":743,"name":"Anchorage, AK","latitude":61.217381,"tvperc":null,"dma":743,"cableperc":null,"adsperc":null,"longitude":-149.863129},"id":743},{"type":"Feature","geometry":{"type":"MultiPolygon","coordinates":[[[[-169.05195,63.343127],[-168.999241,63.341249],[-168.937385,63.333789],[-168.936333,63.330622],[-168.932623,63.32914],[-168.796086,63.308781],[-168.692939,63.302282],[-168.685145,63.296427],[-168.686675,63.293022],[-168.716872,63.256316],[-168.751537,63.217962],[-168.783239,63.184131],[-168.789266,63.179646],[-168.818344,63.163224],[-168.85875,63.146958],[-168.871465,63.146009],[-168.889683,63.147708],[-168.950091,63.160895],[-168.963577,63.167104],[-168.983024,63.169671],[-169.042674,63.176511],[-169.105808,63.178803],[-169.198398,63.176011],[-169.262039,63.169936],[-169.303477,63.164439],[-169.375667,63.151269],[-169.396308,63.136617],[-169.436748,63.113579],[-169.471949,63.098565],[-169.51365,63.084717],[-169.534984,63.074355],[-169.561131,63.055178],[-169.575873,63.03645],[-169.576965,63.027025],[-169.572777,63.022118],[-169.568016,62.976879],[-169.638309,62.937527],[-169.746736,62.955991],[-169.757249,62.960087],[-169.757514,62.963722],[-169.734938,62.974468],[-169.734938,62.976617],[-169.788466,63.043015],[-169.829912,63.07855],[-169.838511,63.084339],[-169.88123,63.105848],[-169.944056,63.13236],[-169.987936,63.142975],[-170.006196,63.14454],[-170.021208,63.1495],[-170.049622,63.163377],[-170.051062,63.167489],[-170.053402,63.168858],[-170.101301,63.1793],[-170.124354,63.183665],[-170.154072,63.186402],[-170.174421,63.185464],[-170.186485,63.181618],[-170.181985,63.178804],[-170.193695,63.177434],[-170.263032,63.179147],[-170.281388,63.186821],[-170.285648,63.19457],[-170.279881,63.197108],[-170.277915,63.200239],[-170.277721,63.208819],[-170.30363,63.238692],[-170.337275,63.266308],[-170.364806,63.285596],[-170.430656,63.314284],[-170.512102,63.341881],[-170.55895,63.354989],[-170.712572,63.385975],[-170.865412,63.414229],[-170.92345,63.420859],[-170.967475,63.42373],[-171.067663,63.424579],[-171.100855,63.42342],[-171.269249,63.385386],[-171.280185,63.381543],[-171.287157,63.376642],[-171.288265,63.374833],[-171.285411,63.366464],[-171.290324,63.355383],[-171.333089,63.335393],[-171.433319,63.307578],[-171.464455,63.306915],[-171.562263,63.334591],[-171.667115,63.356166],[-171.739321,63.366114],[-171.795297,63.407853],[-171.818259,63.429452],[-171.824872,63.437141],[-171.849984,63.485039],[-171.840382,63.547724],[-171.833681,63.580074],[-171.791881,63.620625],[-171.757081,63.640252],[-171.743979,63.654905],[-171.742338,63.665494],[-171.755552,63.701173],[-171.754336,63.71896],[-171.739918,63.717096],[-171.733206,63.720327],[-171.727986,63.726791],[-171.725748,63.734745],[-171.727986,63.744938],[-171.737432,63.76035],[-171.743398,63.782971],[-171.738178,63.784711],[-171.699647,63.781728],[-171.692686,63.782598],[-171.682494,63.78757],[-171.673296,63.788067],[-171.66733,63.785581],[-171.659873,63.775762],[-171.643963,63.770791],[-171.638991,63.759231],[-171.638246,63.749536],[-171.641477,63.745559],[-171.652912,63.73922],[-171.652664,63.73661],[-171.648935,63.73487],[-171.646692,63.729425],[-171.65263,63.708523],[-171.649923,63.70254],[-171.640027,63.69343],[-171.632194,63.688601],[-171.609439,63.679832],[-171.521859,63.658797],[-171.381677,63.630646],[-171.202557,63.606897],[-171.103558,63.589268],[-171.044486,63.580431],[-170.950817,63.570127],[-170.907197,63.572107],[-170.897581,63.574676],[-170.859032,63.587503],[-170.816581,63.606329],[-170.698156,63.646778],[-170.606282,63.672732],[-170.488192,63.696723],[-170.472181,63.698677],[-170.462947,63.698022],[-170.441066,63.691981],[-170.373871,63.687322],[-170.359363,63.687321],[-170.354527,63.691924],[-170.344855,63.694225],[-170.315839,63.691923],[-170.281988,63.68502],[-170.26748,63.675816],[-170.257808,63.666611],[-170.176413,63.625489],[-170.154754,63.619072],[-170.14004,63.616696],[-170.113066,63.616245],[-170.095833,63.612701],[-170.076689,63.587988],[-170.040919,63.523411],[-170.047114,63.490135],[-170.026953,63.480702],[-170.007943,63.475428],[-169.974858,63.470618],[-169.906304,63.457519],[-169.857078,63.441975],[-169.747634,63.432756],[-169.656474,63.429929],[-169.643167,63.427802],[-169.579892,63.40287],[-169.566562,63.388725],[-169.565439,63.385563],[-169.554375,63.377158],[-169.546934,63.372792],[-169.520524,63.365941],[-169.415329,63.355943],[-169.38408,63.356733],[-169.31297,63.353335],[-169.281422,63.348381],[-169.267598,63.343995],[-169.101961,63.338022],[-169.087914,63.340937],[-169.05195,63.343127]]],[[[-162.512298,63.629784],[-162.498175,63.622069],[-162.451929,63.62127],[-162.440229,63.622491],[-162.430304,63.625745],[-162.425419,63.62995],[-162.425265,63.631654],[-162.427696,63.633134],[-162.424205,63.636215],[-162.401203,63.634367],[-162.374243,63.626425],[-162.341892,63.594062],[-162.345179,63.551785],[-162.377988,63.543813],[-162.416802,63.547389],[-162.470029,63.5475],[-162.552701,63.540951],[-162.562007,63.537105],[-162.614949,63.540601],[-162.676581,63.555648],[-162.680973,63.556859],[-162.707559,63.577607],[-162.682629,63.584066],[-162.644513,63.602599],[-162.614621,63.621832],[-162.587527,63.625115],[-162.558234,63.634308],[-162.541389,63.635727],[-162.512298,63.629784]]],[[[-162.184665,63.186448],[-162.374087,63.186423],[-162.37771,63.272891],[-162.587754,63.275727],[-162.571695,63.285556],[-162.437059,63.377836],[-162.432169,63.382606],[-162.426095,63.393651],[-162.428744,63.401055],[-162.42153,63.409014],[-162.384625,63.435797],[-162.352274,63.454069],[-162.301869,63.473422],[-162.271089,63.487711],[-162.268242,63.490799],[-162.267833,63.495084],[-162.288532,63.526412],[-162.301471,63.53735],[-162.296731,63.540108],[-162.252411,63.541753],[-162.190145,63.529886],[-162.151574,63.517952],[-162.123249,63.512807],[-162.108597,63.511927],[-162.073156,63.513768],[-162.041687,63.48965],[-162.045709,63.475434],[-162.050132,63.47285],[-162.050543,63.470589],[-162.039444,63.45893],[-162.025552,63.447539],[-161.930714,63.444843],[-161.839897,63.447313],[-161.765832,63.453803],[-161.70563,63.464061],[-161.676526,63.465003],[-161.591632,63.454244],[-161.583772,63.447857],[-161.553077,63.449217],[-161.450463,63.457178],[-161.310181,63.471312],[-161.191163,63.490072],[-161.136758,63.504525],[-161.13423,63.506735],[-161.119964,63.532544],[-161.102721,63.5478],[-161.036049,63.579566],[-160.924877,63.644814],[-160.904353,63.658024],[-160.809089,63.731332],[-160.783304,63.752893],[-160.76556,63.773552],[-160.761974,63.793453],[-160.766291,63.835189],[-160.787624,63.869196],[-160.810798,63.904646],[-160.851979,63.954409],[-160.877686,63.977265],[-160.892455,63.985943],[-160.93374,64.049729],[-160.951641,64.090067],[-160.955132,64.13803],[-160.956425,64.191732],[-160.953596,64.197775],[-160.946857,64.204158],[-160.976038,64.235761],[-161.228941,64.370747],[-161.263519,64.398166],[-161.313668,64.400874],[-161.410382,64.422107],[-161.463026,64.420074],[-161.470182,64.418814],[-161.492926,64.407851],[-161.504903,64.423074],[-161.479093,64.486401],[-161.469046,64.506575],[-161.388621,64.532783],[-161.373572,64.535028],[-161.362901,64.526913],[-161.351145,64.521382],[-161.321343,64.513865],[-161.234092,64.500365],[-161.198029,64.496626],[-161.155518,64.494687],[-161.078031,64.494094],[-161.024185,64.499719],[-161.015095,64.502124],[-161.013228,64.507521],[-161.01714,64.517124],[-161.037534,64.522246],[-161.045947,64.524948],[-161.05306,64.528504],[-161.055549,64.532416],[-161.052348,64.537395],[-161.049148,64.540952],[-160.992894,64.541295],[-160.970555,64.543884],[-160.940493,64.55],[-160.802048,64.610352],[-160.793356,64.619317],[-160.791614,64.623055],[-160.78357,64.680581],[-160.783398,64.71716],[-160.869571,64.783797],[-160.935974,64.82237],[-160.986417,64.833984],[-161.079718,64.869549],[-161.102755,64.880661],[-161.133062,64.898219],[-161.149655,64.911985],[-161.149366,64.916558],[-161.145725,64.920534],[-161.176009,64.927161],[-161.19212,64.921366],[-161.195202,64.918178],[-161.200893,64.905796],[-161.200964,64.898659],[-161.198586,64.894403],[-161.213756,64.883324],[-161.264283,64.86197],[-161.293049,64.853243],[-161.327848,64.829836],[-161.357867,64.805922],[-161.366808,64.793777],[-161.364438,64.782099],[-161.367483,64.778907],[-161.376985,64.773036],[-161.413493,64.762723],[-161.42986,64.759027],[-161.518211,64.75325],[-161.595506,64.764478],[-161.630287,64.77129],[-161.64552,64.776452],[-161.667261,64.788981],[-161.878363,64.709476],[-161.902429,64.703851],[-161.939279,64.699119],[-162.096528,64.690983],[-162.138832,64.685934],[-162.168516,64.68029],[-162.188146,64.672395],[-162.21662,64.656213],[-162.219718,64.644176],[-162.234477,64.619336],[-162.270025,64.60871],[-162.290571,64.605496],[-162.342308,64.59224],[-162.539996,64.530931],[-162.554875,64.520341],[-162.61422,64.470702],[-162.615452,64.467077],[-162.602178,64.456869],[-162.60302,64.448666],[-162.632242,64.385734],[-162.645156,64.379783],[-162.66768,64.375356],[-162.719218,64.359971],[-162.768424,64.333516],[-162.790167,64.325182],[-162.795636,64.327716],[-162.805385,64.336023],[-162.810004,64.352647],[-162.807205,64.364643],[-162.80035,64.374695],[-162.802266,64.395327],[-162.806612,64.405608],[-162.83654,64.436702],[-162.858556,64.474864],[-162.857562,64.49978],[-162.940776,64.542417],[-162.96925,64.54687],[-163.030657,64.542353],[-163.042618,64.540046],[-163.032057,64.525608],[-163.028887,64.511908],[-163.027158,64.477945],[-163.091486,64.437736],[-163.107459,64.409192],[-163.11945,64.403808],[-163.150789,64.397249],[-163.175336,64.399334],[-163.229206,64.430019],[-163.249092,64.456223],[-163.253027,64.469501],[-163.350926,64.505859],[-163.4129,64.524986],[-163.451482,64.53482],[-163.597834,64.563356],[-163.651943,64.567299],[-163.829739,64.574965],[-163.875774,64.572935],[-163.89618,64.564483],[-163.974352,64.55137],[-163.994532,64.551742],[-164.044839,64.559167],[-164.071997,64.56128],[-164.147059,64.564552],[-164.260064,64.56422],[-164.307273,64.561488],[-164.421871,64.545256],[-164.491327,64.529824],[-164.548298,64.516738],[-164.807747,64.449432],[-164.835679,64.444917],[-164.874421,64.441195],[-165.001961,64.433917],[-165.016519,64.434392],[-165.214182,64.469726],[-165.413443,64.497939],[-165.550573,64.512235],[-165.751093,64.536437],[-165.819595,64.540171],[-165.919704,64.54866],[-166.189546,64.575798],[-166.236939,64.583558],[-166.392403,64.638161],[-166.413926,64.651229],[-166.451788,64.691761],[-166.474714,64.719267],[-166.483801,64.733419],[-166.481076,64.786156],[-166.478978,64.797036],[-166.430516,64.807715],[-166.417028,64.81874],[-166.410198,64.827968],[-166.407303,64.834278],[-166.407315,64.852281],[-166.409331,64.859755],[-166.415624,64.871928],[-166.432246,64.88316],[-166.530518,64.937114],[-166.586066,64.955712],[-166.61511,64.96433],[-166.636843,64.968113],[-166.690814,64.985372],[-166.70483,64.997051],[-166.705283,64.999846],[-166.695206,65.005184],[-166.688762,65.018029],[-166.692426,65.029629],[-166.696453,65.035857],[-166.732794,65.053498],[-166.82091,65.077053],[-166.860402,65.090866],[-166.885451,65.105856],[-166.911922,65.125965],[-166.910131,65.134024],[-166.906687,65.13632],[-166.89772,65.139028],[-166.886677,65.138763],[-166.872666,65.136928],[-166.837496,65.128146],[-166.826753,65.119778],[-166.81679,65.117089],[-166.755554,65.110585],[-166.67032,65.10972],[-166.638411,65.113586],[-166.634449,65.125873],[-166.60607,65.135992],[-166.521506,65.149242],[-166.509566,65.152719],[-166.479913,65.167249],[-166.464192,65.177086],[-166.459984,65.183284],[-166.46005,65.189897],[-166.465342,65.194818],[-166.474839,65.217663],[-166.475297,65.224335],[-166.451711,65.236178],[-166.386271,65.254143],[-166.347189,65.276341],[-166.360618,65.288631],[-166.377721,65.297983],[-166.439404,65.319058],[-166.485968,65.3309],[-166.51864,65.335824],[-166.551097,65.338406],[-166.572735,65.338155],[-166.596964,65.336246],[-166.625987,65.325121],[-166.655179,65.324938],[-166.679717,65.326856],[-166.796001,65.337184],[-166.851646,65.348485],[-166.899681,65.360642],[-167.026782,65.381967],[-167.10186,65.387737],[-167.170465,65.389269],[-167.398458,65.400259],[-167.474024,65.412744],[-167.574639,65.444979],[-167.620388,65.463463],[-167.621371,65.466589],[-167.710888,65.498524],[-167.841836,65.530249],[-167.851234,65.538181],[-167.909599,65.550876],[-167.967065,65.558599],[-167.997178,65.559346],[-168.04762,65.569149],[-168.0752,65.576355],[-168.099046,65.592239],[-168.099356,65.599045],[-168.09614,65.600882],[-168.100003,65.610972],[-168.127044,65.626584],[-168.134663,65.64084],[-168.12893,65.655744],[-168.103708,65.685552],[-167.979889,65.727972],[-167.857216,65.754341],[-167.73569,65.776124],[-167.539643,65.820836],[-167.314935,65.885039],[-167.246146,65.911408],[-167.139524,65.948095],[-166.977872,65.996247],[-166.956089,66.007711],[-166.827684,66.051277],[-166.597243,66.118919],[-166.526162,66.141849],[-166.330971,66.189514],[-166.308287,66.180287],[-166.282123,66.177089],[-166.245693,66.16992],[-166.223186,66.171033],[-166.190692,66.16741],[-166.181579,66.164626],[-166.143876,66.159265],[-166.127228,66.155204],[-166.122248,66.152622],[-166.122486,66.149417],[-166.139023,66.146991],[-166.14987,66.141303],[-166.148866,66.137747],[-166.138305,66.131966],[-166.101618,66.125198],[-166.087392,66.11961],[-166.085179,66.115369],[-166.080015,66.112602],[-166.046471,66.107833],[-166.009898,66.11075],[-165.959741,66.10941],[-165.925101,66.111066],[-165.892999,66.115767],[-165.87674,66.114802],[-165.845082,66.107971],[-165.799096,66.100823],[-165.76351,66.098885],[-165.758784,66.092915],[-165.733616,66.096231],[-165.697845,66.104041],[-165.693048,66.103303],[-165.661901,66.117944],[-165.649344,66.119562],[-165.646741,66.118152],[-165.65022,66.114746],[-165.647717,66.113487],[-165.630793,66.117643],[-165.607237,66.119397],[-165.599803,66.117686],[-165.588512,66.119695],[-165.584292,66.129489],[-165.544886,66.142901],[-165.54466,66.151933],[-165.551682,66.161584],[-165.578906,66.16327],[-165.594386,66.168083],[-165.620879,66.180572],[-165.653814,66.192453],[-165.690509,66.202029],[-165.760518,66.209561],[-165.813473,66.207174],[-165.848314,66.211367],[-165.853291,66.212684],[-165.867148,66.220871],[-165.874462,66.227999],[-165.877514,66.240309],[-165.866468,66.247073],[-165.853577,66.263185],[-165.859933,66.27422],[-165.872497,66.284271],[-165.880454,66.29516],[-165.882129,66.299766],[-165.882496,66.311603],[-165.869233,66.316112],[-165.80503,66.33331],[-165.6686,66.361971],[-165.407204,66.420441],[-165.187082,66.465154],[-165.124026,66.473179],[-164.711009,66.542541],[-164.400727,66.58111],[-164.400724,66.58111],[-164.345015,66.580834],[-164.094554,66.592281],[-163.979581,66.593953],[-163.978095,66.592616],[-163.978492,66.591012],[-163.985713,66.576085],[-163.908341,66.55597],[-163.875235,66.558248],[-163.850476,66.563102],[-163.754171,66.551284],[-163.727179,66.516388],[-163.728308,66.498552],[-163.730247,66.491372],[-163.761967,66.454874],[-163.798687,66.436875],[-163.844221,66.418978],[-163.856359,66.409296],[-163.873106,66.389015],[-163.873096,66.32855],[-163.849163,66.307639],[-163.839825,66.304079],[-163.829977,66.280398],[-163.830077,66.272],[-163.843108,66.259869],[-163.904813,66.230303],[-163.955901,66.21717],[-164.046937,66.209404],[-164.078765,66.201764],[-164.092715,66.184537],[-164.089237,66.182338],[-164.078677,66.181019],[-164.007503,66.179386],[-163.916551,66.190494],[-163.878306,66.160279],[-163.861406,66.136665],[-163.847401,66.122106],[-163.80358,66.100059],[-163.772467,66.081922],[-163.768357,66.073662],[-163.76751,66.060803],[-163.623921,66.058281],[-163.540115,66.069921],[-163.502704,66.081165],[-163.495845,66.085388],[-163.344759,66.084937],[-163.313843,66.075287],[-163.287768,66.069229],[-163.168568,66.05929],[-163.146726,66.059487],[-163.093003,66.06296],[-163.04714,66.068327],[-162.997473,66.076845],[-162.876016,66.082833],[-162.791232,66.089138],[-162.750705,66.09016],[-162.681304,66.061574],[-162.680204,66.058129],[-162.673584,66.053685],[-162.635985,66.040366],[-162.622284,66.039526],[-162.530755,66.045062],[-162.45767,66.058579],[-162.423726,66.048984],[-162.413452,66.035085],[-162.391892,66.028724],[-162.372147,66.027985],[-162.331284,66.031403],[-162.26967,66.042104],[-162.205889,66.056753],[-162.139516,66.078819],[-162.137424,66.078547],[-162.129709,66.069487],[-162.121788,66.067391],[-162.025701,66.062829],[-161.950043,66.040302],[-161.838018,66.022582],[-161.817091,66.033089],[-161.812306,66.041688],[-161.798585,66.055317],[-161.775537,66.073732],[-161.680577,66.111588],[-161.6653,66.122177],[-161.627008,66.153194],[-161.623983,66.162082],[-161.613943,66.176693],[-161.548429,66.239912],[-161.484539,66.262426],[-161.367875,66.258653],[-161.341189,66.2551],[-161.337269,66.243163],[-161.33212,66.236431],[-161.320778,66.223591],[-161.313025,66.221051],[-161.263655,66.214154],[-161.198971,66.210949],[-161.145397,66.220179],[-161.087342,66.234208],[-161.067871,66.235164],[-161.052732,66.231018],[-161.035866,66.229437],[-161.000026,66.233126],[-160.993965,66.234444],[-160.991066,66.236816],[-160.990275,66.239715],[-160.995905,66.251962],[-160.99854,66.254935],[-161.061034,66.283804],[-161.079328,66.307126],[-161.089161,66.31514],[-161.107995,66.328367],[-161.129512,66.336248],[-161.1631,66.342291],[-161.219834,66.348918],[-161.360743,66.375943],[-161.525554,66.397046],[-161.694404,66.396174],[-161.817538,66.360815],[-161.912946,66.344436],[-161.916309,66.349481],[-161.8809,66.398763],[-161.872447,66.414132],[-161.863387,66.440783],[-161.864156,66.488195],[-161.87488,66.511446],[-162.029043,66.586504],[-162.091453,66.605963],[-162.09791,66.609863],[-162.105641,66.622584],[-162.113311,66.639596],[-162.124348,66.651291],[-162.140377,66.664737],[-162.175398,66.687789],[-162.228635,66.70977],[-162.268767,66.717905],[-162.349774,66.726713],[-162.422414,66.731581],[-162.501415,66.742503],[-162.50052,66.749751],[-162.502502,66.758875],[-162.512617,66.777733],[-162.544381,66.804872],[-162.572224,66.825364],[-162.594237,66.837647],[-162.614738,66.846476],[-162.621564,66.85086],[-162.624945,66.855031],[-162.626696,66.859572],[-162.623054,66.874325],[-162.61459,66.885941],[-162.601052,66.898455],[-162.582856,66.904292],[-162.497438,66.91986],[-162.346352,66.934792],[-162.281116,66.915679],[-162.271769,66.904144],[-162.228675,66.866623],[-162.117304,66.798482],[-162.096878,66.7885],[-162.073714,66.783324],[-162.049123,66.780639],[-162.013623,66.779406],[-162.011455,66.759063],[-162.029615,66.73458],[-162.041314,66.723764],[-162.058825,66.716253],[-162.068253,66.709857],[-162.074634,66.703681],[-162.081515,66.693052],[-162.07801,66.664048],[-162.07362,66.651217],[-162.069068,66.6457],[-162.033156,66.631585],[-161.968863,66.602611],[-161.953413,66.592365],[-161.932642,66.572547],[-161.92544,66.561215],[-161.915856,66.551339],[-161.877098,66.536877],[-161.765368,66.496934],[-161.624334,66.450143],[-161.574129,66.438566],[-161.516449,66.441839],[-161.435312,66.454162],[-161.326349,66.478371],[-161.279803,66.505179],[-161.29321,66.520591],[-161.399006,66.523529],[-161.454092,66.522205],[-161.469227,66.522843],[-161.483604,66.525626],[-161.493509,66.530977],[-161.494988,66.534443],[-161.486308,66.538037],[-161.482869,66.543724],[-161.4904,66.560844],[-161.541756,66.581379],[-161.598953,66.593181],[-161.665368,66.610433],[-161.693125,66.620562],[-161.86618,66.704978],[-161.881671,66.716796],[-161.86154,66.797076],[-161.846258,66.813647],[-161.82417,66.817889],[-161.796307,66.833126],[-161.785495,66.846547],[-161.782218,66.859956],[-161.719587,66.916898],[-161.692146,66.945033],[-161.685775,66.955794],[-161.688506,66.959799],[-161.68628,66.961367],[-161.674359,66.961965],[-161.566678,66.934775],[-161.489169,66.93695],[-161.485121,66.945647],[-161.485383,66.960818],[-161.505747,66.974314],[-161.530525,66.984951],[-161.62216,67.008146],[-161.697392,67.010849],[-161.711715,67.001044],[-161.759641,67.030572],[-161.799175,67.047502],[-161.810256,67.050281],[-161.836325,67.051777],[-161.850188,67.052186],[-161.893702,67.049075],[-162.123181,67.02579],[-162.211633,67.00671],[-162.233964,66.999568],[-162.234302,66.994581],[-162.23923,66.993814],[-162.353954,66.995128],[-162.385074,66.991235],[-162.415866,66.98471],[-162.432615,66.985089],[-162.449219,66.988391],[-162.462616,66.994323],[-162.466855,66.999339],[-162.461822,67.004426],[-162.465522,67.026629],[-162.472765,67.038368],[-162.481257,67.043113],[-162.490552,67.043331],[-162.504523,67.039629],[-162.514878,67.031069],[-162.519046,67.016552],[-162.603562,67.01049],[-162.64026,67.010869],[-162.654094,67.013099],[-162.661661,67.01889],[-162.660733,67.026771],[-162.658706,67.030335],[-162.66074,67.033884],[-162.676656,67.046789],[-162.699069,67.055476],[-162.782401,67.044467],[-162.83042,67.036173],[-162.839402,67.032956],[-162.850964,67.017922],[-162.865944,67.012543],[-162.901348,67.006833],[-163.097854,67.041191],[-163.299266,67.060748],[-163.399048,67.074167],[-163.441198,67.081459],[-163.495201,67.087503],[-163.57701,67.092491],[-163.624959,67.099391],[-163.69887,67.114443],[-163.730671,67.123774],[-163.741345,67.129123],[-163.737724,67.136802],[-163.736901,67.16323],[-163.737464,67.184754],[-163.74082,67.20996],[-163.758588,67.256439],[-163.822185,67.349812],[-163.853584,67.388101],[-163.878781,67.416125],[-164.007032,67.535699],[-164.079514,67.585856],[-164.108716,67.601993],[-164.14438,67.617228],[-164.209816,67.639079],[-164.533937,67.725606],[-164.778331,67.820866],[-164.907297,67.867844],[-165.057516,67.921694],[-165.129567,67.941833],[-165.190915,67.966071],[-165.227228,67.985322],[-165.23162,67.994512],[-165.240848,67.998714],[-165.35998,68.028054],[-165.430442,68.045408],[-165.49355,68.059283],[-165.66169,68.075999],[-165.749518,68.077694],[-165.792146,68.080867],[-165.863428,68.093367],[-165.965534,68.12192],[-165.973621,68.125986],[-165.987929,68.142738],[-165.994377,68.147305],[-166.245281,68.245275],[-166.307977,68.264948],[-166.368546,68.28177],[-166.474608,68.305273],[-166.56722,68.323288],[-166.680842,68.340911],[-166.784578,68.340431],[-166.829715,68.336324],[-166.846456,68.332508],[-166.85064,68.333089],[-166.838178,68.339714],[-166.811836,68.348136],[-166.706139,68.371783],[-166.377564,68.422406],[-166.362135,68.42624],[-166.342381,68.433966],[-166.328459,68.442261],[-166.305962,68.46154],[-166.303464,68.464683],[-166.30203,68.470413],[-166.295343,68.5109],[-166.24449,68.553888],[-166.23378,68.564263],[-166.226111,68.576186],[-166.225567,68.579015],[-166.231432,68.587338],[-166.229761,68.613771],[-166.213635,68.664324],[-166.199826,68.678556],[-166.197365,68.690019],[-166.187795,68.778706],[-166.190209,68.790437],[-166.195374,68.80399],[-166.20375,68.818221],[-166.222496,68.860441],[-166.224187,68.873175],[-166.214433,68.879524],[-165.814938,68.864158],[-165.666566,68.855387],[-165.572483,68.852946],[-165.522358,68.855839],[-165.327043,68.858111],[-164.967542,68.88303],[-164.883745,68.891649],[-164.812671,68.893542],[-164.655317,68.90936],[-164.526887,68.917909],[-164.299092,68.927569],[-164.253157,68.930938],[-164.161249,68.944773],[-164.130742,68.951001],[-164.069362,68.969651],[-163.973678,68.985044],[-163.893881,69.011962],[-163.858069,69.02886],[-163.827447,69.040632],[-163.724184,69.066713],[-163.655864,69.090567],[-163.574034,69.124077],[-163.535314,69.141656],[-163.452685,69.19463],[-163.297956,69.274725],[-163.236121,69.282661],[-163.230902,69.284464],[-163.137614,69.352178],[-163.110318,69.375343],[-163.103166,69.392261],[-163.104387,69.40135],[-163.100569,69.414222],[-163.070341,69.459872],[-163.052068,69.481971],[-163.046961,69.482892],[-163.036311,69.489028],[-163.02617,69.50689],[-163.016456,69.538142],[-163.020001,69.545145],[-163.03029,69.556591],[-163.074128,69.570272],[-163.118176,69.589156],[-163.116622,69.593416],[-163.111605,69.596605],[-163.02459,69.608609],[-162.916958,69.692512],[-162.922009,69.700372],[-162.961086,69.717165],[-163.010545,69.728109],[-163.018175,69.729074],[-163.03539,69.727406],[-163.012595,69.757462],[-162.960245,69.783328],[-162.911869,69.799471],[-162.877165,69.804411],[-162.840602,69.811763],[-162.76721,69.852179],[-162.70955,69.879126],[-162.616345,69.916997],[-162.606297,69.918988],[-162.601284,69.914568],[-162.593773,69.914096],[-162.587906,69.915637],[-162.481016,69.975242],[-162.471549,69.983132],[-162.462304,70.002438],[-162.468339,70.015784],[-162.462778,70.042217],[-162.454541,70.043958],[-162.394531,70.044574],[-162.350558,70.0588],[-162.35474,70.065479],[-162.356469,70.076391],[-162.312491,70.109281],[-162.158156,70.16153],[-162.098377,70.187045],[-162.019265,70.224044],[-161.984888,70.247681],[-161.959603,70.268873],[-161.922949,70.291599],[-161.859745,70.308048],[-161.849998,70.30943],[-161.844213,70.30853],[-161.842162,70.304429],[-161.844688,70.300054],[-161.847403,70.295877],[-161.848909,70.282183],[-161.834651,70.272504],[-161.801603,70.260634],[-161.779794,70.255411],[-161.769496,70.262498],[-161.767838,70.268337],[-161.759176,70.272443],[-161.692195,70.267092],[-161.67622,70.258021],[-161.663593,70.246187],[-161.633888,70.240693],[-161.522941,70.236888],[-161.396757,70.240606],[-161.309118,70.248091],[-161.254723,70.256612],[-161.080282,70.306679],[-161.016416,70.327744],[-160.992764,70.316226],[-160.979126,70.317661],[-160.839536,70.344534],[-160.732703,70.374382],[-160.530362,70.440751],[-160.489778,70.454463],[-160.48553,70.457121],[-160.480062,70.465971],[-160.214828,70.559087],[-160.056727,70.632834],[-159.913805,70.690673],[-159.798514,70.731226],[-159.648383,70.794368],[-159.585714,70.809475],[-159.528682,70.820849],[-159.209082,70.870067],[-159.17181,70.875103],[-159.147634,70.876653],[-159.156511,70.859221],[-159.152026,70.849543],[-159.132483,70.828359],[-159.160836,70.81796],[-159.290577,70.811262],[-159.331021,70.807394],[-159.335837,70.800079],[-159.343075,70.783115],[-159.299304,70.760012],[-159.275634,70.759531],[-159.13779,70.758609],[-159.000676,70.764336],[-158.976647,70.766973],[-158.954571,70.772712],[-158.9656,70.786852],[-158.976456,70.789864],[-158.976615,70.796377],[-158.656101,70.787955],[-158.60732,70.789099],[-158.3895,70.799729],[-158.385792,70.811468],[-158.389269,70.822048],[-158.385816,70.825704],[-158.25032,70.817734],[-158.157725,70.820806],[-158.032397,70.832263],[-157.884086,70.853468],[-157.840997,70.861025],[-157.768452,70.875842],[-157.708782,70.89139],[-157.502459,70.948659],[-157.421001,70.976805],[-157.392802,70.987908],[-157.249083,71.052537],[-157.119621,71.128682],[-157.072487,71.154521],[-156.962555,71.211885],[-156.809653,71.286886],[-156.773937,71.299506],[-156.645615,71.338012],[-156.62014,71.344209],[-156.56865,71.352561],[-156.566383,71.334016],[-156.561512,71.316809],[-156.556496,71.311795],[-156.531124,71.296338],[-156.524499,71.294469],[-156.402659,71.267945],[-156.356736,71.261273],[-156.320702,71.258952],[-156.301938,71.260566],[-156.2142,71.259392],[-156.074411,71.242489],[-156.029205,71.203209],[-156.038116,71.196506],[-156.044754,71.18677],[-156.044615,71.184701],[-156.018574,71.172041],[-155.957961,71.186211],[-155.920202,71.207157],[-155.895105,71.193899],[-155.88418,71.190057],[-155.829034,71.192088],[-155.803853,71.19642],[-155.760802,71.194662],[-155.657178,71.182471],[-155.587702,71.17256],[-155.566925,71.165139],[-155.567765,71.14113],[-155.561772,71.128458],[-155.520737,71.102476],[-155.513987,71.096794],[-155.511125,71.090348],[-155.510637,71.081152],[-155.533347,71.067683],[-155.548283,71.060685],[-155.638994,71.04236],[-155.705487,71.020153],[-155.711852,71.012473],[-155.762068,70.985644],[-155.830881,70.965584],[-155.878946,70.967684],[-155.95205,70.964831],[-155.978405,70.962197],[-155.995681,70.947796],[-156.014769,70.903133],[-156.014425,70.898644],[-156.013512,70.895983],[-155.968559,70.862931],[-155.969194,70.827982],[-155.978421,70.825558],[-155.980975,70.817355],[-155.978978,70.80875],[-155.971935,70.806828],[-155.927958,70.80601],[-155.906615,70.809988],[-155.882145,70.822056],[-155.875096,70.828895],[-155.731842,70.83116],[-155.643516,70.824209],[-155.543031,70.847175],[-155.504202,70.860303],[-155.489811,70.87174],[-155.48798,70.875299],[-155.485915,70.885905],[-155.487574,70.902679],[-155.493044,70.917371],[-155.47594,70.943547],[-155.454991,70.94749],[-155.404225,70.967477],[-155.382646,70.978973],[-155.36416,70.994195],[-155.343871,71.004449],[-155.260042,71.015227],[-155.260084,71.011281],[-155.256177,71.004762],[-155.211434,70.978023],[-155.201466,70.974306],[-155.192246,70.974056],[-155.182779,70.978218],[-155.168934,70.987947],[-155.161735,70.995715],[-155.159922,71.002775],[-155.163938,71.013801],[-155.177,71.02745],[-155.273764,71.064728],[-155.275814,71.067042],[-155.275989,71.070464],[-155.262602,71.079149],[-155.25686,71.081119],[-155.150524,71.11205],[-155.146948,71.110959],[-155.146931,71.103459],[-155.142858,71.097254],[-155.125994,71.077495],[-155.120317,71.073416],[-155.108509,71.070475],[-155.075362,71.072042],[-155.064004,71.083912],[-155.061428,71.091999],[-155.064558,71.108006],[-155.085782,71.127572],[-155.060764,71.145422],[-155.03174,71.146473],[-154.942864,71.126264],[-154.777335,71.083231],[-154.61605,71.026182],[-154.604413,71.021502],[-154.581129,71.007321],[-154.567593,70.989929],[-154.594048,70.976993],[-154.608294,70.961716],[-154.654375,70.903318],[-154.645793,70.869167],[-154.577386,70.835335],[-154.51904,70.822799],[-154.501866,70.821765],[-154.4857,70.825304],[-154.430229,70.831258],[-154.352604,70.834828],[-154.260799,70.815164],[-154.228627,70.802417],[-154.223307,70.79523],[-154.239166,70.776866],[-154.181863,70.768325],[-154.169631,70.768604],[-154.127487,70.778133],[-154.069982,70.793703],[-153.995579,70.821876],[-153.976014,70.833925],[-153.95137,70.854028],[-153.93545,70.869728],[-153.932949,70.874201],[-153.934351,70.876609],[-153.932921,70.878677],[-153.89048,70.885719],[-153.774169,70.894584],[-153.747253,70.895017],[-153.525976,70.8855],[-153.485989,70.885873],[-153.426265,70.890131],[-153.359112,70.898292],[-153.326202,70.904111],[-153.253386,70.920775],[-153.23848,70.922467],[-153.137311,70.925438],[-153.049207,70.913102],[-153.017038,70.904004],[-152.774415,70.885279],[-152.735892,70.884545],[-152.590148,70.886933],[-152.45695,70.871788],[-152.259966,70.84282],[-152.226464,70.831043],[-152.187197,70.801546],[-152.188649,70.79814],[-152.19246,70.795294],[-152.239344,70.793416],[-152.263346,70.790777],[-152.283763,70.7856],[-152.370808,70.730068],[-152.377274,70.714682],[-152.471531,70.68884],[-152.473348,70.683669],[-152.460505,70.646107],[-152.433781,70.616926],[-152.420775,70.608983],[-152.365736,70.601242],[-152.355679,70.603794],[-152.341592,70.612193],[-152.332608,70.612871],[-152.264049,70.592655],[-152.200644,70.58607],[-152.169944,70.585219],[-152.146165,70.586754],[-152.060684,70.574935],[-152.064546,70.568542],[-152.065748,70.563074],[-152.02607,70.559345],[-151.975785,70.563215],[-151.880141,70.554869],[-151.816701,70.545698],[-151.774703,70.547925],[-151.745047,70.554041],[-151.718215,70.555286],[-151.701467,70.55322],[-151.695162,70.549675],[-151.697258,70.547741],[-151.709462,70.54649],[-151.722711,70.541608],[-151.751558,70.524105],[-151.760248,70.516711],[-151.734287,70.503492],[-151.728579,70.495375],[-151.775537,70.485353],[-151.824111,70.484011],[-151.91921,70.472686],[-151.936783,70.463564],[-151.946384,70.452523],[-151.900033,70.434135],[-151.876122,70.430761],[-151.844375,70.434959],[-151.785657,70.436935],[-151.653184,70.4348],[-151.605581,70.437332],[-151.554647,70.435895],[-151.444897,70.425405],[-151.343202,70.408877],[-151.297598,70.400748],[-151.229919,70.37984],[-151.187394,70.384775],[-151.188592,70.401755],[-151.186516,70.418208],[-151.180436,70.430401],[-151.123105,70.439374],[-151.118601,70.438088],[-151.114352,70.432886],[-151.116099,70.422403],[-151.06043,70.418734],[-151.026337,70.441455],[-150.957813,70.45261],[-150.895452,70.458158],[-150.877322,70.455182],[-150.834973,70.460171],[-150.787069,70.477117],[-150.780029,70.485986],[-150.762035,70.497219],[-150.719845,70.494998],[-150.651175,70.494928],[-150.614734,70.498292],[-150.429915,70.498172],[-150.357384,70.493738],[-150.354056,70.492724],[-150.338851,70.471075],[-150.370283,70.447858],[-150.350541,70.435998],[-150.296287,70.441136],[-150.245325,70.441658],[-150.185078,70.43537],[-150.112899,70.431372],[-150.104388,70.432091],[-150.074461,70.439333],[-149.866698,70.510769],[-149.81974,70.491428],[-149.810924,70.490477],[-149.790427,70.49119],[-149.740188,70.498151],[-149.728247,70.502793],[-149.716075,70.504968],[-149.661165,70.509203],[-149.656806,70.508713],[-149.649556,70.504757],[-149.581348,70.495891],[-149.565278,70.49645],[-149.536891,70.499397],[-149.524235,70.502128],[-149.509854,70.508746],[-149.461755,70.518271],[-149.432083,70.50375],[-149.418727,70.492257],[-149.400623,70.489931],[-149.314473,70.495325],[-149.179148,70.4857],[-149.082079,70.464894],[-148.959443,70.423944],[-148.928979,70.426835],[-148.858069,70.422917],[-148.789577,70.402746],[-148.728082,70.413035],[-148.69877,70.425878],[-148.696768,70.42916],[-148.667017,70.430084],[-148.610566,70.422588],[-148.590007,70.416956],[-148.580356,70.412546],[-148.477044,70.359068],[-148.464543,70.340159],[-148.477028,70.320872],[-148.46615,70.313609],[-148.450639,70.308437],[-148.411253,70.302627],[-148.363196,70.302627],[-148.351437,70.304453],[-148.2698,70.329617],[-148.2582,70.336996],[-148.203477,70.348188],[-148.152676,70.347148],[-148.107231,70.342801],[-148.09058,70.337432],[-148.089576,70.335423],[-148.089676,70.332812],[-148.089174,70.331005],[-148.076865,70.32751],[-147.9615,70.314201],[-147.863719,70.293317],[-147.817637,70.276938],[-147.789357,70.247972],[-147.765104,70.219806],[-147.681722,70.199954],[-147.648,70.203299],[-147.585678,70.203398],[-147.50527,70.200384],[-147.431532,70.188826],[-147.402283,70.185273],[-147.385271,70.185256],[-147.350145,70.187683],[-147.244119,70.218963],[-147.233327,70.207553],[-147.231008,70.195398],[-147.21921,70.178826],[-147.182123,70.16035],[-147.161601,70.155612],[-146.991109,70.14761],[-146.973212,70.151857],[-146.909516,70.173259],[-146.885771,70.185917],[-146.734021,70.175475],[-146.713053,70.175398],[-146.624761,70.182398],[-146.508133,70.186044],[-146.44886,70.183398],[-146.413197,70.17825],[-146.335147,70.176235],[-146.309558,70.178907],[-146.272965,70.176944],[-146.172672,70.165894],[-146.129579,70.158948],[-146.114124,70.154956],[-146.096827,70.145151],[-146.006411,70.140402],[-145.955164,70.140199],[-145.917674,70.142525],[-145.872923,70.148829],[-145.858297,70.165996],[-145.842689,70.164102],[-145.790386,70.148569],[-145.783327,70.139454],[-145.767092,70.128717],[-145.760443,70.126113],[-145.623306,70.084375],[-145.579972,70.076804],[-145.522384,70.077465],[-145.505682,70.074528],[-145.469508,70.059136],[-145.468856,70.048336],[-145.43483,70.036994],[-145.408182,70.031572],[-145.331553,70.022596],[-145.247167,70.017891],[-145.218593,70.00728],[-145.197331,69.994954],[-145.175073,69.991707],[-145.011711,69.981144],[-144.990131,69.97768],[-144.966761,69.964362],[-144.953637,69.959262],[-144.902304,69.96451],[-144.867623,69.972266],[-144.863111,69.973524],[-144.856954,69.985987],[-144.854539,69.986364],[-144.792614,69.979796],[-144.738976,69.970112],[-144.672305,69.966876],[-144.618671,69.969315],[-144.589172,69.977611],[-144.512258,70.004478],[-144.463286,70.025735],[-144.344073,70.034374],[-144.328391,70.032555],[-144.231051,70.035912],[-144.178194,70.041742],[-144.130283,70.057951],[-144.122641,70.059138],[-144.079634,70.058961],[-144.053709,70.073182],[-143.911494,70.129837],[-143.887688,70.130736],[-143.839879,70.125827],[-143.782213,70.124668],[-143.769015,70.135066],[-143.753065,70.137242],[-143.66225,70.142517],[-143.617407,70.139915],[-143.595181,70.142521],[-143.597879,70.147204],[-143.593813,70.152604],[-143.574986,70.154598],[-143.54323,70.149742],[-143.498058,70.1401],[-143.497982,70.136875],[-143.511617,70.125191],[-143.516098,70.116362],[-143.517248,70.104293],[-143.510081,70.096436],[-143.503487,70.093458],[-143.455354,70.092934],[-143.357961,70.09497],[-143.327114,70.103127],[-143.3179,70.111145],[-143.265892,70.119286],[-143.255576,70.11933],[-143.200147,70.110323],[-143.159929,70.099203],[-143.140019,70.092997],[-143.112951,70.078271],[-143.051291,70.078188],[-143.0381,70.093888],[-142.939555,70.07438],[-142.746807,70.042531],[-142.498036,69.973611],[-142.452927,69.958125],[-142.409962,69.933646],[-142.404366,69.916511],[-142.272156,69.907044],[-142.239873,69.896598],[-142.112714,69.862162],[-142.081696,69.855498],[-142.075612,69.853319],[-142.073063,69.846625],[-142.058734,69.83533],[-142.009321,69.800726],[-141.960753,69.799876],[-141.937176,69.804805],[-141.919828,69.811308],[-141.866738,69.813005],[-141.842843,69.811927],[-141.713369,69.789497],[-141.606229,69.761695],[-141.528197,69.736025],[-141.43084,69.695144],[-141.434872,69.675245],[-141.428856,69.662658],[-141.394082,69.640846],[-141.377718,69.634631],[-141.280849,69.631025],[-141.258558,69.632247],[-141.254547,69.637053],[-141.243946,69.652482],[-141.210456,69.68419],[-141.119233,69.673527],[-141.002672,69.645609],[-141.002694,68.498391],[-141.002465,65.840075],[-141.002465,65.839421],[-141.00202,61.901922],[-141.828648,61.90103],[-141.830194,62.12758],[-142.017011,62.127586],[-141.978417,62.165011],[-141.963703,62.510628],[-142.320598,62.598671],[-142.314531,62.683952],[-142.629088,62.683657],[-142.736106,62.702023],[-142.842155,62.597198],[-143.104753,62.613456],[-143.159193,62.636952],[-143.138459,62.691159],[-143.007728,62.766011],[-143.196314,62.826152],[-143.027483,62.935424],[-143.001212,62.993787],[-143.088616,63.008567],[-143.126854,63.115888],[-143.876857,63.113153],[-144.576439,63.117871],[-144.575427,63.133381],[-145.148422,63.133568],[-145.148881,63.222211],[-146.111233,63.22125],[-146.140827,63.184013],[-146.32926,63.190562],[-146.484119,63.173325],[-146.489541,63.482913],[-146.975489,63.479746],[-148.032727,63.469757],[-148.035867,63.330788],[-149.506984,63.332164],[-151.387904,62.910327],[-151.888963,62.795348],[-151.893149,62.722992],[-153.001339,62.72744],[-153.001262,62.295331],[-153.067697,62.295211],[-153.070317,62.208517],[-153.39432,62.209115],[-153.395401,62.124776],[-153.740629,62.121565],[-153.735846,62.02937],[-155.107471,62.029371],[-157.073592,62.029567],[-157.074237,62.129913],[-157.51702,62.123543],[-158.532398,62.118595],[-158.531113,62.031708],[-159.26095,62.032026],[-159.265098,61.945564],[-160.534142,61.947257],[-160.913973,61.949378],[-160.910169,62.204383],[-161.047821,62.206673],[-161.04528,62.550449],[-161.000397,62.551764],[-160.993241,62.897962],[-160.942287,62.898827],[-160.941899,62.998883],[-160.851144,63.012689],[-161.990906,63.012675],[-161.990032,63.096024],[-162.177514,63.096467],[-162.184665,63.186448]]],[[[-168.156162,65.029174],[-168.129109,65.034565],[-168.076108,65.043289],[-168.004872,65.038897],[-167.972262,65.030534],[-167.953076,65.023479],[-167.924296,65.002728],[-167.916447,64.988618],[-167.913829,64.969943],[-167.91906,64.960813],[-167.953094,64.932994],[-167.976149,64.922872],[-168.037032,64.909284],[-168.090879,64.911113],[-168.137033,64.918432],[-168.187035,64.934902],[-168.210114,64.951372],[-168.213962,64.967845],[-168.213963,64.984318],[-168.21012,64.99896],[-168.207906,65.003291],[-168.16909,65.024067],[-168.156162,65.029174]]],[[[-168.902235,65.769665],[-168.893219,65.744705],[-168.898754,65.739709],[-168.903439,65.738454],[-168.93122,65.73894],[-168.94076,65.742714],[-168.951388,65.749319],[-168.954515,65.757144],[-168.952766,65.758911],[-168.947278,65.763817],[-168.93724,65.767116],[-168.915518,65.770484],[-168.902235,65.769665]]],[[[-166.096969,66.237833],[-166.121659,66.214773],[-166.13839,66.210089],[-166.153012,66.212289],[-166.170909,66.218437],[-166.172071,66.219909],[-166.178474,66.228016],[-166.177606,66.234732],[-166.165412,66.239084],[-166.152374,66.246373],[-166.129652,66.252813],[-166.101781,66.258743],[-166.066097,66.263721],[-166.053153,66.264944],[-166.03187,66.264639],[-166.031342,66.264631],[-166.019921,66.252754],[-166.066397,66.246531],[-166.096969,66.237833]]]]},"properties":{"id":745,"name":"Fairbanks, AK","latitude":64.837778,"tvperc":null,"dma":745,"cableperc":null,"adsperc":null,"longitude":-147.716389},"id":745},{"type":"Feature","geometry":{"type":"MultiPolygon","coordinates":[[[[-134.152216,55.920916],[-134.122839,55.918654],[-134.118062,55.914642],[-134.125521,55.902095],[-134.130544,55.897512],[-134.136647,55.895393],[-134.145803,55.896713],[-134.168363,55.892319],[-134.208251,55.876709],[-134.231157,55.864747],[-134.240537,55.853922],[-134.273156,55.833058],[-134.282453,55.828667],[-134.327238,55.83644],[-134.344418,55.843198],[-134.348153,55.892817],[-134.336063,55.926614],[-134.315782,55.923003],[-134.283312,55.925175],[-134.265872,55.917371],[-134.230613,55.905629],[-134.173104,55.918519],[-134.152216,55.920916]]],[[[-134.134181,56.000971],[-134.156721,56.02108],[-134.171731,56.040227],[-134.190863,56.05654],[-134.224073,56.065223],[-134.230449,56.068341],[-134.259913,56.121275],[-134.262217,56.133222],[-134.238264,56.140863],[-134.227942,56.162835],[-134.257478,56.221411],[-134.246307,56.267768],[-134.281387,56.286218],[-134.295634,56.289228],[-134.298292,56.291993],[-134.292353,56.352644],[-134.238139,56.382806],[-134.193922,56.409906],[-134.190494,56.429749],[-134.196394,56.4398],[-134.210968,56.450498],[-134.236978,56.452363],[-134.246627,56.457135],[-134.246179,56.463511],[-134.244667,56.4651],[-134.222814,56.475402],[-134.200909,56.463297],[-134.186476,56.450571],[-134.179214,56.440305],[-134.146136,56.411069],[-134.067466,56.390987],[-134.046227,56.402275],[-134.042704,56.407697],[-134.040938,56.42153],[-134.089604,56.472582],[-134.133892,56.487825],[-134.252386,56.560861],[-134.281093,56.585555],[-134.276735,56.62029],[-134.309869,56.650509],[-134.369035,56.678022],[-134.401407,56.725419],[-134.419791,56.838385],[-134.41894,56.846524],[-134.411471,56.855837],[-134.376975,56.880055],[-134.339168,56.90183],[-134.316868,56.909091],[-134.294362,56.908714],[-134.286818,56.906534],[-134.19095,56.861675],[-134.187063,56.856714],[-134.171675,56.851218],[-134.14716,56.859357],[-134.141933,56.874188],[-134.150935,56.884958],[-134.181383,56.892572],[-134.220002,56.905084],[-134.273113,56.933823],[-134.271664,56.935928],[-134.249327,56.937374],[-134.223939,56.932553],[-134.178507,56.914018],[-134.158108,56.915029],[-134.13624,56.928842],[-134.141236,56.942081],[-134.141385,56.950887],[-134.126562,56.947381],[-134.083291,56.931579],[-134.03514,56.89451],[-133.972257,56.826934],[-133.946767,56.798924],[-133.925648,56.758912],[-133.944663,56.736433],[-133.941801,56.733493],[-133.907795,56.72184],[-133.880781,56.721396],[-133.869334,56.734081],[-133.862981,56.75565],[-133.865056,56.77324],[-133.867616,56.782025],[-133.87225,56.786186],[-133.877395,56.789192],[-133.884755,56.788656],[-133.890005,56.792468],[-133.893861,56.802526],[-133.890805,56.80798],[-133.861472,56.808837],[-133.837925,56.801788],[-133.818194,56.791453],[-133.76778,56.780469],[-133.748129,56.773919],[-133.743376,56.762291],[-133.744002,56.749772],[-133.766143,56.728886],[-133.766143,56.718242],[-133.762049,56.696135],[-133.76278,56.68718],[-133.75965,56.675913],[-133.745673,56.674028],[-133.728479,56.642915],[-133.727728,56.630846],[-133.713331,56.598298],[-133.713331,56.592664],[-133.723142,56.583962],[-133.731617,56.572304],[-133.848207,56.573057],[-133.895746,56.511217],[-133.898589,56.489877],[-133.88108,56.480803],[-133.868625,56.470919],[-133.839117,56.434885],[-133.839238,56.432018],[-133.859104,56.430348],[-133.869729,56.431796],[-133.89304,56.427364],[-133.933512,56.375428],[-133.894358,56.360989],[-133.850314,56.347417],[-133.839099,56.335467],[-133.834671,56.322382],[-133.89094,56.234467],[-133.912992,56.208351],[-133.92342,56.211725],[-133.942205,56.20946],[-133.953825,56.206661],[-133.957471,56.202584],[-133.957575,56.199887],[-133.937349,56.166129],[-133.956411,56.095484],[-133.971228,56.083293],[-133.989359,56.081347],[-134.01392,56.085374],[-134.021028,56.088745],[-134.038695,56.105807],[-134.041765,56.116337],[-134.029643,56.134864],[-134.024495,56.148164],[-134.024356,56.160382],[-134.030964,56.193214],[-134.054411,56.224854],[-134.058499,56.227214],[-134.087317,56.225424],[-134.095013,56.214751],[-134.105098,56.180941],[-134.153663,56.1697],[-134.161971,56.170153],[-134.180057,56.161635],[-134.190371,56.152571],[-134.166141,56.144564],[-134.125902,56.139804],[-134.110755,56.141053],[-134.109236,56.078732],[-134.121514,56.069847],[-134.107218,56.048156],[-134.118132,56.016922],[-134.126903,56.003592],[-134.130907,56.000104],[-134.134181,56.000971]]],[[[-134.824902,56.279692],[-134.839411,56.309403],[-134.915911,56.360555],[-134.945704,56.38971],[-134.990763,56.457998],[-135.02378,56.499977],[-135.054049,56.527658],[-135.058238,56.529453],[-135.060878,56.541965],[-135.056756,56.570611],[-135.045054,56.583392],[-135.02674,56.594625],[-135.005249,56.602252],[-134.997669,56.597272],[-134.985881,56.595844],[-134.967164,56.603026],[-134.969842,56.615392],[-134.979386,56.627676],[-134.998369,56.630017],[-135.029747,56.628918],[-135.036432,56.619628],[-135.065693,56.607852],[-135.091611,56.600068],[-135.103271,56.597927],[-135.118709,56.597728],[-135.123389,56.602823],[-135.148836,56.648915],[-135.147761,56.651932],[-135.175826,56.677876],[-135.224142,56.687858],[-135.27491,56.701633],[-135.305077,56.726382],[-135.317429,56.743311],[-135.318082,56.748688],[-135.29643,56.756294],[-135.281608,56.758528],[-135.280875,56.768357],[-135.310159,56.778093],[-135.352176,56.771196],[-135.398678,56.779201],[-135.412989,56.810079],[-135.408542,56.826014],[-135.368899,56.892589],[-135.347244,56.89998],[-135.332356,56.913951],[-135.35409,56.9365],[-135.379725,56.953039],[-135.383376,56.981544],[-135.360232,57.002231],[-135.342801,57.001874],[-135.329492,57.004507],[-135.325216,57.010866],[-135.31278,57.044984],[-135.333998,57.050403],[-135.349229,57.041535],[-135.3741,57.045391],[-135.377763,57.05291],[-135.369858,57.057923],[-135.36571,57.066062],[-135.378337,57.081622],[-135.384617,57.087725],[-135.388859,57.089026],[-135.401721,57.098654],[-135.40414,57.109318],[-135.405293,57.114508],[-135.406158,57.119697],[-135.405293,57.138149],[-135.409703,57.148861],[-135.422746,57.167724],[-135.399312,57.185003],[-135.372441,57.198063],[-135.37758,57.206302],[-135.372021,57.228003],[-135.361771,57.233591],[-135.358715,57.243776],[-135.366177,57.248852],[-135.406086,57.251678],[-135.414799,57.251324],[-135.429229,57.247213],[-135.449073,57.248104],[-135.470189,57.255752],[-135.477683,57.256824],[-135.503121,57.253809],[-135.511241,57.247077],[-135.552574,57.233194],[-135.561883,57.241868],[-135.561853,57.244067],[-135.568954,57.255186],[-135.602297,57.285707],[-135.604161,57.290437],[-135.600688,57.294074],[-135.601782,57.300772],[-135.631415,57.311568],[-135.637423,57.315276],[-135.638209,57.320278],[-135.674687,57.336747],[-135.684597,57.350328],[-135.695563,57.35746],[-135.69512,57.363077],[-135.687696,57.367477],[-135.659614,57.373907],[-135.639556,57.371883],[-135.630627,57.379595],[-135.628016,57.383393],[-135.627022,57.388207],[-135.633573,57.394211],[-135.633654,57.399102],[-135.626007,57.399578],[-135.604184,57.409932],[-135.585395,57.416811],[-135.570872,57.417459],[-135.554548,57.426636],[-135.555321,57.436738],[-135.557806,57.438236],[-135.56099,57.437455],[-135.561916,57.438505],[-135.562234,57.440413],[-135.562234,57.44272],[-135.558496,57.444788],[-135.556109,57.446458],[-135.540158,57.446241],[-135.534221,57.450252],[-135.532069,57.481117],[-135.548794,57.508977],[-135.526036,57.509697],[-135.491537,57.531687],[-135.443404,57.556876],[-135.419205,57.564159],[-135.355749,57.553568],[-135.347597,57.550232],[-135.322925,57.533476],[-135.294491,57.510836],[-135.294837,57.50872],[-135.308458,57.495201],[-135.297784,57.483721],[-135.265557,57.48086],[-135.246114,57.483598],[-135.227293,57.489838],[-135.209123,57.488753],[-135.161017,57.460713],[-135.168056,57.454212],[-135.159206,57.445568],[-135.145949,57.439049],[-135.06505,57.418972],[-135.039634,57.418131],[-135.026566,57.420497],[-134.926516,57.422267],[-134.89344,57.420044],[-134.849477,57.40967],[-134.806352,57.341888],[-134.812769,57.299765],[-134.829365,57.294098],[-134.835211,57.300315],[-134.88478,57.330003],[-134.921651,57.330713],[-134.951267,57.32866],[-134.953951,57.323723],[-134.955014,57.309433],[-134.953011,57.306131],[-134.946626,57.303164],[-134.922329,57.303708],[-134.879535,57.288177],[-134.854948,57.264766],[-134.841774,57.248588],[-134.755886,57.058035],[-134.73788,57.009935],[-134.7383,56.968059],[-134.740135,56.948481],[-134.719275,56.929031],[-134.695735,56.900791],[-134.699099,56.850864],[-134.674238,56.825177],[-134.663434,56.804687],[-134.633997,56.728722],[-134.619799,56.665888],[-134.615955,56.637289],[-134.626943,56.553868],[-134.634207,56.540968],[-134.639732,56.538835],[-134.671047,56.5412],[-134.669778,56.524129],[-134.663839,56.503183],[-134.658622,56.494676],[-134.655174,56.492033],[-134.645308,56.472215],[-134.636506,56.405625],[-134.63401,56.31584],[-134.634411,56.285341],[-134.634668,56.265832],[-134.653827,56.198385],[-134.65987,56.182494],[-134.666587,56.169947],[-134.668151,56.167026],[-134.674028,56.166925],[-134.705007,56.175722],[-134.806163,56.235533],[-134.824902,56.279692]]],[[[-135.657272,57.262027],[-135.655008,57.25824],[-135.654898,57.254742],[-135.658859,57.247964],[-135.6586,57.245541],[-135.656363,57.243036],[-135.637289,57.236124],[-135.621346,57.223693],[-135.620735,57.217885],[-135.604953,57.184204],[-135.596921,57.161196],[-135.602057,57.149161],[-135.5986,57.14536],[-135.592379,57.142683],[-135.581473,57.150599],[-135.575674,57.15053],[-135.565707,57.147312],[-135.565756,57.137344],[-135.575722,57.104231],[-135.574693,57.094339],[-135.635347,57.022411],[-135.65054,57.015139],[-135.68052,57.017342],[-135.753682,57.008258],[-135.764949,57.006094],[-135.767654,57.000428],[-135.772432,56.997301],[-135.821915,56.988215],[-135.854131,56.995043],[-135.857028,56.997287],[-135.852146,57.029699],[-135.841819,57.070899],[-135.83489,57.091387],[-135.805945,57.106778],[-135.776975,57.112555],[-135.755997,57.121225],[-135.735559,57.151755],[-135.735405,57.155403],[-135.752591,57.168834],[-135.762241,57.173341],[-135.785583,57.177929],[-135.800824,57.173655],[-135.824388,57.192862],[-135.833896,57.254233],[-135.828831,57.301981],[-135.840359,57.314342],[-135.855849,57.31996],[-135.859572,57.323108],[-135.860558,57.330854],[-135.851162,57.336916],[-135.838568,57.338756],[-135.761471,57.342631],[-135.730323,57.337286],[-135.715233,57.330722],[-135.703464,57.32204],[-135.702919,57.315582],[-135.705483,57.308557],[-135.688233,57.276143],[-135.657272,57.262027]]],[[[-135.58917,57.886409],[-135.575718,57.883548],[-135.518882,57.857383],[-135.503498,57.84086],[-135.469477,57.834466],[-135.377758,57.802212],[-135.376444,57.792039],[-135.364221,57.775347],[-135.328887,57.74842],[-135.29156,57.737468],[-135.201461,57.728171],[-135.151475,57.738296],[-135.098422,57.754898],[-135.063972,57.750847],[-135.024837,57.74299],[-135.012577,57.746105],[-134.97812,57.763125],[-134.939924,57.763612],[-134.929726,57.759203],[-134.921604,57.742376],[-134.91479,57.705821],[-134.918167,57.682272],[-134.867433,57.623439],[-134.856386,57.598967],[-134.824891,57.500067],[-134.83712,57.482761],[-134.874346,57.464406],[-134.90268,57.459349],[-135.025148,57.454315],[-135.084338,57.464671],[-135.091216,57.466352],[-135.096818,57.469916],[-135.134063,57.497681],[-135.242855,57.546302],[-135.325849,57.577178],[-135.392499,57.599909],[-135.474703,57.631381],[-135.514801,57.650349],[-135.571606,57.674397],[-135.593447,57.663795],[-135.650701,57.65252],[-135.684951,57.677508],[-135.712317,57.672648],[-135.704444,57.658361],[-135.697422,57.649711],[-135.660902,57.629196],[-135.592778,57.602474],[-135.571186,57.605367],[-135.546143,57.613826],[-135.526303,57.606388],[-135.511012,57.595906],[-135.519471,57.588615],[-135.52761,57.589003],[-135.557812,57.583449],[-135.570574,57.579613],[-135.587475,57.568829],[-135.588477,57.552081],[-135.575724,57.522874],[-135.577831,57.52053],[-135.578215,57.516445],[-135.565271,57.510209],[-135.549627,57.482016],[-135.55031,57.470141],[-135.553903,57.45487],[-135.557765,57.451966],[-135.610454,57.442232],[-135.613576,57.438173],[-135.611786,57.431154],[-135.612882,57.424907],[-135.621725,57.419245],[-135.626558,57.409961],[-135.647179,57.406132],[-135.664449,57.407229],[-135.667985,57.405124],[-135.669837,57.400578],[-135.670267,57.396215],[-135.668153,57.392832],[-135.669416,57.389296],[-135.691043,57.383518],[-135.6924,57.375267],[-135.711401,57.36776],[-135.720478,57.373663],[-135.768018,57.383435],[-135.84381,57.390896],[-135.892131,57.408048],[-135.900816,57.418181],[-135.896979,57.440719],[-135.943766,57.45878],[-135.966986,57.472759],[-136.014529,57.506227],[-136.030458,57.52154],[-136.021283,57.531551],[-136.001717,57.544499],[-136.061747,57.592068],[-136.106796,57.616567],[-136.130611,57.624607],[-136.187897,57.62573],[-136.207876,57.638107],[-136.280809,57.717379],[-136.314631,57.758703],[-136.304684,57.771051],[-136.309429,57.779465],[-136.365052,57.828561],[-136.370705,57.831668],[-136.372377,57.832587],[-136.391157,57.832653],[-136.458829,57.853901],[-136.474424,57.871648],[-136.484259,57.89646],[-136.534201,57.913938],[-136.557651,57.912135],[-136.572045,57.918469],[-136.573288,57.926844],[-136.563223,58.035052],[-136.559999,58.063358],[-136.556247,58.077019],[-136.538708,58.093482],[-136.500119,58.104787],[-136.475811,58.101294],[-136.469272,58.096868],[-136.420449,58.131857],[-136.375338,58.208714],[-136.387114,58.252414],[-136.377329,58.268328],[-136.311596,58.270388],[-136.287765,58.267373],[-136.286263,58.259741],[-136.289842,58.249086],[-136.283886,58.223685],[-136.277477,58.208856],[-136.235246,58.154416],[-136.190155,58.161301],[-136.190382,58.164473],[-136.194557,58.171811],[-136.199498,58.172086],[-136.203642,58.174416],[-136.199854,58.180871],[-136.162108,58.218724],[-136.139007,58.224393],[-136.03616,58.21921],[-136.03303,58.205462],[-135.976386,58.202029],[-135.966119,58.211386],[-135.914178,58.244073],[-135.823562,58.282975],[-135.801133,58.287716],[-135.78338,58.286709],[-135.764372,58.266276],[-135.7351,58.240213],[-135.712398,58.231892],[-135.630521,58.222933],[-135.589198,58.213677],[-135.522646,58.185909],[-135.504671,58.174914],[-135.497911,58.168882],[-135.524668,58.12075],[-135.540712,58.10175],[-135.58682,58.08167],[-135.651368,58.036484],[-135.63849,57.994508],[-135.621582,57.984623],[-135.593287,57.989636],[-135.581753,57.997568],[-135.564307,58.015007],[-135.567817,58.02342],[-135.565443,58.04112],[-135.563434,58.043491],[-135.544529,58.06088],[-135.496739,58.086212],[-135.451444,58.134348],[-135.420107,58.144202],[-135.411777,58.145473],[-135.397518,58.144155],[-135.275797,58.097024],[-135.260951,58.097323],[-135.108896,58.08827],[-135.084832,58.080869],[-135.082981,58.074737],[-135.0707,58.061242],[-134.977183,58.049943],[-134.967723,58.047625],[-134.950844,58.036993],[-134.935005,58.021639],[-134.912854,57.979287],[-134.921104,57.935298],[-134.926395,57.921919],[-135.004952,57.884338],[-135.140674,57.926114],[-135.173712,57.919399],[-135.16522,57.901524],[-135.146717,57.891656],[-135.131957,57.885241],[-135.06572,57.869451],[-134.991819,57.835436],[-134.954547,57.815785],[-134.949436,57.805027],[-135.02337,57.780537],[-135.19896,57.775092],[-135.225158,57.777783],[-135.313776,57.805739],[-135.343991,57.821444],[-135.389894,57.850991],[-135.418517,57.860506],[-135.514151,57.885371],[-135.552802,57.902711],[-135.581326,57.903056],[-135.587961,57.89732],[-135.596769,57.889705],[-135.58917,57.886409]]],[[[-134.167257,58.128577],[-134.174352,58.125284],[-134.192724,58.107685],[-134.18937,58.083444],[-134.183983,58.077295],[-134.169743,58.066845],[-134.138231,58.047103],[-134.098652,58.018748],[-134.091885,58.010777],[-134.087461,58.001685],[-134.087572,57.996475],[-134.101549,57.988716],[-134.101125,57.98407],[-134.089575,57.974357],[-134.068949,57.961083],[-134.016873,57.930006],[-133.999948,57.91481],[-133.99634,57.904167],[-133.995977,57.895632],[-133.963791,57.854628],[-133.934735,57.837626],[-133.904874,57.807406],[-133.902695,57.797797],[-133.903854,57.794818],[-133.908085,57.79167],[-133.90989,57.780628],[-133.896846,57.685524],[-133.868134,57.660137],[-133.837424,57.638486],[-133.832895,57.635733],[-133.821673,57.633887],[-133.817662,57.629764],[-133.808285,57.609604],[-133.806003,57.583457],[-133.807133,57.57877],[-133.81164,57.572365],[-133.8176,57.568353],[-133.840838,57.576865],[-133.859635,57.605325],[-133.85801,57.61694],[-133.863112,57.623701],[-133.911329,57.663562],[-133.962582,57.689887],[-133.970087,57.695342],[-133.994964,57.719821],[-134.010728,57.759392],[-134.013144,57.789393],[-134.03082,57.818646],[-134.061833,57.829808],[-134.098628,57.85055],[-134.121337,57.871236],[-134.11921,57.872917],[-134.121904,57.88252],[-134.126105,57.89026],[-134.132146,57.896189],[-134.151127,57.903209],[-134.176606,57.909725],[-134.202353,57.90633],[-134.206874,57.895901],[-134.16312,57.848669],[-134.112948,57.809263],[-134.105408,57.795974],[-134.099782,57.780261],[-134.100899,57.776779],[-134.146342,57.760258],[-134.1277,57.739216],[-134.116097,57.727582],[-134.020169,57.656734],[-134.013367,57.655898],[-133.993974,57.649095],[-133.958454,57.629537],[-133.935976,57.614414],[-133.934361,57.601765],[-133.945156,57.569841],[-133.943417,57.561555],[-133.933216,57.54445],[-133.920557,57.530088],[-133.901074,57.517219],[-133.886269,57.504999],[-133.857368,57.463964],[-133.927539,57.46957],[-133.925527,57.45665],[-133.870327,57.381298],[-133.866931,57.367869],[-133.867279,57.36206],[-133.870657,57.358287],[-133.962897,57.305425],[-133.968495,57.303937],[-133.983501,57.302838],[-134.008394,57.317522],[-134.034563,57.327638],[-134.055618,57.330194],[-134.094891,57.326401],[-134.100587,57.321738],[-134.084374,57.303963],[-134.080495,57.297678],[-134.110315,57.249948],[-134.15539,57.208003],[-134.193629,57.184879],[-134.29276,57.137049],[-134.302721,57.136562],[-134.349602,57.124638],[-134.378359,57.115016],[-134.370797,57.099924],[-134.386052,57.087392],[-134.481167,57.046006],[-134.484288,57.036481],[-134.497718,57.031194],[-134.565687,57.023737],[-134.601407,57.033812],[-134.634565,57.109863],[-134.646773,57.226327],[-134.640169,57.239852],[-134.605032,57.273],[-134.570954,57.294624],[-134.517279,57.314567],[-134.543385,57.337414],[-134.559794,57.336138],[-134.574114,57.341172],[-134.575492,57.343694],[-134.578511,57.400291],[-134.55554,57.407428],[-134.527594,57.405331],[-134.525997,57.397845],[-134.527759,57.39394],[-134.527873,57.389874],[-134.486023,57.372492],[-134.47724,57.374401],[-134.464032,57.392184],[-134.544853,57.457872],[-134.607557,57.513042],[-134.598452,57.522395],[-134.595981,57.534107],[-134.611177,57.563137],[-134.665337,57.605701],[-134.674438,57.614409],[-134.695428,57.685335],[-134.700518,57.695966],[-134.704859,57.701457],[-134.720351,57.707052],[-134.731798,57.721921],[-134.728792,57.75664],[-134.709024,57.780498],[-134.705869,57.828929],[-134.727077,57.877098],[-134.737475,57.89079],[-134.746108,57.898529],[-134.758833,57.980212],[-134.76529,57.993762],[-134.777022,58.004679],[-134.796804,58.058855],[-134.783772,58.082292],[-134.784927,58.096793],[-134.820663,58.141465],[-134.857221,58.176288],[-134.864299,58.180489],[-134.877918,58.181535],[-134.885857,58.184031],[-134.899665,58.19432],[-134.914857,58.214932],[-134.948327,58.281316],[-134.969189,58.367542],[-134.960502,58.403758],[-134.955902,58.410297],[-134.897292,58.37689],[-134.806116,58.321284],[-134.803831,58.316567],[-134.802388,58.30107],[-134.779354,58.281279],[-134.760052,58.275251],[-134.729861,58.273512],[-134.724463,58.268277],[-134.713987,58.220748],[-134.712801,58.215369],[-134.710513,58.192557],[-134.703727,58.166794],[-134.699956,58.161494],[-134.689515,58.158825],[-134.682812,58.158843],[-134.631434,58.162198],[-134.608911,58.171637],[-134.608358,58.173472],[-134.594804,58.183511],[-134.559241,58.195121],[-134.541609,58.184327],[-134.519644,58.175771],[-134.50074,58.172546],[-134.47981,58.171199],[-134.462633,58.173851],[-134.446657,58.173583],[-134.413953,58.167546],[-134.401512,58.163427],[-134.371445,58.148966],[-134.32736,58.14388],[-134.317037,58.14544],[-134.306483,58.15249],[-134.259705,58.157712],[-134.215981,58.162128],[-134.177467,58.15964],[-134.166332,58.132558],[-134.167257,58.128577]]],[[[-133.638899,57.803323],[-133.635578,57.7999],[-133.637054,57.792203],[-133.639675,57.790361],[-133.658113,57.786368],[-133.677433,57.786593],[-133.696784,57.795075],[-133.703097,57.792152],[-133.709141,57.792739],[-133.814706,57.832979],[-133.999331,57.999016],[-134.057521,58.039471],[-134.07172,58.054636],[-134.089207,58.082534],[-134.144813,58.171242],[-134.587101,58.205802],[-134.703351,58.276537],[-134.839307,58.359261],[-135.074096,58.502123],[-135.196338,58.907875],[-135.219128,58.974972],[-135.175756,58.973868],[-135.180116,58.997871],[-135.208585,59.076824],[-135.238267,59.130134],[-135.283964,59.192532],[-135.368331,59.263275],[-135.430331,59.3272],[-135.436438,59.315791],[-135.444526,59.277689],[-135.429601,59.242722],[-135.403687,59.222767],[-135.36406,59.211403],[-135.342254,59.177825],[-135.329458,59.1527],[-135.377826,59.099262],[-135.382354,59.060749],[-135.382641,59.033366],[-135.339375,59.017667],[-135.326711,59.011469],[-135.322604,59.007812],[-135.297293,58.95986],[-135.298627,58.919262],[-135.305907,58.90134],[-135.322622,58.900661],[-135.339948,58.888955],[-135.284657,58.818114],[-135.274203,58.813122],[-135.248985,58.790878],[-135.2432,58.783112],[-135.233878,58.735487],[-135.142322,58.61637],[-135.135843,58.588225],[-135.137516,58.577835],[-135.142161,58.577107],[-135.145521,58.578332],[-135.153827,58.586626],[-135.159062,58.595525],[-135.186357,58.59777],[-135.190544,58.592417],[-135.189368,58.576244],[-135.165861,58.546605],[-135.132273,58.496536],[-135.088983,58.423022],[-135.058071,58.349447],[-135.049062,58.309295],[-135.053488,58.290498],[-135.056552,58.288699],[-135.060452,58.290338],[-135.069775,58.302694],[-135.095814,58.297233],[-135.10121,58.292607],[-135.1077,58.265034],[-135.099106,58.245096],[-135.056227,58.189884],[-135.073269,58.190575],[-135.087872,58.200073],[-135.112868,58.201553],[-135.159055,58.210178],[-135.220281,58.235584],[-135.227736,58.2369],[-135.246709,58.236368],[-135.277198,58.233634],[-135.2877,58.234933],[-135.306507,58.242916],[-135.344868,58.270795],[-135.39826,58.327689],[-135.408059,58.342999],[-135.433061,58.399899],[-135.447381,58.399891],[-135.461296,58.399884],[-135.466083,58.394328],[-135.512402,58.385759],[-135.521358,58.391449],[-135.556066,58.40774],[-135.622105,58.428186],[-135.630425,58.42858],[-135.728054,58.397067],[-135.826079,58.390246],[-135.90731,58.380839],[-135.917917,58.381237],[-135.921134,58.385772],[-135.920299,58.389084],[-135.897255,58.416132],[-135.897169,58.450001],[-135.916112,58.463858],[-135.923268,58.462919],[-135.934547,58.451953],[-135.939926,58.4516],[-135.987564,58.46442],[-135.997418,58.470375],[-135.99953,58.480281],[-135.990948,58.487315],[-135.968087,58.494669],[-135.955625,58.492765],[-135.945121,58.494836],[-135.906941,58.50581],[-135.893152,58.513929],[-135.895088,58.534077],[-135.914003,58.540583],[-135.928572,58.572925],[-135.912187,58.6188],[-136.012226,58.712247],[-136.015761,58.7226],[-136.008929,58.73191],[-136.011669,58.743276],[-136.046172,58.781796],[-136.082937,58.808383],[-136.089603,58.815729],[-136.077276,58.824983],[-136.045279,58.836074],[-136.050351,58.913433],[-136.060728,58.92758],[-136.120307,58.968418],[-136.145306,58.976705],[-136.162725,58.977261],[-136.163648,58.973204],[-136.160293,58.961999],[-136.1503,58.947111],[-136.124491,58.924542],[-136.106997,58.864441],[-136.150772,58.757266],[-136.161943,58.752171],[-136.21366,58.751153],[-136.247343,58.752935],[-136.397322,58.813019],[-136.431055,58.818416],[-136.474735,58.830788],[-136.493716,58.838963],[-136.528161,58.928484],[-136.52652,58.954523],[-136.544899,58.967314],[-136.559836,58.963414],[-136.572163,58.957292],[-136.575516,58.9466],[-136.575541,58.928941],[-136.586289,58.909364],[-136.630497,58.890256],[-136.670412,58.893224],[-136.676898,58.894973],[-136.6946,58.904081],[-136.704848,58.914395],[-136.724994,58.923514],[-136.750422,58.930439],[-136.782908,58.936659],[-136.78871,58.936318],[-136.802832,58.923118],[-136.840986,58.919742],[-136.860014,58.931997],[-136.857823,58.942868],[-136.877826,58.962392],[-136.91853,58.947217],[-136.915995,58.938384],[-136.932352,58.916252],[-136.934841,58.916345],[-136.933458,58.908558],[-136.928643,58.900131],[-136.868184,58.885243],[-136.76793,58.870608],[-136.744507,58.876626],[-136.676388,58.856348],[-136.612807,58.846227],[-136.58343,58.838826],[-136.538029,58.819777],[-136.463258,58.781607],[-136.356786,58.692581],[-136.354222,58.684304],[-136.372775,58.66741],[-136.396076,58.654421],[-136.409876,58.64925],[-136.422309,58.647412],[-136.449827,58.637816],[-136.482395,58.616739],[-136.459436,58.60788],[-136.383327,58.629987],[-136.342827,58.64503],[-136.331366,58.663545],[-136.317193,58.671231],[-136.246368,58.663185],[-136.232481,58.677144],[-136.223308,58.675028],[-136.213659,58.665054],[-136.194207,58.581731],[-136.181596,58.535019],[-136.170498,58.527323],[-136.100303,58.500673],[-136.103925,58.478001],[-136.083551,58.447115],[-136.062165,58.435795],[-136.053028,58.417375],[-136.041818,58.380161],[-136.092646,58.34899],[-136.11193,58.34253],[-136.265906,58.314499],[-136.276769,58.313894],[-136.288255,58.316144],[-136.296281,58.318447],[-136.304158,58.32345],[-136.305121,58.328691],[-136.303092,58.336277],[-136.298718,58.342941],[-136.290055,58.351447],[-136.281631,58.35309],[-136.273929,58.363409],[-136.282604,58.367261],[-136.288867,58.369649],[-136.336728,58.37757],[-136.382035,58.362694],[-136.365148,58.346663],[-136.360416,58.344077],[-136.357115,58.328838],[-136.370979,58.301643],[-136.376464,58.298625],[-136.389964,58.29707],[-136.47202,58.306356],[-136.532824,58.334072],[-136.550003,58.340371],[-136.593029,58.349793],[-136.6135,58.347889],[-136.630425,58.340607],[-136.638634,58.328458],[-136.626345,58.32059],[-136.576799,58.277951],[-136.569831,58.2687],[-136.567956,58.245153],[-136.591924,58.217886],[-136.597198,58.215006],[-136.619824,58.209899],[-136.658638,58.207323],[-136.70125,58.219416],[-136.723391,58.244926],[-136.730885,58.256496],[-136.717093,58.273508],[-136.730218,58.286153],[-136.762198,58.286765],[-136.784326,58.290497],[-136.857605,58.31636],[-136.848992,58.328994],[-136.946663,58.393185],[-136.986384,58.404043],[-137.009415,58.408877],[-137.018409,58.409141],[-137.078109,58.397474],[-137.111802,58.392594],[-137.134453,58.406596],[-137.180029,58.429939],[-137.239366,58.453159],[-137.25271,58.456338],[-137.278612,58.459484],[-137.295788,58.466179],[-137.408758,58.515822],[-137.497002,58.557721],[-137.568216,58.587989],[-137.608804,58.601234],[-137.632889,58.599982],[-137.67169,58.615523],[-137.680811,58.621835],[-137.676857,58.64677],[-137.683516,58.660267],[-137.687627,58.664989],[-137.795037,58.724855],[-137.87535,58.757232],[-137.901675,58.765316],[-137.928156,58.780533],[-137.941828,58.794322],[-137.944259,58.802349],[-137.944957,58.804652],[-137.939353,58.813721],[-137.931565,58.819787],[-137.927624,58.827187],[-137.924608,58.843928],[-137.932593,58.868494],[-137.951995,58.886029],[-137.985198,58.909525],[-138.066332,58.957126],[-138.136246,58.989026],[-138.131,59.002613],[-138.117551,59.012494],[-138.118853,59.021307],[-138.144594,59.028072],[-138.250531,59.047031],[-138.636702,59.130585],[-138.7059,59.162549],[-138.763467,59.19132],[-138.847498,59.224835],[-138.919749,59.248531],[-139.044593,59.280341],[-139.271031,59.337421],[-139.343049,59.356608],[-139.420168,59.37976],[-139.541156,59.423071],[-139.595186,59.445413],[-139.746478,59.503415],[-139.855565,59.53666],[-139.862547,59.544258],[-139.861306,59.546678],[-139.847236,59.557304],[-139.837817,59.561984],[-139.807161,59.554333],[-139.785068,59.564043],[-139.768672,59.59761],[-139.737189,59.632629],[-139.732271,59.63686],[-139.718958,59.641156],[-139.70809,59.642657],[-139.667235,59.638803],[-139.655218,59.633497],[-139.656432,59.62121],[-139.671436,59.615682],[-139.67631,59.611249],[-139.672408,59.602894],[-139.654579,59.598015],[-139.623125,59.595909],[-139.614513,59.597135],[-139.587135,59.605959],[-139.581447,59.609171],[-139.582528,59.613542],[-139.589369,59.618674],[-139.593488,59.624317],[-139.585789,59.642765],[-139.51818,59.687814],[-139.524011,59.71251],[-139.552648,59.706835],[-139.579024,59.712198],[-139.587176,59.71565],[-139.59336,59.721503],[-139.591988,59.725026],[-139.581578,59.735063],[-139.576389,59.738179],[-139.559376,59.742699],[-139.54611,59.752667],[-139.562049,59.774887],[-139.57741,59.789332],[-139.59043,59.810232],[-139.617214,59.863576],[-139.624665,59.884388],[-139.621313,59.906725],[-139.616912,59.911999],[-139.610762,59.913759],[-139.597232,59.913652],[-139.577232,59.918265],[-139.535902,59.935248],[-139.527455,59.940047],[-139.488702,59.995034],[-139.486032,60.012407],[-139.505389,60.039428],[-139.555157,60.039243],[-139.576819,60.015425],[-139.601852,59.959866],[-139.60579,59.9556],[-139.657451,59.944727],[-139.682456,59.943984],[-139.693423,59.94073],[-139.705328,59.934826],[-139.769537,59.878108],[-139.768612,59.85116],[-139.775517,59.84521],[-139.801197,59.832586],[-139.811185,59.829332],[-139.909851,59.80607],[-140.102591,59.75491],[-140.14109,59.747979],[-140.164657,59.741878],[-140.178132,59.735628],[-140.18861,59.725248],[-140.210907,59.715535],[-140.256351,59.703052],[-140.272266,59.700609],[-140.285557,59.698717],[-140.3144,59.698302],[-140.385022,59.69948],[-140.601672,59.712953],[-140.636639,59.711409],[-140.72198,59.718563],[-140.883583,59.737613],[-140.92722,59.745709],[-141.013338,59.773338],[-141.156497,59.813582],[-141.216148,59.827285],[-141.423923,59.867361],[-141.442023,59.873324],[-141.450506,59.890419],[-141.467528,59.971272],[-141.530295,59.977655],[-141.631361,59.962762],[-141.709054,59.948938],[-141.869766,59.998834],[-141.912218,60.009779],[-141.966178,60.019129],[-141.998818,60.022606],[-142.062454,60.023781],[-142.100059,60.026772],[-142.13004,60.030327],[-142.24518,60.049778],[-142.537534,60.083953],[-142.589676,60.088182],[-142.698419,60.093333],[-142.809852,60.095217],[-142.875248,60.092428],[-142.908859,60.090328],[-143.0687,60.068603],[-143.135616,60.062082],[-143.194276,60.061995],[-143.413377,60.051924],[-143.624152,60.037257],[-143.69899,60.027761],[-143.885474,59.996787],[-143.889952,60.0423],[-143.167061,60.518816],[-142.817324,60.515849],[-141.963079,60.521376],[-141.765581,60.527746],[-141.763696,60.435027],[-141.213691,60.435809],[-141.213615,60.392456],[-141.00185,60.391688],[-141.00184,60.306105],[-140.53509,60.224224],[-140.472292,60.31059],[-139.989142,60.18524],[-139.698361,60.340421],[-139.086669,60.357654],[-139.082246,60.323825],[-139.200346,60.090701],[-139.046426,59.998235],[-138.796083,59.928701],[-138.702053,59.910245],[-138.662769,59.813719],[-138.662972,59.810225],[-138.620931,59.770559],[-138.560226,59.741201],[-138.001128,59.452164],[-137.604277,59.243057],[-137.498558,58.986694],[-137.526424,58.906834],[-137.525295,58.906872],[-137.447383,58.909513],[-137.264752,59.002352],[-136.863896,59.138472],[-136.826633,59.158389],[-136.581521,59.164909],[-136.486609,59.261108],[-136.466815,59.284252],[-136.472941,59.421683],[-136.365825,59.448008],[-136.358141,59.449799],[-136.301846,59.464128],[-136.234229,59.524731],[-136.23734,59.558734],[-136.225748,59.604573],[-136.190352,59.639854],[-136.005158,59.65816],[-135.854166,59.691846],[-135.72246,59.729526],[-135.477436,59.799626],[-135.284921,59.714893],[-135.166736,59.63224],[-135.153113,59.625159],[-135.114588,59.623415],[-135.027456,59.563692],[-135.029769,59.482444],[-135.040037,59.444792],[-135.029769,59.40714],[-135.00518,59.357217],[-134.992117,59.330695],[-134.961972,59.280376],[-134.766204,59.23143],[-134.681924,59.190843],[-134.566689,59.128278],[-134.481241,59.128071],[-134.389798,59.032673],[-134.383637,59.001867],[-134.369945,58.971745],[-134.363773,58.963891],[-134.328964,58.919593],[-134.250526,58.858046],[-133.992081,58.774581],[-133.840392,58.727991],[-133.723635,58.626004],[-133.699835,58.60729],[-133.559942,58.522318],[-133.443373,58.442415],[-133.436075,58.391324],[-133.437696,58.358074],[-133.359691,58.284789],[-133.343725,58.270915],[-133.222898,58.186368],[-133.176444,58.150151],[-133.076421,57.999762],[-132.869318,57.842941],[-132.756813,57.705093],[-132.658124,57.619486],[-132.559178,57.503927],[-132.367984,57.348685],[-132.252187,57.215655],[-132.214442,57.108167],[-132.115075,57.045602],[-132.080112,56.924153],[-132.005107,56.84292],[-131.936582,56.817425],[-131.8865,56.776083],[-131.818813,56.664694],[-131.736007,56.61317],[-131.581221,56.613275],[-131.428413,56.537135],[-131.167925,56.448361],[-131.087433,56.40742],[-131.085704,56.40654],[-130.782231,56.367511],[-130.740619,56.342953],[-130.622482,56.267939],[-130.541173,56.248017],[-130.466874,56.239789],[-130.425575,56.140676],[-130.24554,56.096876],[-130.102761,56.116696],[-130.031573,56.036791],[-130.016874,56.017323],[-130.00426,55.993379],[-130.013198,55.916382],[-130.08451,55.823997],[-130.12372,55.80704],[-130.128538,55.802148],[-130.150595,55.767031],[-130.151509,55.746029],[-130.150061,55.727099],[-130.14804,55.715041],[-130.129518,55.699806],[-130.111677,55.682051],[-130.126743,55.581282],[-130.120132,55.563919],[-130.085413,55.491517],[-130.044303,55.45197],[-130.030182,55.367696],[-130.023558,55.338259],[-129.982348,55.302079],[-129.980487,55.296334],[-129.980058,55.28423],[-129.985379,55.27776],[-130.001735,55.264557],[-130.030162,55.246592],[-130.096546,55.197953],[-130.118919,55.176074],[-130.144723,55.146038],[-130.158117,55.117104],[-130.187541,55.064665],[-130.221512,55.02599],[-130.259079,54.987642],[-130.27556,54.97293],[-130.339504,54.921376],[-130.474605,54.838102],[-130.569366,54.790869],[-130.636745,54.778456],[-130.657754,54.761828],[-130.62807,54.739341],[-130.644479,54.736897],[-130.685213,54.720091],[-130.686192,54.71691],[-130.695817,54.719346],[-130.737423,54.753545],[-130.747227,54.7726],[-130.733209,54.77961],[-130.732201,54.78262],[-130.736295,54.794798],[-130.742316,54.801914],[-130.773606,54.820845],[-130.787444,54.822905],[-130.78857,54.794643],[-130.792122,54.784784],[-130.806815,54.776862],[-130.836853,54.765437],[-130.854966,54.766341],[-130.866866,54.769068],[-130.901801,54.780876],[-130.915936,54.789617],[-130.932454,54.806938],[-130.947098,54.826047],[-130.941029,54.841587],[-130.947338,54.886733],[-130.959732,54.918678],[-130.9604,54.933685],[-130.949104,54.967846],[-130.953507,54.972102],[-130.97503,54.974853],[-131.007787,54.9913],[-131.012061,54.996238],[-131.004216,55.029605],[-130.986802,55.065222],[-130.98373,55.068946],[-130.984157,55.08441],[-131.013215,55.090069],[-131.029676,55.099478],[-131.052298,55.11816],[-131.070692,55.138143],[-131.076646,55.146178],[-131.085579,55.158233],[-131.087497,55.163036],[-131.093806,55.191335],[-131.092605,55.192711],[-130.985304,55.247286],[-130.952956,55.273092],[-130.951572,55.291648],[-130.925069,55.300713],[-130.909948,55.299878],[-130.871329,55.29378],[-130.864918,55.298367],[-130.864918,55.309469],[-130.871857,55.313991],[-130.882146,55.358831],[-130.9208,55.428721],[-130.922985,55.435113],[-130.920295,55.446085],[-130.910744,55.459982],[-130.898129,55.470177],[-130.881297,55.495582],[-130.870524,55.533768],[-130.880013,55.598954],[-130.901872,55.69738],[-130.939017,55.754831],[-130.984774,55.799349],[-131.093956,55.895675],[-131.171406,55.942952],[-131.187429,55.95601],[-131.216475,55.984342],[-131.229971,55.984342],[-131.236936,55.982293],[-131.243491,55.973689],[-131.245949,55.965905],[-131.241704,55.955069],[-131.156834,55.901147],[-131.070138,55.828551],[-131.053217,55.799843],[-131.043527,55.766997],[-131.040966,55.762837],[-130.998638,55.723538],[-130.965994,55.688974],[-130.94683,55.650716],[-130.927651,55.576585],[-130.945177,55.557731],[-130.978917,55.550835],[-130.987103,55.539872],[-130.994376,55.472396],[-130.969588,55.393281],[-130.947498,55.380823],[-130.928172,55.339426],[-130.933399,55.331906],[-130.946597,55.322396],[-130.959772,55.315892],[-130.968326,55.316626],[-130.964088,55.332664],[-131.000594,55.398012],[-131.008726,55.404818],[-131.029045,55.408395],[-131.033054,55.393118],[-131.034191,55.379358],[-131.030521,55.376917],[-131.027301,55.371392],[-131.019881,55.347905],[-131.031357,55.284785],[-131.072348,55.253822],[-131.160492,55.197481],[-131.188747,55.192745],[-131.21123,55.192379],[-131.235516,55.197574],[-131.263089,55.208318],[-131.297162,55.235046],[-131.302697,55.250217],[-131.278302,55.260319],[-131.24019,55.287156],[-131.230432,55.297802],[-131.191595,55.360527],[-131.191933,55.368334],[-131.197489,55.391051],[-131.202477,55.392834],[-131.272447,55.387774],[-131.292102,55.383946],[-131.293043,55.378684],[-131.287016,55.35826],[-131.264608,55.345639],[-131.254461,55.329698],[-131.255107,55.322104],[-131.284986,55.286437],[-131.291203,55.281751],[-131.326989,55.265911],[-131.402931,55.238065],[-131.424502,55.238764],[-131.428234,55.239416],[-131.437857,55.248407],[-131.444799,55.264491],[-131.463532,55.283389],[-131.475602,55.303263],[-131.462968,55.312648],[-131.471976,55.323386],[-131.494146,55.33231],[-131.509811,55.33231],[-131.515257,55.327938],[-131.528201,55.295349],[-131.53651,55.292352],[-131.550044,55.293389],[-131.566677,55.306068],[-131.584842,55.309588],[-131.639031,55.339481],[-131.698743,55.354873],[-131.732441,55.377553],[-131.735939,55.381905],[-131.736654,55.392206],[-131.741834,55.398074],[-131.828446,55.445214],[-131.844157,55.456742],[-131.845542,55.522119],[-131.841683,55.526748],[-131.793717,55.541682],[-131.766373,55.54005],[-131.733052,55.548559],[-131.664629,55.581525],[-131.654172,55.592431],[-131.671471,55.606573],[-131.682849,55.610488],[-131.701091,55.613684],[-131.724359,55.632559],[-131.726322,55.63593],[-131.726615,55.641],[-131.719546,55.650282],[-131.712102,55.665797],[-131.701147,55.69696],[-131.706744,55.706435],[-131.726467,55.720826],[-131.733408,55.730832],[-131.719308,55.749099],[-131.704907,55.755541],[-131.649626,55.768728],[-131.640294,55.785274],[-131.640141,55.789355],[-131.653124,55.795735],[-131.678213,55.799837],[-131.691058,55.797561],[-131.697211,55.793768],[-131.700951,55.788977],[-131.705259,55.789939],[-131.710448,55.80662],[-131.713742,55.853263],[-131.701487,55.860943],[-131.689044,55.875488],[-131.687317,55.886772],[-131.689509,55.890232],[-131.720384,55.894659],[-131.776737,55.878784],[-131.828176,55.877284],[-131.836962,55.875472],[-131.830547,55.856616],[-131.81631,55.837449],[-131.777033,55.823261],[-131.771248,55.810028],[-131.779908,55.791904],[-131.814759,55.73135],[-131.82616,55.71858],[-131.831407,55.681342],[-131.828887,55.667148],[-131.865395,55.63068],[-131.897413,55.603914],[-131.939318,55.623844],[-131.963121,55.615263],[-131.962642,55.608708],[-131.945303,55.572441],[-131.936689,55.535151],[-131.971792,55.498279],[-131.986493,55.500619],[-132.014613,55.515238],[-132.043772,55.535742],[-132.060504,55.54303],[-132.098521,55.550015],[-132.114654,55.550623],[-132.141118,55.55901],[-132.148383,55.562481],[-132.183207,55.588128],[-132.198652,55.615721],[-132.2015,55.626376],[-132.197869,55.633967],[-132.199549,55.638593],[-132.215409,55.68227],[-132.224167,55.701766],[-132.237532,55.711347],[-132.260119,55.732293],[-132.283594,55.761774],[-132.280431,55.765599],[-132.265071,55.762174],[-132.251732,55.756247],[-132.229647,55.740488],[-132.206951,55.736987],[-132.190479,55.742501],[-132.185478,55.753161],[-132.184982,55.778776],[-132.187494,55.785595],[-132.183163,55.80083],[-132.130413,55.811419],[-132.113361,55.812718],[-132.08605,55.832436],[-132.067412,55.875078],[-132.041795,55.958795],[-132.07034,56.046733],[-132.038364,56.091297],[-132.033368,56.095572],[-132.011297,56.077359],[-131.970294,56.114042],[-131.935728,56.177207],[-131.943402,56.192557],[-131.958838,56.194762],[-131.993894,56.193351],[-132.01813,56.183155],[-132.034849,56.133432],[-132.060993,56.129355],[-132.10402,56.108109],[-132.176955,56.055706],[-132.129697,55.957855],[-132.135474,55.941626],[-132.159064,55.92256],[-132.170198,55.919231],[-132.191893,55.921717],[-132.224241,55.930421],[-132.279962,55.924839],[-132.320487,55.887648],[-132.319799,55.874347],[-132.309306,55.865059],[-132.309949,55.862301],[-132.323242,55.851878],[-132.372298,55.850359],[-132.376518,55.853377],[-132.397304,55.878867],[-132.398349,55.884052],[-132.39708,55.905546],[-132.401192,55.950467],[-132.446166,56.018666],[-132.492795,56.066436],[-132.522076,56.077035],[-132.573677,56.0707],[-132.621793,56.05614],[-132.621492,56.049174],[-132.629155,56.037425],[-132.640079,56.033194],[-132.68462,56.082323],[-132.708697,56.112124],[-132.723396,56.145814],[-132.718342,56.217704],[-132.689888,56.238744],[-132.672471,56.239439],[-132.664212,56.236332],[-132.64425,56.232807],[-132.615797,56.234172],[-132.601495,56.240065],[-132.58207,56.278816],[-132.582033,56.285456],[-132.575023,56.296468],[-132.543076,56.332276],[-132.52936,56.338555],[-132.441839,56.353983],[-132.431631,56.352163],[-132.422041,56.349341],[-132.403678,56.334811],[-132.381766,56.310756],[-132.380574,56.307785],[-132.382793,56.299203],[-132.363966,56.287126],[-132.35871,56.2908],[-132.349149,56.304456],[-132.340678,56.341754],[-132.361132,56.380627],[-132.394268,56.485579],[-132.38938,56.491367],[-132.382379,56.491972],[-132.362556,56.487904],[-132.253393,56.449539],[-132.245479,56.441215],[-132.233927,56.416736],[-132.242,56.41366],[-132.238473,56.398706],[-132.223136,56.384017],[-132.204367,56.372086],[-132.199269,56.371054],[-132.181158,56.387128],[-132.17935,56.390823],[-132.181647,56.399336],[-132.208568,56.457125],[-132.239043,56.476671],[-132.259611,56.48763],[-132.279753,56.485881],[-132.290475,56.487017],[-132.357564,56.529008],[-132.361293,56.534232],[-132.367088,56.574578],[-132.363836,56.588613],[-132.35841,56.595266],[-132.319303,56.607116],[-132.297288,56.629819],[-132.284216,56.636699],[-132.280089,56.651834],[-132.281464,56.665593],[-132.298664,56.677977],[-132.313799,56.676601],[-132.324807,56.673849],[-132.348886,56.664217],[-132.371589,56.672473],[-132.389476,56.672473],[-132.403923,56.669721],[-132.452081,56.672473],[-132.467904,56.680729],[-132.528446,56.702056],[-132.522398,56.716256],[-132.517127,56.728632],[-132.432385,56.782385],[-132.371032,56.816413],[-132.373615,56.820353],[-132.390129,56.825837],[-132.404564,56.825506],[-132.43833,56.821117],[-132.505513,56.785485],[-132.519457,56.775455],[-132.520712,56.760116],[-132.532002,56.757141],[-132.556758,56.757242],[-132.637458,56.78091],[-132.770404,56.837486],[-132.792089,56.856152],[-132.797107,56.864922],[-132.793601,56.866364],[-132.792727,56.871673],[-132.796999,56.87779],[-132.81789,56.896901],[-132.829346,56.903573],[-132.846744,56.910635],[-132.87034,56.925682],[-132.91197,56.966651],[-132.918967,56.993673],[-132.892388,56.993016],[-132.853636,57.005343],[-132.813684,57.030218],[-132.83222,57.070408],[-132.853284,57.080077],[-132.870116,57.078424],[-132.875197,57.069577],[-132.916487,57.040086],[-132.93752,57.048321],[-132.984307,57.054845],[-132.993944,57.032353],[-133.02505,57.057322],[-133.076481,57.081733],[-133.125306,57.088891],[-133.161448,57.086264],[-133.188074,57.088973],[-133.208726,57.109699],[-133.210261,57.118453],[-133.206655,57.123834],[-133.224656,57.136522],[-133.23488,57.137937],[-133.247414,57.136802],[-133.322359,57.112727],[-133.466932,57.159356],[-133.517194,57.177775],[-133.517197,57.177776],[-133.544817,57.24257],[-133.542565,57.250682],[-133.522837,57.27858],[-133.489738,57.305192],[-133.47589,57.307982],[-133.455936,57.30397],[-133.444958,57.297729],[-133.442436,57.289978],[-133.425948,57.285995],[-133.371591,57.286713],[-133.307565,57.290052],[-133.287052,57.30292],[-133.274829,57.330625],[-133.28351,57.333119],[-133.34207,57.336798],[-133.35472,57.333253],[-133.403868,57.342685],[-133.442682,57.352845],[-133.453783,57.35624],[-133.468267,57.364217],[-133.472039,57.368651],[-133.475998,57.380394],[-133.472454,57.388446],[-133.461179,57.394577],[-133.503115,57.453528],[-133.52514,57.490344],[-133.52583,57.501777],[-133.516749,57.543911],[-133.510806,57.548139],[-133.496365,57.548772],[-133.488197,57.551387],[-133.478086,57.56173],[-133.481221,57.57147],[-133.505982,57.578459],[-133.528313,57.573944],[-133.531905,57.569466],[-133.53786,57.567292],[-133.565478,57.563095],[-133.578948,57.565094],[-133.62076,57.578919],[-133.66439,57.611707],[-133.676449,57.625192],[-133.680963,57.648265],[-133.65855,57.707924],[-133.65453,57.713689],[-133.582212,57.715095],[-133.543928,57.696454],[-133.530957,57.686914],[-133.522243,57.683663],[-133.489677,57.677141],[-133.441215,57.672013],[-133.40498,57.663783],[-133.234598,57.608749],[-133.188864,57.589071],[-133.179062,57.587147],[-133.162464,57.599796],[-133.174032,57.610062],[-133.251126,57.649966],[-133.278209,57.661859],[-133.291062,57.665358],[-133.322532,57.66583],[-133.485403,57.738677],[-133.545031,57.76797],[-133.559889,57.777457],[-133.556097,57.78883],[-133.569787,57.859365],[-133.602032,57.860394],[-133.610178,57.860654],[-133.631303,57.846766],[-133.633931,57.838029],[-133.641996,57.811215],[-133.638899,57.803323]]],[[[-131.217805,54.927423],[-131.197924,54.921489],[-131.195197,54.919767],[-131.195411,54.918249],[-131.200161,54.910169],[-131.253671,54.866779],[-131.266049,54.859369],[-131.353233,54.859009],[-131.469097,54.913153],[-131.491504,54.930392],[-131.486616,54.950394],[-131.482676,54.952659],[-131.409738,54.971152],[-131.266084,54.998806],[-131.248909,54.99719],[-131.246018,54.989555],[-131.257421,54.97901],[-131.242771,54.929639],[-131.233001,54.926814],[-131.217805,54.927423]]],[[[-131.482252,55.25411],[-131.481522,55.244448],[-131.462701,55.223438],[-131.445293,55.216977],[-131.430501,55.218175],[-131.416951,55.217298],[-131.39769,55.210916],[-131.355642,55.182945],[-131.341407,55.165659],[-131.352654,55.164822],[-131.362319,55.155896],[-131.350575,55.067042],[-131.356314,55.041211],[-131.378572,55.017308],[-131.388569,55.012222],[-131.484995,55.010454],[-131.498863,55.016138],[-131.50759,55.025427],[-131.508449,55.029166],[-131.53214,55.037945],[-131.579882,55.017576],[-131.590063,55.007745],[-131.605661,55.004403],[-131.615632,55.006999],[-131.641035,55.026585],[-131.646276,55.035579],[-131.620745,55.049259],[-131.589387,55.08894],[-131.605302,55.107436],[-131.594978,55.125502],[-131.577773,55.131094],[-131.558603,55.125508],[-131.548093,55.143138],[-131.565677,55.155354],[-131.588368,55.169961],[-131.598454,55.179566],[-131.607383,55.240437],[-131.58907,55.273951],[-131.56956,55.284114],[-131.56265,55.284012],[-131.550916,55.280915],[-131.516651,55.261645],[-131.49264,55.257749],[-131.482252,55.25411]]],[[[-131.65813,55.292512],[-131.688644,55.282113],[-131.694487,55.223739],[-131.718468,55.200099],[-131.748334,55.128588],[-131.798943,55.162351],[-131.829585,55.191916],[-131.830718,55.194991],[-131.828395,55.198482],[-131.850839,55.274364],[-131.862162,55.289284],[-131.870568,55.364553],[-131.854297,55.421074],[-131.85233,55.423782],[-131.833218,55.422014],[-131.811697,55.414048],[-131.809721,55.412555],[-131.80679,55.405175],[-131.798555,55.399386],[-131.759896,55.381845],[-131.71614,55.34957],[-131.685192,55.333501],[-131.666738,55.327492],[-131.647236,55.30614],[-131.65813,55.292512]]],[[[-133.281917,55.524486],[-133.289854,55.50187],[-133.305747,55.484115],[-133.358993,55.453832],[-133.373595,55.460656],[-133.391243,55.471979],[-133.396511,55.473169],[-133.426516,55.466702],[-133.474054,55.437155],[-133.4653,55.42337],[-133.425823,55.425511],[-133.416649,55.422146],[-133.412524,55.41756],[-133.411582,55.406683],[-133.419384,55.386105],[-133.427366,55.381832],[-133.446281,55.382175],[-133.497028,55.368159],[-133.576808,55.324795],[-133.595805,55.293766],[-133.603491,55.271739],[-133.609073,55.241486],[-133.61278,55.239737],[-133.623457,55.242571],[-133.634509,55.250043],[-133.690174,55.304409],[-133.690944,55.308703],[-133.689159,55.320285],[-133.672243,55.326765],[-133.647725,55.34548],[-133.633006,55.361299],[-133.622422,55.396474],[-133.636291,55.428423],[-133.739077,55.472323],[-133.749371,55.471818],[-133.764347,55.468593],[-133.789055,55.457892],[-133.75913,55.537371],[-133.75287,55.544282],[-133.733029,55.558757],[-133.615623,55.550776],[-133.584326,55.539707],[-133.582005,55.537363],[-133.590163,55.507236],[-133.595632,55.501483],[-133.611671,55.495585],[-133.624912,55.494674],[-133.632978,55.491664],[-133.644202,55.470815],[-133.644565,55.46468],[-133.638673,55.458902],[-133.618367,55.457045],[-133.573698,55.472083],[-133.544088,55.491784],[-133.542322,55.507084],[-133.52912,55.5277],[-133.525646,55.529097],[-133.480965,55.512738],[-133.44367,55.518639],[-133.454576,55.532423],[-133.44266,55.553012],[-133.436102,55.560872],[-133.413499,55.570384],[-133.344847,55.569327],[-133.307406,55.542249],[-133.292346,55.539736],[-133.285317,55.535315],[-133.281917,55.524486]]],[[[-133.284826,56.327118],[-133.235354,56.324275],[-133.197009,56.333016],[-133.163212,56.317445],[-133.094977,56.250583],[-133.07823,56.246802],[-133.071435,56.238484],[-133.040979,56.184536],[-133.052004,56.155585],[-133.059994,56.150761],[-133.062175,56.141163],[-133.061465,56.135305],[-133.05552,56.125258],[-132.927305,56.034459],[-132.897675,56.020166],[-132.837592,56.024327],[-132.635291,55.921766],[-132.618464,55.911476],[-132.615103,55.908082],[-132.614757,55.899635],[-132.592085,55.877152],[-132.543398,55.845927],[-132.5048,55.815166],[-132.470697,55.782162],[-132.461281,55.6834],[-132.462531,55.673854],[-132.448855,55.667337],[-132.415237,55.667263],[-132.394266,55.669114],[-132.382505,55.665336],[-132.358558,55.648759],[-132.332401,55.595071],[-132.32928,55.578936],[-132.301119,55.55096],[-132.240921,55.526533],[-132.198289,55.513045],[-132.188771,55.508443],[-132.146062,55.470346],[-132.142649,55.460967],[-132.142945,55.457941],[-132.164757,55.451213],[-132.17861,55.452829],[-132.219413,55.472211],[-132.230752,55.479944],[-132.231936,55.48396],[-132.247327,55.492951],[-132.315773,55.514547],[-132.325728,55.515395],[-132.342101,55.50467],[-132.31857,55.469208],[-132.288585,55.451365],[-132.281269,55.444189],[-132.284442,55.442173],[-132.303329,55.438268],[-132.41934,55.432054],[-132.470036,55.427028],[-132.479688,55.420918],[-132.475532,55.418062],[-132.454974,55.4136],[-132.390782,55.401739],[-132.273503,55.419189],[-132.258056,55.416142],[-132.22596,55.374919],[-132.166857,55.363039],[-132.149864,55.328637],[-132.126398,55.288418],[-132.115561,55.281237],[-132.098531,55.28056],[-132.102716,55.268175],[-132.109531,55.26024],[-132.142742,55.238212],[-132.164031,55.237617],[-132.214912,55.2457],[-132.229963,55.23808],[-132.214353,55.222562],[-132.207431,55.218273],[-132.12737,55.19957],[-132.104376,55.200899],[-132.088127,55.206516],[-132.075095,55.22239],[-132.072751,55.233718],[-132.078869,55.240335],[-132.075924,55.246276],[-132.061625,55.260052],[-132.037122,55.275144],[-132.028163,55.27695],[-132.0035,55.265254],[-131.995908,55.259054],[-131.979818,55.211787],[-131.977397,55.180949],[-131.988815,55.165464],[-132.031417,55.151671],[-132.039009,55.14407],[-132.040874,55.127326],[-132.038978,55.125011],[-132.016932,55.120971],[-132.039002,55.086962],[-132.094024,55.039452],[-132.154061,55.018197],[-132.168076,55.015574],[-132.180334,55.015557],[-132.196215,55.008047],[-132.197614,55.005158],[-132.192581,54.989655],[-132.143263,54.984633],[-132.135544,54.985976],[-132.072544,55.016956],[-132.039217,55.036765],[-132.028288,55.038672],[-132.000449,55.035712],[-131.984592,55.027978],[-131.98289,54.853068],[-131.976847,54.848894],[-131.965904,54.835539],[-131.957382,54.804279],[-131.957914,54.791239],[-131.999591,54.731975],[-132.018657,54.710109],[-132.029747,54.701189],[-132.142277,54.691674],[-132.165182,54.69405],[-132.179635,54.705898],[-132.199566,54.715444],[-132.256092,54.734617],[-132.2631,54.734312],[-132.279597,54.72823],[-132.280701,54.726184],[-132.280103,54.715988],[-132.281803,54.71529],[-132.307943,54.718714],[-132.351004,54.818182],[-132.350629,54.821314],[-132.341009,54.826718],[-132.332661,54.826322],[-132.314146,54.83512],[-132.309213,54.847534],[-132.387494,54.913664],[-132.484579,54.899301],[-132.55839,54.932612],[-132.581367,54.946005],[-132.609786,54.965728],[-132.612531,54.969924],[-132.614836,54.980095],[-132.6099,54.991517],[-132.598557,54.990301],[-132.57783,54.994234],[-132.575001,54.998317],[-132.541802,55.097764],[-132.548994,55.113556],[-132.550502,55.114247],[-132.561819,55.114897],[-132.594568,55.105378],[-132.619912,55.069094],[-132.624575,55.061352],[-132.624296,55.056163],[-132.626687,55.053314],[-132.630865,55.052946],[-132.633305,55.054954],[-132.637866,55.073602],[-132.624518,55.114419],[-132.606895,55.141722],[-132.598675,55.150482],[-132.591084,55.155695],[-132.587868,55.155971],[-132.581133,55.166076],[-132.605219,55.194064],[-132.620123,55.199617],[-132.637926,55.186077],[-132.630049,55.177618],[-132.629643,55.174232],[-132.635758,55.152514],[-132.663719,55.143932],[-132.695227,55.137711],[-132.735645,55.134218],[-132.712195,55.098736],[-132.684005,55.045604],[-132.689667,55.027901],[-132.692917,55.02506],[-132.748854,54.996007],[-132.813743,55.010987],[-132.864117,55.024833],[-132.916414,55.044465],[-132.926772,55.055023],[-132.932293,55.070199],[-132.931172,55.074154],[-132.909355,55.081277],[-132.881083,55.110375],[-132.869827,55.124104],[-132.873408,55.134241],[-132.894283,55.169373],[-132.935449,55.209898],[-132.939845,55.211481],[-132.982166,55.215882],[-133.008156,55.2057],[-133.040748,55.232969],[-133.043938,55.248569],[-133.104708,55.2638],[-133.119294,55.251405],[-133.073381,55.184492],[-133.012275,55.128056],[-132.99086,55.079112],[-132.990395,55.06673],[-133.011351,55.056849],[-133.01974,55.048366],[-133.014178,55.035502],[-132.959508,55.021045],[-132.909706,54.923594],[-132.91465,54.914009],[-132.889474,54.896619],[-132.82834,54.868747],[-132.804525,54.870938],[-132.803014,54.873725],[-132.803742,54.897206],[-132.807952,54.904378],[-132.814282,54.909356],[-132.817385,54.92364],[-132.800784,54.933783],[-132.730931,54.939483],[-132.650001,54.904387],[-132.628612,54.883316],[-132.625563,54.807503],[-132.614851,54.77717],[-132.619024,54.766565],[-132.639032,54.753251],[-132.66725,54.763369],[-132.681165,54.773697],[-132.701203,54.798446],[-132.701153,54.811012],[-132.709267,54.817521],[-132.723538,54.825128],[-132.729369,54.826981],[-132.754875,54.821236],[-132.759779,54.816998],[-132.759364,54.808277],[-132.747451,54.800743],[-132.722011,54.763259],[-132.676226,54.680865],[-132.674324,54.674652],[-132.675868,54.672812],[-132.69397,54.669064],[-132.775733,54.674844],[-132.866355,54.700386],[-132.869604,54.702416],[-132.864084,54.716917],[-132.865598,54.728908],[-132.87721,54.753772],[-132.891553,54.768191],[-132.909517,54.780516],[-132.918751,54.783253],[-132.940485,54.783831],[-132.95025,54.788333],[-133.032752,54.855055],[-133.099047,54.919007],[-133.123941,54.940065],[-133.159756,54.95876],[-133.164788,54.976909],[-133.157326,55.000365],[-133.168931,55.030889],[-133.17236,55.032745],[-133.197719,55.033404],[-133.21042,55.040269],[-133.239695,55.092415],[-133.223923,55.099986],[-133.218101,55.101042],[-133.144954,55.099155],[-133.134987,55.099473],[-133.128705,55.101429],[-133.15478,55.12811],[-133.186809,55.136372],[-133.193242,55.134108],[-133.201053,55.134099],[-133.207702,55.13422],[-133.215086,55.136876],[-133.236908,55.183326],[-133.187745,55.193639],[-133.18252,55.201964],[-133.223791,55.229317],[-133.254478,55.231149],[-133.281979,55.217117],[-133.323021,55.20703],[-133.341259,55.205701],[-133.353719,55.221215],[-133.361562,55.22556],[-133.376615,55.228288],[-133.404497,55.214992],[-133.415257,55.212159],[-133.422869,55.210659],[-133.441074,55.211654],[-133.453777,55.218497],[-133.471938,55.247527],[-133.473593,55.255547],[-133.472866,55.267873],[-133.459753,55.30678],[-133.452818,55.31998],[-133.43635,55.330158],[-133.395371,55.341753],[-133.352083,55.347381],[-133.33236,55.345357],[-133.313491,55.331557],[-133.310529,55.320257],[-133.311114,55.317301],[-133.292402,55.291377],[-133.268999,55.286971],[-133.244343,55.291865],[-133.235129,55.304162],[-133.233572,55.308822],[-133.254639,55.318806],[-133.279271,55.333264],[-133.280701,55.341536],[-133.278443,55.349184],[-133.269068,55.359341],[-133.257734,55.367026],[-133.226844,55.38185],[-133.208794,55.384237],[-133.18328,55.379392],[-133.121513,55.414536],[-133.104304,55.426907],[-133.138129,55.458373],[-133.157704,55.497782],[-133.133293,55.502508],[-133.132409,55.513579],[-133.156566,55.563589],[-133.17676,55.586722],[-133.263042,55.568793],[-133.275972,55.580188],[-133.294158,55.58868],[-133.3869,55.619346],[-133.43818,55.643862],[-133.438933,55.645167],[-133.408432,55.667925],[-133.399885,55.665133],[-133.394486,55.666881],[-133.386432,55.693365],[-133.416549,55.739647],[-133.438619,55.748366],[-133.49143,55.764082],[-133.512632,55.755898],[-133.509704,55.744183],[-133.496509,55.733258],[-133.494087,55.733158],[-133.490882,55.726576],[-133.489253,55.713081],[-133.492438,55.706525],[-133.527387,55.695108],[-133.554504,55.698354],[-133.583297,55.705338],[-133.62512,55.719927],[-133.643324,55.729037],[-133.694546,55.780599],[-133.695749,55.783118],[-133.646377,55.823413],[-133.627534,55.83163],[-133.561973,55.835543],[-133.550028,55.832181],[-133.447875,55.791738],[-133.422064,55.788821],[-133.347915,55.803943],[-133.342058,55.805764],[-133.323664,55.818632],[-133.335139,55.866118],[-133.346569,55.875809],[-133.379472,55.880716],[-133.391026,55.878751],[-133.418797,55.883278],[-133.471044,55.947381],[-133.495052,56.017089],[-133.541041,55.977322],[-133.638122,55.920982],[-133.6999,55.912206],[-133.799931,55.925349],[-133.826236,55.94875],[-133.83437,55.963578],[-133.81277,55.974135],[-133.798092,55.975096],[-133.777846,55.982876],[-133.748803,56.009536],[-133.693765,56.070562],[-133.684209,56.075507],[-133.659241,56.083818],[-133.548802,56.14284],[-133.54283,56.160794],[-133.553454,56.169015],[-133.6015,56.191925],[-133.639282,56.198813],[-133.664218,56.310504],[-133.656415,56.326909],[-133.649916,56.326792],[-133.643182,56.324459],[-133.624658,56.33707],[-133.625121,56.339847],[-133.624918,56.343906],[-133.593728,56.352192],[-133.582116,56.352506],[-133.41837,56.332132],[-133.328577,56.332797],[-133.284826,56.327118]]],[[[-133.861039,55.848844],[-133.866988,55.845886],[-133.894706,55.845641],[-133.903184,55.848101],[-133.92025,55.860295],[-133.929325,55.869538],[-133.945619,55.896216],[-133.943499,55.912446],[-133.940298,55.917506],[-133.935016,55.920689],[-133.891851,55.93668],[-133.876494,55.937683],[-133.864099,55.936286],[-133.854291,55.931581],[-133.846763,55.91167],[-133.846128,55.904622],[-133.840833,55.892726],[-133.840298,55.88677],[-133.847565,55.869599],[-133.861039,55.848844]]],[[[-132.843184,56.444827],[-132.819256,56.439511],[-132.808145,56.440801],[-132.791872,56.449169],[-132.782864,56.45153],[-132.734466,56.458515],[-132.716056,56.454861],[-132.668127,56.440279],[-132.634335,56.422174],[-132.628592,56.416284],[-132.620608,56.3912],[-132.65238,56.375879],[-132.662178,56.369134],[-132.679401,56.354299],[-132.684112,56.345671],[-132.676553,56.333105],[-132.662478,56.320451],[-132.655467,56.303756],[-132.655513,56.295575],[-132.662081,56.274795],[-132.721254,56.258464],[-132.776045,56.254585],[-132.843716,56.238933],[-132.877582,56.240322],[-133.010587,56.309492],[-133.045383,56.320783],[-133.067556,56.333573],[-133.070863,56.354194],[-133.069441,56.356426],[-133.060361,56.358378],[-133.045714,56.371451],[-133.006575,56.415881],[-133.006314,56.417778],[-133.010871,56.421404],[-133.010817,56.424264],[-133.002357,56.430655],[-132.977163,56.439673],[-132.957364,56.448963],[-132.927663,56.456859],[-132.896342,56.457978],[-132.871919,56.457038],[-132.843184,56.444827]]],[[[-132.628511,56.553553],[-132.65091,56.552127],[-132.701275,56.52958],[-132.724189,56.515371],[-132.796627,56.496471],[-132.818043,56.494934],[-132.874282,56.509108],[-132.984751,56.51264],[-132.986907,56.510784],[-133.041726,56.518356],[-133.071828,56.553483],[-133.075496,56.578684],[-133.025091,56.605048],[-133.110329,56.669727],[-133.143198,56.682979],[-133.184363,56.706526],[-133.212185,56.736822],[-133.225298,56.755591],[-133.233331,56.771095],[-133.235251,56.775639],[-133.233646,56.779447],[-133.244689,56.792649],[-133.264047,56.814544],[-133.277352,56.816432],[-133.325392,56.791864],[-133.334308,56.773402],[-133.332845,56.761663],[-133.31986,56.737693],[-133.303752,56.729879],[-133.272958,56.733653],[-133.266844,56.734882],[-133.265608,56.738237],[-133.266768,56.741943],[-133.261381,56.747459],[-133.250686,56.751431],[-133.219681,56.706887],[-133.221517,56.697886],[-133.232516,56.681336],[-133.233684,56.649286],[-133.214228,56.649592],[-133.151444,56.637672],[-133.106316,56.618393],[-133.103363,56.614645],[-133.089388,56.535474],[-133.089215,56.523916],[-133.112907,56.529295],[-133.138307,56.532923],[-133.142099,56.528591],[-133.142482,56.519697],[-133.139228,56.515994],[-133.124726,56.511439],[-133.122245,56.49202],[-133.14873,56.467357],[-133.160996,56.460257],[-133.203584,56.447657],[-133.348504,56.469568],[-133.3563,56.471794],[-133.361615,56.486073],[-133.371889,56.493689],[-133.376245,56.495592],[-133.401797,56.496355],[-133.417795,56.494147],[-133.428585,56.479247],[-133.460634,56.45412],[-133.512684,56.437015],[-133.532969,56.434751],[-133.603669,56.435413],[-133.638349,56.438881],[-133.655468,56.442279],[-133.663094,56.448073],[-133.671653,56.487656],[-133.675836,56.522714],[-133.675696,56.538672],[-133.672262,56.544152],[-133.664509,56.550727],[-133.662631,56.555735],[-133.663064,56.56207],[-133.667639,56.57639],[-133.662631,56.598924],[-133.667639,56.607687],[-133.673621,56.611801],[-133.679352,56.633089],[-133.689178,56.643734],[-133.698309,56.649624],[-133.70582,56.658387],[-133.709576,56.683424],[-133.706372,56.696954],[-133.699822,56.710054],[-133.696547,56.744443],[-133.689996,56.761637],[-133.686416,56.779817],[-133.68099,56.795207],[-133.679352,56.810764],[-133.689996,56.839421],[-133.699822,56.839421],[-133.712922,56.827958],[-133.741579,56.81322],[-133.765324,56.807489],[-133.772302,56.809495],[-133.787484,56.821366],[-133.795364,56.824586],[-133.86904,56.845938],[-133.887426,56.868391],[-133.916358,56.914447],[-133.903634,56.927269],[-133.921451,56.961511],[-133.96706,56.988044],[-134.049218,57.029203],[-134.033979,57.063281],[-134.008856,57.074578],[-133.887957,57.097744],[-133.773464,57.078676],[-133.702925,57.065206],[-133.613908,57.057978],[-133.536258,57.0387],[-133.446204,57.020124],[-133.362502,57.007424],[-133.346321,57.004118],[-133.344217,57.001834],[-133.334272,57.002442],[-133.325058,57.011711],[-133.308317,57.014762],[-133.104611,57.005701],[-132.99743,56.942201],[-132.98137,56.92738],[-132.947081,56.870963],[-132.935933,56.839963],[-132.935258,56.822941],[-132.903211,56.80361],[-132.872512,56.798144],[-132.85315,56.79781],[-132.820556,56.793787],[-132.762964,56.753227],[-132.741709,56.724278],[-132.743207,56.71372],[-132.665874,56.680241],[-132.628129,56.66883],[-132.622788,56.66871],[-132.619258,56.660778],[-132.62545,56.65321],[-132.628201,56.645642],[-132.62545,56.642202],[-132.616506,56.63945],[-132.605498,56.623627],[-132.595179,56.613308],[-132.57454,56.61262],[-132.56078,56.607804],[-132.553213,56.608492],[-132.546463,56.606563],[-132.539698,56.593199],[-132.541282,56.584573],[-132.61083,56.556252],[-132.627435,56.552428],[-132.628511,56.553553]]]]},"properties":{"id":747,"name":"Juneau, AK","latitude":58.301935,"tvperc":null,"dma":747,"cableperc":null,"adsperc":null,"longitude":-134.41974},"id":747},{"type":"Feature","geometry":{"type":"MultiPolygon","coordinates":[[[[-155.737004,20.222773],[-155.735822,20.212417],[-155.732704,20.205392],[-155.653966,20.16736],[-155.630382,20.146916],[-155.624565,20.145911],[-155.607797,20.137987],[-155.600909,20.126573],[-155.598033,20.124539],[-155.590923,20.122497],[-155.58168,20.123617],[-155.568368,20.130545],[-155.558933,20.13157],[-155.523661,20.120028],[-155.516795,20.11523],[-155.502561,20.114155],[-155.468211,20.104296],[-155.443957,20.095318],[-155.405459,20.078772],[-155.4024,20.075541],[-155.387578,20.067119],[-155.33021,20.038517],[-155.29548,20.024438],[-155.282629,20.021969],[-155.270316,20.014525],[-155.240933,19.990173],[-155.204486,19.969438],[-155.194593,19.958368],[-155.179939,19.949372],[-155.149215,19.922872],[-155.144394,19.920523],[-155.131235,19.906801],[-155.124618,19.897288],[-155.12175,19.886099],[-155.107541,19.872467],[-155.098716,19.867811],[-155.095032,19.867882],[-155.086341,19.855399],[-155.084357,19.849736],[-155.085674,19.838584],[-155.088979,19.826656],[-155.094414,19.81491],[-155.09207,19.799409],[-155.091216,19.776368],[-155.093517,19.771832],[-155.093387,19.737751],[-155.087118,19.728013],[-155.079426,19.726193],[-155.063972,19.728917],[-155.045382,19.739824],[-155.006423,19.739286],[-154.997278,19.72858],[-154.987168,19.708524],[-154.981102,19.690687],[-154.984718,19.672161],[-154.983778,19.641647],[-154.974342,19.633201],[-154.963933,19.627605],[-154.950359,19.626461],[-154.947874,19.62425],[-154.947718,19.621947],[-154.951014,19.613614],[-154.947106,19.604856],[-154.93394,19.597505],[-154.928205,19.592702],[-154.924422,19.586553],[-154.903542,19.570622],[-154.875,19.556797],[-154.852618,19.549172],[-154.837384,19.538354],[-154.826732,19.537626],[-154.814417,19.53009],[-154.809561,19.522377],[-154.809379,19.519086],[-154.822968,19.48129],[-154.838545,19.463642],[-154.86854,19.438126],[-154.887817,19.426425],[-154.928772,19.397646],[-154.944185,19.381852],[-154.964619,19.365646],[-154.980861,19.349291],[-155.020537,19.331317],[-155.061729,19.316636],[-155.113272,19.290613],[-155.1337,19.276099],[-155.159635,19.268375],[-155.172413,19.26906],[-155.187427,19.266156],[-155.19626,19.261295],[-155.205892,19.260907],[-155.243961,19.271313],[-155.264619,19.274213],[-155.296761,19.266289],[-155.303808,19.261835],[-155.31337,19.250698],[-155.341268,19.234039],[-155.349148,19.217756],[-155.360631,19.20893],[-155.378638,19.202435],[-155.390701,19.201171],[-155.417369,19.187858],[-155.427093,19.179546],[-155.432519,19.170623],[-155.453516,19.151952],[-155.465663,19.146964],[-155.505281,19.137908],[-155.51474,19.132501],[-155.51214,19.128174],[-155.512137,19.124296],[-155.519652,19.117025],[-155.526136,19.115889],[-155.528902,19.11371],[-155.544806,19.091059],[-155.551129,19.08878],[-155.557817,19.08213],[-155.555326,19.069377],[-155.555177,19.053932],[-155.557371,19.046565],[-155.566446,19.032531],[-155.576599,19.027412],[-155.581903,19.02224],[-155.596032,18.998833],[-155.596521,18.980654],[-155.601866,18.971572],[-155.613966,18.970399],[-155.625256,18.961951],[-155.625,18.959934],[-155.638054,18.941723],[-155.658486,18.924835],[-155.672005,18.917466],[-155.681825,18.918694],[-155.687716,18.923358],[-155.690171,18.932195],[-155.693117,18.940542],[-155.726043,18.969437],[-155.763598,18.981837],[-155.806109,19.013967],[-155.853943,19.023762],[-155.88155,19.036644],[-155.884077,19.039266],[-155.886278,19.05576],[-155.903693,19.080777],[-155.908355,19.081138],[-155.921389,19.121183],[-155.917292,19.155963],[-155.903339,19.217792],[-155.90491,19.230147],[-155.902565,19.258427],[-155.895435,19.274639],[-155.890842,19.298905],[-155.887356,19.337101],[-155.888701,19.348031],[-155.898792,19.377984],[-155.913849,19.401107],[-155.909087,19.415455],[-155.921707,19.43055],[-155.924269,19.438794],[-155.925166,19.468081],[-155.922609,19.478611],[-155.924124,19.481406],[-155.930523,19.484921],[-155.935641,19.485628],[-155.936403,19.481905],[-155.939145,19.481577],[-155.95149,19.486649],[-155.952897,19.488805],[-155.953663,19.510003],[-155.960457,19.546612],[-155.962264,19.551779],[-155.965211,19.554745],[-155.96935,19.555963],[-155.970969,19.586328],[-155.978206,19.608159],[-155.997728,19.642816],[-156.028982,19.650098],[-156.032928,19.653905],[-156.034994,19.65936],[-156.033326,19.66923],[-156.027427,19.672154],[-156.029281,19.678908],[-156.036079,19.690252],[-156.04796,19.698938],[-156.051652,19.703649],[-156.052485,19.718667],[-156.064364,19.730766],[-156.05722,19.742536],[-156.052315,19.756836],[-156.049651,19.780452],[-156.021732,19.8022],[-156.006267,19.81758],[-155.982821,19.845651],[-155.976651,19.85053],[-155.964817,19.855183],[-155.949251,19.857034],[-155.945297,19.853443],[-155.940311,19.852305],[-155.925843,19.858928],[-155.926938,19.870221],[-155.92549,19.875],[-155.915662,19.887126],[-155.901987,19.912081],[-155.894099,19.923135],[-155.894474,19.926927],[-155.892533,19.932162],[-155.866919,19.954172],[-155.856588,19.968885],[-155.840708,19.976952],[-155.838692,19.975527],[-155.835312,19.976078],[-155.831948,19.982775],[-155.828965,19.995542],[-155.825473,20.025944],[-155.828182,20.035424],[-155.850385,20.062506],[-155.866931,20.078652],[-155.88419,20.10675],[-155.899149,20.145728],[-155.906035,20.205157],[-155.901452,20.235787],[-155.890663,20.25524],[-155.882631,20.263026],[-155.873921,20.267744],[-155.853293,20.271548],[-155.811459,20.26032],[-155.783242,20.246395],[-155.778234,20.245743],[-155.772734,20.245409],[-155.746893,20.232325],[-155.737004,20.222773]]],[[[-156.586238,20.511711],[-156.603844,20.524372],[-156.631143,20.514943],[-156.642347,20.508285],[-156.647464,20.512017],[-156.668809,20.504738],[-156.682939,20.506775],[-156.703673,20.527237],[-156.702265,20.532451],[-156.696662,20.541646],[-156.6801,20.557021],[-156.651567,20.565574],[-156.614598,20.587109],[-156.610734,20.59377],[-156.576871,20.60657],[-156.56714,20.604895],[-156.553604,20.594729],[-156.543034,20.580115],[-156.542808,20.573674],[-156.548909,20.56859],[-156.556021,20.542657],[-156.553018,20.539382],[-156.540189,20.534741],[-156.539643,20.527644],[-156.544169,20.522802],[-156.550016,20.520273],[-156.559994,20.521892],[-156.586238,20.511711]]],[[[-156.592256,21.03288],[-156.580448,21.020172],[-156.562773,21.016167],[-156.549813,21.004939],[-156.546291,21.005082],[-156.528246,20.967757],[-156.518707,20.954662],[-156.512226,20.95128],[-156.510391,20.940358],[-156.507913,20.937886],[-156.49948,20.934577],[-156.495883,20.928005],[-156.493263,20.916011],[-156.481055,20.898199],[-156.474796,20.894546],[-156.422668,20.911631],[-156.386045,20.919563],[-156.374297,20.927616],[-156.370729,20.932669],[-156.352649,20.941414],[-156.345655,20.941596],[-156.342365,20.938737],[-156.332817,20.94645],[-156.324578,20.950184],[-156.307198,20.942739],[-156.286332,20.947701],[-156.275116,20.937361],[-156.263107,20.940888],[-156.242555,20.937838],[-156.230159,20.931936],[-156.230089,20.917864],[-156.226757,20.916677],[-156.222062,20.918309],[-156.217953,20.916573],[-156.216341,20.907035],[-156.173103,20.876926],[-156.170458,20.874605],[-156.166746,20.865646],[-156.132669,20.861369],[-156.129381,20.847513],[-156.115735,20.827301],[-156.100123,20.828502],[-156.090291,20.831872],[-156.059788,20.81054],[-156.033287,20.808246],[-156.003532,20.795545],[-156.002947,20.789418],[-155.987944,20.776552],[-155.984587,20.767496],[-155.986851,20.758577],[-155.985413,20.744245],[-155.987216,20.722717],[-155.991534,20.713654],[-156.00187,20.698064],[-156.01415,20.685681],[-156.020044,20.686857],[-156.030702,20.682452],[-156.040341,20.672719],[-156.043786,20.664902],[-156.053385,20.65432],[-156.059753,20.652044],[-156.081472,20.654387],[-156.089365,20.648519],[-156.120985,20.633685],[-156.129898,20.627523],[-156.142665,20.623605],[-156.144588,20.624032],[-156.148085,20.629067],[-156.156772,20.629639],[-156.169732,20.627358],[-156.173393,20.6241],[-156.184556,20.629719],[-156.192938,20.631769],[-156.210258,20.628518],[-156.225338,20.62294],[-156.236145,20.61595],[-156.265921,20.601629],[-156.284391,20.596488],[-156.288037,20.59203],[-156.293454,20.588783],[-156.302692,20.586199],[-156.322944,20.588273],[-156.351716,20.58697],[-156.359634,20.581977],[-156.370725,20.57876],[-156.377633,20.578427],[-156.415313,20.586099],[-156.417523,20.589728],[-156.415746,20.594044],[-156.417799,20.598682],[-156.423141,20.602079],[-156.427708,20.598873],[-156.431872,20.598143],[-156.438385,20.601337],[-156.444242,20.607941],[-156.442884,20.613842],[-156.450651,20.642212],[-156.445894,20.64927],[-156.443673,20.656018],[-156.448656,20.704739],[-156.451038,20.725469],[-156.452895,20.731287],[-156.458438,20.736676],[-156.462242,20.753952],[-156.462058,20.772571],[-156.464043,20.781667],[-156.473562,20.790756],[-156.489496,20.798339],[-156.501688,20.799933],[-156.506026,20.799463],[-156.515994,20.794234],[-156.525215,20.780821],[-156.537752,20.778408],[-156.631794,20.82124],[-156.678634,20.870541],[-156.688969,20.888673],[-156.687804,20.89072],[-156.688132,20.906325],[-156.691334,20.91244],[-156.697418,20.916368],[-156.69989,20.920629],[-156.69411,20.952708],[-156.680905,20.980262],[-156.665514,21.007054],[-156.652419,21.008994],[-156.645966,21.014416],[-156.642592,21.019936],[-156.644167,21.022312],[-156.642809,21.027583],[-156.619581,21.027793],[-156.612012,21.02477],[-156.612065,21.027273],[-156.606238,21.034371],[-156.592256,21.03288]]],[[[-156.91845,20.922546],[-156.897169,20.915395],[-156.837047,20.863575],[-156.825237,20.850731],[-156.809576,20.826036],[-156.808469,20.820396],[-156.809463,20.809169],[-156.817427,20.794606],[-156.838321,20.764575],[-156.846413,20.760201],[-156.851481,20.760069],[-156.869753,20.754701],[-156.890295,20.744855],[-156.909081,20.739533],[-156.949009,20.738997],[-156.96789,20.73508],[-156.984747,20.756677],[-156.994001,20.786671],[-156.988933,20.815496],[-156.991834,20.826603],[-157.006243,20.849603],[-157.010911,20.854476],[-157.054552,20.877219],[-157.059663,20.884634],[-157.061128,20.890635],[-157.062511,20.904385],[-157.05913,20.913407],[-157.035789,20.927078],[-157.025626,20.929528],[-157.010001,20.929757],[-156.989813,20.932127],[-156.971604,20.926254],[-156.937529,20.925274],[-156.91845,20.922546]]],[[[-156.903466,21.16421],[-156.898174,21.16594],[-156.89613,21.169561],[-156.896537,21.172208],[-156.867944,21.16452],[-156.841592,21.167926],[-156.821944,21.174693],[-156.771495,21.180053],[-156.742231,21.176214],[-156.738341,21.17202],[-156.736648,21.16188],[-156.719386,21.163911],[-156.712696,21.161547],[-156.714158,21.152238],[-156.726033,21.13236],[-156.748932,21.1086],[-156.775995,21.089751],[-156.790815,21.081686],[-156.794136,21.075796],[-156.835351,21.06336],[-156.865795,21.057801],[-156.877137,21.0493],[-156.891946,21.051831],[-156.89517,21.055771],[-156.953719,21.067761],[-157.00295,21.083282],[-157.02617,21.089015],[-157.032045,21.091094],[-157.037667,21.097864],[-157.079696,21.105835],[-157.095373,21.10636],[-157.125,21.1026],[-157.143483,21.096632],[-157.254061,21.090601],[-157.298054,21.096917],[-157.313343,21.105755],[-157.299187,21.132488],[-157.299471,21.135972],[-157.293774,21.146127],[-157.284346,21.157755],[-157.276474,21.163175],[-157.274504,21.162762],[-157.259911,21.174875],[-157.254709,21.181376],[-157.251007,21.190952],[-157.25026,21.207739],[-157.256935,21.215665],[-157.261457,21.217661],[-157.263163,21.220873],[-157.26069,21.225684],[-157.257085,21.227268],[-157.241534,21.220969],[-157.226445,21.220185],[-157.212082,21.221848],[-157.202125,21.219298],[-157.192439,21.207644],[-157.185553,21.205602],[-157.157103,21.200706],[-157.148125,21.200745],[-157.144627,21.202555],[-157.128207,21.201488],[-157.113438,21.197375],[-157.097971,21.198012],[-157.064264,21.189076],[-157.053053,21.188754],[-157.047757,21.190739],[-157.039987,21.190909],[-157.014553,21.185503],[-156.999108,21.182221],[-156.991318,21.18551],[-156.987768,21.18935],[-156.982343,21.207798],[-156.984464,21.210063],[-156.984032,21.212198],[-156.974002,21.218503],[-156.969064,21.217018],[-156.962847,21.212131],[-156.951654,21.191662],[-156.950808,21.182636],[-156.946159,21.175963],[-156.918248,21.168279],[-156.903466,21.16421]]],[[[-158.1127,21.3019],[-158.1211,21.3169],[-158.1225,21.3224],[-158.111949,21.326622],[-158.114196,21.331123],[-158.119427,21.334594],[-158.125459,21.330264],[-158.13324,21.359207],[-158.1403,21.3738],[-158.149719,21.385208],[-158.161743,21.396282],[-158.1792,21.4043],[-158.181274,21.409626],[-158.181,21.420868],[-158.182648,21.430073],[-158.192352,21.44804],[-158.205383,21.459793],[-158.219446,21.46978],[-158.233,21.4876],[-158.231171,21.523857],[-158.23175,21.533035],[-158.234314,21.540058],[-158.250671,21.557373],[-158.27951,21.575794],[-158.277679,21.578789],[-158.254425,21.582684],[-158.190704,21.585892],[-158.17,21.5823],[-158.12561,21.586739],[-158.10672,21.596577],[-158.106689,21.603024],[-158.1095,21.6057],[-158.108185,21.607487],[-158.079895,21.628101],[-158.0668,21.6437],[-158.066711,21.65234],[-158.0639,21.6584],[-158.0372,21.6843],[-158.018127,21.699955],[-157.9923,21.708],[-157.98703,21.712494],[-157.968628,21.712704],[-157.947174,21.689568],[-157.939,21.669],[-157.9301,21.6552],[-157.924591,21.651183],[-157.9228,21.6361],[-157.9238,21.6293],[-157.910797,21.611183],[-157.900574,21.605885],[-157.87735,21.575277],[-157.878601,21.560181],[-157.872528,21.557568],[-157.8669,21.5637],[-157.85614,21.560661],[-157.85257,21.557514],[-157.836945,21.529945],[-157.837372,21.512085],[-157.849579,21.509598],[-157.852625,21.499971],[-157.84549,21.466747],[-157.84099,21.459483],[-157.82489,21.455379],[-157.8163,21.4502],[-157.8139,21.4403],[-157.8059,21.4301],[-157.786513,21.415633],[-157.779846,21.417309],[-157.774455,21.421352],[-157.772209,21.431236],[-157.774905,21.453698],[-157.772209,21.457741],[-157.764572,21.461335],[-157.754239,21.461335],[-157.737617,21.459089],[-157.731777,21.455944],[-157.731328,21.444713],[-157.73582,21.438424],[-157.740762,21.424048],[-157.741211,21.414614],[-157.7386,21.4043],[-157.730191,21.401871],[-157.728221,21.402104],[-157.726421,21.402845],[-157.724324,21.403311],[-157.723794,21.40329],[-157.723286,21.403227],[-157.722735,21.403121],[-157.722544,21.403036],[-157.721845,21.401596],[-157.721083,21.399541],[-157.7189,21.3961],[-157.7089,21.3833],[-157.7087,21.3793],[-157.7126,21.3689],[-157.7106,21.3585],[-157.7088,21.3534],[-157.6971,21.3364],[-157.6938,21.3329],[-157.6619,21.3131],[-157.6518,21.3139],[-157.652629,21.308709],[-157.6537,21.302],[-157.6946,21.2739],[-157.6944,21.2665],[-157.7001,21.264],[-157.7097,21.2621],[-157.7139,21.2638],[-157.7142,21.2665],[-157.7114,21.272],[-157.7122,21.2814],[-157.7143,21.2845],[-157.7213,21.2869],[-157.7572,21.278],[-157.765,21.2789],[-157.7782,21.2735],[-157.7931,21.2604],[-157.8096,21.2577],[-157.8211,21.2606],[-157.8241,21.2646],[-157.8253,21.2714],[-157.8319,21.2795],[-157.8457,21.29],[-157.89,21.3065],[-157.894518,21.319632],[-157.898969,21.327391],[-157.90482,21.329172],[-157.918939,21.318615],[-157.917921,21.313781],[-157.913469,21.310983],[-157.910925,21.305768],[-157.952263,21.306531],[-157.950736,21.312509],[-157.951881,21.318742],[-157.967971,21.327986],[-157.973334,21.327426],[-157.989424,21.317984],[-158.0245,21.3093],[-158.044485,21.306011],[-158.0883,21.2988],[-158.1033,21.2979],[-158.1127,21.3019]]],[[[-160.542404,21.648081],[-160.549316,21.645353],[-160.554123,21.649546],[-160.555771,21.668287],[-160.551041,21.670101],[-160.54332,21.667128],[-160.542404,21.648081]]],[[[-160.072123,22.003334],[-160.058543,21.99638],[-160.051992,21.983681],[-160.052729,21.980321],[-160.056336,21.977939],[-160.060549,21.976729],[-160.063349,21.978354],[-160.065811,21.976562],[-160.078393,21.955153],[-160.085787,21.927295],[-160.080012,21.910808],[-160.079065,21.89608],[-160.098897,21.884711],[-160.124283,21.876789],[-160.147609,21.872814],[-160.16162,21.864746],[-160.174796,21.846923],[-160.189782,21.82245],[-160.205211,21.789053],[-160.200427,21.786479],[-160.205851,21.779518],[-160.218044,21.783755],[-160.23478,21.795418],[-160.24961,21.815145],[-160.244943,21.848943],[-160.231028,21.886263],[-160.228965,21.889117],[-160.21383,21.899193],[-160.205528,21.907507],[-160.202716,21.912422],[-160.190158,21.923592],[-160.167471,21.932863],[-160.13705,21.948632],[-160.127302,21.955508],[-160.125,21.95909],[-160.122262,21.962881],[-160.112746,21.995245],[-160.09645,22.001489],[-160.072123,22.003334]]],[[[-159.367563,22.214906],[-159.359842,22.214831],[-159.357227,22.217744],[-159.353795,22.217669],[-159.339964,22.208519],[-159.315613,22.186817],[-159.308855,22.155555],[-159.297808,22.149748],[-159.295875,22.144547],[-159.295271,22.13039],[-159.297143,22.113815],[-159.317451,22.080944],[-159.321667,22.063411],[-159.324775,22.05867],[-159.333267,22.054639],[-159.337996,22.046575],[-159.341401,22.028978],[-159.333224,21.973005],[-159.333109,21.964176],[-159.334714,21.961099],[-159.350828,21.950817],[-159.356613,21.939546],[-159.382349,21.924479],[-159.408284,21.897781],[-159.425862,21.884527],[-159.446599,21.871647],[-159.471962,21.88292],[-159.490914,21.888898],[-159.517973,21.890996],[-159.555415,21.891355],[-159.574991,21.896585],[-159.577784,21.900486],[-159.584272,21.899038],[-159.610241,21.898356],[-159.637849,21.917166],[-159.648132,21.93297],[-159.671872,21.957038],[-159.681493,21.960054],[-159.705255,21.963427],[-159.72014,21.970789],[-159.758218,21.980694],[-159.765735,21.986593],[-159.788139,22.018411],[-159.790932,22.031177],[-159.786543,22.06369],[-159.780096,22.072567],[-159.748159,22.100388],[-159.741223,22.115666],[-159.733457,22.142756],[-159.726043,22.152171],[-159.699978,22.165252],[-159.66984,22.170782],[-159.608794,22.207878],[-159.591596,22.219456],[-159.583965,22.22668],[-159.559643,22.229185],[-159.554166,22.228212],[-159.548594,22.226263],[-159.54115,22.216764],[-159.534594,22.219403],[-159.523769,22.217602],[-159.51941,22.215646],[-159.518348,22.211182],[-159.515574,22.208008],[-159.507811,22.205987],[-159.501055,22.211064],[-159.500821,22.225538],[-159.488558,22.23317],[-159.480158,22.232715],[-159.467007,22.226529],[-159.45619,22.228811],[-159.441809,22.226321],[-159.431707,22.220015],[-159.40732,22.230555],[-159.388119,22.223252],[-159.385977,22.220009],[-159.367563,22.214906]]]]},"properties":{"id":744,"name":"Honolulu, HI","latitude":21.306944,"tvperc":null,"dma":744,"cableperc":null,"adsperc":null,"longitude":-157.858333},"id":744}]}